2025-11-19 15:22:46,006 - read - INFO - Starting read() for type=csv, path=data/healthcare_dataset.csv
2025-11-19 15:22:46,006 - read - INFO - Reading CSV file from data/healthcare_dataset.csv
2025-11-19 15:22:46,315 - read - INFO - Successfully read CSV: 55500 rows x 15 columns
2025-11-19 15:22:46,315 - clean - INFO - Starting clean(): input df has 55500 rows x 15 columns
2025-11-19 15:22:46,332 - clean - INFO - Normalized column names. Before: ['Name', 'Age', 'Gender', 'Blood Type', 'Medical Condition', 'Date of Admission', 'Doctor', 'Hospital', 'Insurance Provider', 'Billing Amount', 'Room Number', 'Admission Type', 'Discharge Date', 'Medication', 'Test Results'] | After: ['name', 'age', 'gender', 'blood_type', 'medical_condition', 'date_of_admission', 'doctor', 'hospital', 'insurance_provider', 'billing_amount', 'room_number', 'admission_type', 'discharge_date', 'medication', 'test_results']
2025-11-19 15:22:46,341 - clean - INFO - Stripping whitespace from string columns: ['name', 'gender', 'blood_type', 'medical_condition', 'date_of_admission', 'doctor', 'hospital', 'insurance_provider', 'admission_type', 'discharge_date', 'medication', 'test_results']
2025-11-19 15:22:46,789 - clean - INFO - Standardized string columns where present.
2025-11-19 15:22:46,879 - clean - INFO - Column age converted to numeric successfully.
2025-11-19 15:22:47,030 - clean - INFO - Column billing_amount converted to numeric successfully.
2025-11-19 15:22:47,131 - clean - INFO - Column room_number converted to numeric successfully.
2025-11-19 15:22:47,131 - clean - INFO - Rounded billing_amount to 2 decimal places.
2025-11-19 15:22:47,163 - clean - INFO - Column date_of_admission parsed as datetime successfully.
2025-11-19 15:22:47,182 - clean - INFO - Column discharge_date parsed as datetime successfully.
2025-11-19 15:22:47,183 - clean - INFO - clean() completed. Output df has 55500 rows x 15 columns
2025-11-19 15:22:47,187 - transform - INFO - Starting transform(): input df has 55500 rows x 15 columns
2025-11-19 15:22:47,428 - transform - INFO - Built people_df: 54944 rows x 5 columns
2025-11-19 15:22:47,492 - transform - INFO - Built doctors_df (pre-hospital merge): 50000 rows x 3 columns
2025-11-19 15:22:47,509 - transform - INFO - Built hospitals_df: 39876 rows x 2 columns
2025-11-19 15:22:47,576 - transform - INFO - Updated doctors_df after hospital merge: 50000 rows x 4 columns
2025-11-19 15:22:47,586 - transform - INFO - Built conditions_df: 6 rows x 2 columns
2025-11-19 15:22:47,599 - transform - INFO - Built insurance_df: 5 rows x 2 columns
2025-11-19 15:22:47,628 - transform - INFO - Built test_results_df: 3 rows x 2 columns
2025-11-19 15:22:47,639 - transform - INFO - Built admission_types_df: 3 rows x 2 columns
2025-11-19 15:22:47,639 - transform - INFO - Merging people into base df...
2025-11-19 15:22:47,875 - transform - INFO - Merging doctors into base df...
2025-11-19 15:22:47,960 - transform - INFO - Merging conditions into base df...
2025-11-19 15:22:48,025 - transform - INFO - Merging insurance into base df...
2025-11-19 15:22:48,128 - transform - INFO - Merging test_results into base df...
2025-11-19 15:22:48,224 - transform - INFO - Merging admission_types into base df...
2025-11-19 15:22:48,370 - transform - INFO - Finished merges; df is now 55500 rows x 27 columns
2025-11-19 15:22:48,389 - transform - INFO - Built admissions_df: 55500 rows x 12 columns
2025-11-19 15:22:48,409 - transform - INFO - transform() completed successfully. Output tables: {'people': (54944, 5), 'doctors': (50000, 4), 'hospitals': (39876, 2), 'conditions': (6, 2), 'insurance': (5, 2), 'admission_types': (3, 2), 'test_results': (3, 2), 'admissions': (55500, 12)}
2025-11-19 15:22:48,435 - load - INFO - Starting load()
2025-11-19 15:22:48,436 - load - INFO - Row counts - people=54944, hospitals=39876, doctors=50000, conditions=6, insurance=5, test_results=3, admission_types=3, admissions=55500
2025-11-19 15:22:48,436 - load - INFO - Connecting to database...
2025-11-19 15:22:48,757 - load - INFO - Database connection established.
2025-11-19 15:22:48,757 - load - INFO - Creating tables if they do not exist...
2025-11-19 15:22:48,759 - load - INFO - Tables created/verified successfully.
2025-11-19 15:22:48,759 - load - INFO - Truncating tables and resetting identities...
2025-11-19 15:22:48,837 - load - INFO - Tables truncated.
2025-11-19 15:22:48,837 - load - INFO - Inserting into people...
2025-11-19 15:22:59,819 - load - INFO - Inserting into hospitals...
2025-11-19 15:23:10,692 - load - INFO - Inserting into doctors...
2025-11-19 15:23:23,679 - load - INFO - Inserting into conditions...
2025-11-19 15:23:23,685 - load - INFO - Inserting into insurance...
2025-11-19 15:23:23,688 - load - INFO - Inserting into test_results...
2025-11-19 15:23:23,692 - load - INFO - Inserting into admission_types...
2025-11-19 15:23:23,694 - load - INFO - Inserting into admission_data...
2025-11-19 15:23:41,367 - load - INFO - Load completed successfully.
2025-11-19 15:23:41,367 - load - INFO - Database connection closed. End of load().
2025-11-25 11:29:52,845 - read - INFO - Starting read() for type=csv, path=data/healthcare_dataset_dirty.csv
2025-11-25 11:29:52,846 - read - INFO - Reading CSV file from data/healthcare_dataset_dirty.csv
2025-11-25 11:29:53,300 - read - INFO - Successfully read CSV: 57165 rows x 15 columns
2025-11-25 11:29:53,300 - clean - INFO - Starting clean(): input df has 57165 rows x 15 columns
2025-11-25 11:29:53,315 - clean - INFO - Normalized column names. Before: ['Name', 'Age', 'Gender', 'Blood Type', 'Medical Condition', 'Date of Admission', 'Doctor', 'Hospital', 'Insurance Provider', 'Billing Amount', 'Room Number', 'Admission Type', 'Discharge Date', 'Medication', 'Test Results'] | After: ['name', 'age', 'gender', 'blood_type', 'medical_condition', 'date_of_admission', 'doctor', 'hospital', 'insurance_provider', 'billing_amount', 'room_number', 'admission_type', 'discharge_date', 'medication', 'test_results']
2025-11-25 11:29:53,339 - clean - INFO - Stripping whitespace from string columns: ['name', 'age', 'gender', 'blood_type', 'medical_condition', 'date_of_admission', 'doctor', 'hospital', 'insurance_provider', 'room_number', 'admission_type', 'discharge_date', 'medication', 'test_results']
2025-11-25 11:29:53,803 - clean - INFO - Standardized string columns where present.
2025-11-25 11:29:53,866 - clean - WARNING - Column age: 285 value(s) could not be converted to numeric and were set to NaN
2025-11-25 11:29:54,070 - clean - INFO - Column billing_amount converted to numeric successfully.
2025-11-25 11:29:54,123 - clean - WARNING - Column room_number: 394 value(s) could not be converted to numeric and were set to NaN
2025-11-25 11:29:54,124 - clean - INFO - Rounded billing_amount to 2 decimal places.
2025-11-25 11:29:54,150 - clean - WARNING - Column date_of_admission: 2858 value(s) could not be parsed as datetime and were set to NaT
2025-11-25 11:29:54,174 - clean - WARNING - Column discharge_date: 2858 value(s) could not be parsed as datetime and were set to NaT
2025-11-25 11:29:54,174 - clean - INFO - clean() completed. Output df has 57165 rows x 15 columns
2025-11-25 11:29:54,174 - transform - INFO - Starting transform(): input df has 57165 rows x 15 columns
2025-11-25 11:29:54,224 - transform - INFO - Built people_df: 55144 rows x 5 columns
2025-11-25 11:29:54,278 - transform - INFO - Built doctors_df (pre-hospital merge): 51460 rows x 3 columns
2025-11-25 11:29:54,292 - transform - INFO - Built hospitals_df: 39008 rows x 2 columns
2025-11-25 11:29:54,435 - transform - INFO - Updated doctors_df after hospital merge: 51460 rows x 4 columns
2025-11-25 11:29:54,445 - transform - INFO - Built conditions_df: 7 rows x 2 columns
2025-11-25 11:29:54,450 - transform - INFO - Built insurance_df: 7 rows x 2 columns
2025-11-25 11:29:54,456 - transform - INFO - Built test_results_df: 4 rows x 2 columns
2025-11-25 11:29:54,500 - transform - INFO - Built admission_types_df: 4 rows x 2 columns
2025-11-25 11:29:54,504 - transform - INFO - Merging people into base df...
2025-11-25 11:29:54,738 - transform - INFO - Merging doctors into base df...
2025-11-25 11:29:54,812 - transform - INFO - Merging conditions into base df...
2025-11-25 11:29:54,935 - transform - INFO - Merging insurance into base df...
2025-11-25 11:29:55,082 - transform - INFO - Merging test_results into base df...
2025-11-25 11:29:55,136 - transform - INFO - Merging admission_types into base df...
2025-11-25 11:29:55,249 - transform - INFO - Finished merges; df is now 57165 rows x 27 columns
2025-11-25 11:29:55,288 - transform - INFO - Built admissions_df: 57165 rows x 12 columns
2025-11-25 11:29:56,733 - transform - INFO - After reject split: 41576 valid admissions, 15589 rejected rows
2025-11-25 11:29:56,733 - transform - INFO - transform() completed successfully. Output tables: {'people': (55144, 5), 'doctors': (51460, 4), 'hospitals': (39008, 2), 'conditions': (7, 2), 'insurance': (7, 2), 'admission_types': (4, 2), 'test_results': (4, 2), 'admissions': (41576, 12), 'rejects': (15589, 13)}
2025-11-25 11:29:56,754 - load - INFO - Starting load()
2025-11-25 11:29:56,754 - load - INFO - Row counts - people=55144, hospitals=39008, doctors=51460, conditions=7, insurance=7, test_results=4, admission_types=4, admissions=41576, rejects=15589
2025-11-25 11:29:56,754 - load - INFO - Connecting to database...
2025-11-25 11:29:56,776 - load - ERROR - Error in load() while working with the database.
Traceback (most recent call last):
  File "/Users/mattmurno/Desktop/Revature training files/etl_proj/src/load.py", line 37, in load
    conn = psycopg2.connect(db_url)
           ^^^^^^^^^^^^^^^^^^^^^^^^
  File "/Users/mattmurno/Desktop/Revature training files/etl_proj/venv/lib/python3.11/site-packages/psycopg2/__init__.py", line 121, in connect
    dsn = _ext.make_dsn(dsn, **kwargs)
          ^^^^^^^^^^^^^^^^^^^^^^^^^^^^
  File "/Users/mattmurno/Desktop/Revature training files/etl_proj/venv/lib/python3.11/site-packages/psycopg2/extensions.py", line 145, in make_dsn
    parse_dsn(dsn)
psycopg2.ProgrammingError: invalid dsn: missing "=" after "${DB_URL}" in connection info string

2025-11-25 11:29:56,815 - load - INFO - Database connection closed. End of load().
2025-11-25 11:35:48,526 - read - INFO - Starting read() for type=csv, path=data/healthcare_dataset_dirty.csv
2025-11-25 11:35:48,526 - read - INFO - Reading CSV file from data/healthcare_dataset_dirty.csv
2025-11-25 11:35:48,815 - read - INFO - Successfully read CSV: 57165 rows x 15 columns
2025-11-25 11:35:48,815 - clean - INFO - Starting clean(): input df has 57165 rows x 15 columns
2025-11-25 11:35:48,830 - clean - INFO - Normalized column names. Before: ['Name', 'Age', 'Gender', 'Blood Type', 'Medical Condition', 'Date of Admission', 'Doctor', 'Hospital', 'Insurance Provider', 'Billing Amount', 'Room Number', 'Admission Type', 'Discharge Date', 'Medication', 'Test Results'] | After: ['name', 'age', 'gender', 'blood_type', 'medical_condition', 'date_of_admission', 'doctor', 'hospital', 'insurance_provider', 'billing_amount', 'room_number', 'admission_type', 'discharge_date', 'medication', 'test_results']
2025-11-25 11:35:48,838 - clean - INFO - Stripping whitespace from string columns: ['name', 'age', 'gender', 'blood_type', 'medical_condition', 'date_of_admission', 'doctor', 'hospital', 'insurance_provider', 'room_number', 'admission_type', 'discharge_date', 'medication', 'test_results']
2025-11-25 11:35:49,362 - clean - INFO - Standardized string columns where present.
2025-11-25 11:35:49,405 - clean - WARNING - Column age: 285 value(s) could not be converted to numeric and were set to NaN
2025-11-25 11:35:49,544 - clean - INFO - Column billing_amount converted to numeric successfully.
2025-11-25 11:35:49,604 - clean - WARNING - Column room_number: 394 value(s) could not be converted to numeric and were set to NaN
2025-11-25 11:35:49,607 - clean - INFO - Rounded billing_amount to 2 decimal places.
2025-11-25 11:35:49,672 - clean - WARNING - Column date_of_admission: 2858 value(s) could not be parsed as datetime and were set to NaT
2025-11-25 11:35:49,729 - clean - WARNING - Column discharge_date: 2858 value(s) could not be parsed as datetime and were set to NaT
2025-11-25 11:35:49,731 - clean - INFO - clean() completed. Output df has 57165 rows x 15 columns
2025-11-25 11:35:49,734 - transform - INFO - Starting transform(): input df has 57165 rows x 15 columns
2025-11-25 11:35:50,515 - transform - INFO - Built people_df: 55144 rows x 5 columns
2025-11-25 11:35:50,557 - transform - INFO - Built doctors_df (pre-hospital merge): 51460 rows x 3 columns
2025-11-25 11:35:50,563 - transform - INFO - Built hospitals_df: 39008 rows x 2 columns
2025-11-25 11:35:50,600 - transform - INFO - Updated doctors_df after hospital merge: 51460 rows x 4 columns
2025-11-25 11:35:50,610 - transform - INFO - Built conditions_df: 7 rows x 2 columns
2025-11-25 11:35:50,615 - transform - INFO - Built insurance_df: 7 rows x 2 columns
2025-11-25 11:35:50,631 - transform - INFO - Built test_results_df: 4 rows x 2 columns
2025-11-25 11:35:50,675 - transform - INFO - Built admission_types_df: 4 rows x 2 columns
2025-11-25 11:35:50,729 - transform - INFO - Merging people into base df...
2025-11-25 11:35:50,853 - transform - INFO - Merging doctors into base df...
2025-11-25 11:35:50,977 - transform - INFO - Merging conditions into base df...
2025-11-25 11:35:51,198 - transform - INFO - Merging insurance into base df...
2025-11-25 11:35:51,285 - transform - INFO - Merging test_results into base df...
2025-11-25 11:35:51,383 - transform - INFO - Merging admission_types into base df...
2025-11-25 11:35:51,503 - transform - INFO - Finished merges; df is now 57165 rows x 27 columns
2025-11-25 11:35:51,546 - transform - INFO - Built admissions_df: 57165 rows x 12 columns
2025-11-25 11:35:53,586 - transform - INFO - After reject split: 41576 valid admissions, 15589 rejected rows
2025-11-25 11:35:53,587 - transform - INFO - transform() completed successfully. Output tables: {'people': (55144, 5), 'doctors': (51460, 4), 'hospitals': (39008, 2), 'conditions': (7, 2), 'insurance': (7, 2), 'admission_types': (4, 2), 'test_results': (4, 2), 'admissions': (41576, 12), 'rejects': (15589, 13)}
2025-11-25 11:35:53,592 - load - INFO - Starting load()
2025-11-25 11:35:53,592 - load - INFO - Row counts - people=55144, hospitals=39008, doctors=51460, conditions=7, insurance=7, test_results=4, admission_types=4, admissions=41576, rejects=15589
2025-11-25 11:35:53,592 - load - INFO - Connecting to database...
2025-11-25 11:35:53,829 - load - INFO - Database connection established.
2025-11-25 11:35:53,829 - load - INFO - Creating tables if they do not exist...
2025-11-25 11:35:54,187 - load - INFO - Tables created/verified successfully.
2025-11-25 11:35:54,188 - load - INFO - Truncating tables and resetting identities...
2025-11-25 11:35:54,595 - load - INFO - Tables truncated.
2025-11-25 11:35:54,596 - load - INFO - Inserting into people...
2025-11-25 11:35:54,643 - load - ERROR - Error in load() while working with the database.
Traceback (most recent call last):
  File "/Users/mattmurno/Desktop/Revature training files/etl_proj/src/load.py", line 153, in load
    cur.execute(
psycopg2.errors.NumericValueOutOfRange: integer out of range

2025-11-25 11:35:54,645 - load - INFO - Transaction rolled back due to error.
2025-11-25 11:35:54,645 - load - INFO - Database connection closed. End of load().
2025-11-25 11:47:47,946 - read - INFO - Starting read() for type=csv, path=data/healthcare_dataset_dirty.csv
2025-11-25 11:47:47,946 - read - INFO - Reading CSV file from data/healthcare_dataset_dirty.csv
2025-11-25 11:47:48,233 - read - INFO - Successfully read CSV: 57165 rows x 15 columns
2025-11-25 11:47:48,233 - clean - INFO - Starting clean(): input df has 57165 rows x 15 columns
2025-11-25 11:47:48,251 - clean - INFO - Normalized column names. Before: ['Name', 'Age', 'Gender', 'Blood Type', 'Medical Condition', 'Date of Admission', 'Doctor', 'Hospital', 'Insurance Provider', 'Billing Amount', 'Room Number', 'Admission Type', 'Discharge Date', 'Medication', 'Test Results'] | After: ['name', 'age', 'gender', 'blood_type', 'medical_condition', 'date_of_admission', 'doctor', 'hospital', 'insurance_provider', 'billing_amount', 'room_number', 'admission_type', 'discharge_date', 'medication', 'test_results']
2025-11-25 11:47:48,265 - clean - INFO - Stripping whitespace from string columns: ['name', 'age', 'gender', 'blood_type', 'medical_condition', 'date_of_admission', 'doctor', 'hospital', 'insurance_provider', 'room_number', 'admission_type', 'discharge_date', 'medication', 'test_results']
2025-11-25 11:47:48,840 - clean - INFO - Standardized string columns where present.
2025-11-25 11:47:48,905 - clean - INFO - Age range before validation: min=0.0, max=150.0
2025-11-25 11:47:48,907 - clean - WARNING - Age: 144 value(s) outside valid range; setting to NA
2025-11-25 11:47:48,913 - clean - ERROR - clean() failed.
Traceback (most recent call last):
  File "/Users/mattmurno/Desktop/Revature training files/etl_proj/src/clean.py", line 96, in clean
    (df["room_number"] < 0) | (df["room_number"] > 100000)
     ^^^^^^^^^^^^^^^^^^^^^
  File "/Users/mattmurno/Desktop/Revature training files/etl_proj/venv/lib/python3.11/site-packages/pandas/core/ops/common.py", line 76, in new_method
    return method(self, other)
           ^^^^^^^^^^^^^^^^^^^
  File "/Users/mattmurno/Desktop/Revature training files/etl_proj/venv/lib/python3.11/site-packages/pandas/core/arraylike.py", line 48, in __lt__
    return self._cmp_method(other, operator.lt)
           ^^^^^^^^^^^^^^^^^^^^^^^^^^^^^^^^^^^^
  File "/Users/mattmurno/Desktop/Revature training files/etl_proj/venv/lib/python3.11/site-packages/pandas/core/series.py", line 6138, in _cmp_method
    res_values = ops.comparison_op(lvalues, rvalues, op)
                 ^^^^^^^^^^^^^^^^^^^^^^^^^^^^^^^^^^^^^^^
  File "/Users/mattmurno/Desktop/Revature training files/etl_proj/venv/lib/python3.11/site-packages/pandas/core/ops/array_ops.py", line 344, in comparison_op
    res_values = comp_method_OBJECT_ARRAY(op, lvalues, rvalues)
                 ^^^^^^^^^^^^^^^^^^^^^^^^^^^^^^^^^^^^^^^^^^^^^^
  File "/Users/mattmurno/Desktop/Revature training files/etl_proj/venv/lib/python3.11/site-packages/pandas/core/ops/array_ops.py", line 129, in comp_method_OBJECT_ARRAY
    result = libops.scalar_compare(x.ravel(), y, op)
             ^^^^^^^^^^^^^^^^^^^^^^^^^^^^^^^^^^^^^^^
  File "pandas/_libs/ops.pyx", line 107, in pandas._libs.ops.scalar_compare
TypeError: '<' not supported between instances of 'str' and 'int'
2025-11-25 11:50:09,054 - read - INFO - Starting read() for type=csv, path=data/healthcare_dataset_dirty.csv
2025-11-25 11:50:09,058 - read - INFO - Reading CSV file from data/healthcare_dataset_dirty.csv
2025-11-25 11:50:09,404 - read - INFO - Successfully read CSV: 57165 rows x 15 columns
2025-11-25 11:50:09,404 - clean - INFO - Starting clean(): input df has 57165 rows x 15 columns
2025-11-25 11:50:09,418 - clean - INFO - Normalized column names. Before: ['Name', 'Age', 'Gender', 'Blood Type', 'Medical Condition', 'Date of Admission', 'Doctor', 'Hospital', 'Insurance Provider', 'Billing Amount', 'Room Number', 'Admission Type', 'Discharge Date', 'Medication', 'Test Results'] | After: ['name', 'age', 'gender', 'blood_type', 'medical_condition', 'date_of_admission', 'doctor', 'hospital', 'insurance_provider', 'billing_amount', 'room_number', 'admission_type', 'discharge_date', 'medication', 'test_results']
2025-11-25 11:50:09,432 - clean - INFO - Stripping whitespace from string columns: ['name', 'age', 'gender', 'blood_type', 'medical_condition', 'date_of_admission', 'doctor', 'hospital', 'insurance_provider', 'room_number', 'admission_type', 'discharge_date', 'medication', 'test_results']
2025-11-25 11:50:09,936 - clean - INFO - Standardized string columns where present.
2025-11-25 11:50:09,974 - clean - INFO - Age range before validation: min=0.0, max=150.0
2025-11-25 11:50:09,978 - clean - WARNING - Age: 144 value(s) outside valid range; setting to NA
2025-11-25 11:50:09,979 - clean - WARNING - Column age: 285 value(s) could not be converted to numeric and were set to NaN
2025-11-25 11:50:10,088 - clean - INFO - Age range before validation: min=0.0, max=89.0
2025-11-25 11:50:10,089 - clean - INFO - Column billing_amount converted to numeric successfully.
2025-11-25 11:50:10,127 - clean - INFO - Age range before validation: min=0.0, max=89.0
2025-11-25 11:50:10,128 - clean - WARNING - Column room_number: 394 value(s) could not be converted to numeric and were set to NaN
2025-11-25 11:50:10,128 - clean - INFO - Rounded billing_amount to 2 decimal places.
2025-11-25 11:50:10,166 - clean - WARNING - Column date_of_admission: 2858 value(s) could not be parsed as datetime and were set to NaT
2025-11-25 11:50:10,181 - clean - WARNING - Column discharge_date: 2858 value(s) could not be parsed as datetime and were set to NaT
2025-11-25 11:50:10,181 - clean - INFO - clean() completed. Output df has 57165 rows x 15 columns
2025-11-25 11:50:10,181 - transform - INFO - Starting transform(): input df has 57165 rows x 15 columns
2025-11-25 11:50:10,375 - transform - INFO - Built people_df: 55143 rows x 5 columns
2025-11-25 11:50:10,421 - transform - INFO - Built doctors_df (pre-hospital merge): 51460 rows x 3 columns
2025-11-25 11:50:10,429 - transform - INFO - Built hospitals_df: 39008 rows x 2 columns
2025-11-25 11:50:10,476 - transform - INFO - Updated doctors_df after hospital merge: 51460 rows x 4 columns
2025-11-25 11:50:10,487 - transform - INFO - Built conditions_df: 7 rows x 2 columns
2025-11-25 11:50:10,497 - transform - INFO - Built insurance_df: 7 rows x 2 columns
2025-11-25 11:50:10,510 - transform - INFO - Built test_results_df: 4 rows x 2 columns
2025-11-25 11:50:10,528 - transform - INFO - Built admission_types_df: 4 rows x 2 columns
2025-11-25 11:50:10,530 - transform - INFO - Merging people into base df...
2025-11-25 11:50:10,664 - transform - INFO - Merging doctors into base df...
2025-11-25 11:50:10,962 - transform - INFO - Merging conditions into base df...
2025-11-25 11:50:11,079 - transform - INFO - Merging insurance into base df...
2025-11-25 11:50:11,143 - transform - INFO - Merging test_results into base df...
2025-11-25 11:50:11,230 - transform - INFO - Merging admission_types into base df...
2025-11-25 11:50:11,321 - transform - INFO - Finished merges; df is now 57165 rows x 27 columns
2025-11-25 11:50:11,338 - transform - INFO - Built admissions_df: 57165 rows x 12 columns
2025-11-25 11:50:12,765 - transform - INFO - After reject split: 41576 valid admissions, 15589 rejected rows
2025-11-25 11:50:12,765 - transform - INFO - transform() completed successfully. Output tables: {'people': (55143, 5), 'doctors': (51460, 4), 'hospitals': (39008, 2), 'conditions': (7, 2), 'insurance': (7, 2), 'admission_types': (4, 2), 'test_results': (4, 2), 'admissions': (41576, 12), 'rejects': (15589, 13)}
2025-11-25 11:50:12,771 - load - INFO - Starting load()
2025-11-25 11:50:12,771 - load - INFO - Row counts - people=55143, hospitals=39008, doctors=51460, conditions=7, insurance=7, test_results=4, admission_types=4, admissions=41576, rejects=15589
2025-11-25 11:50:12,771 - load - INFO - Connecting to database...
2025-11-25 11:50:12,989 - load - INFO - Database connection established.
2025-11-25 11:50:12,989 - load - INFO - Creating tables if they do not exist...
2025-11-25 11:50:13,000 - load - INFO - Tables created/verified successfully.
2025-11-25 11:50:13,000 - load - INFO - Truncating tables and resetting identities...
2025-11-25 11:50:13,122 - load - INFO - Tables truncated.
2025-11-25 11:50:13,122 - load - INFO - Inserting into people...
2025-11-25 11:50:13,157 - load - ERROR - Error in load() while working with the database.
Traceback (most recent call last):
  File "/Users/mattmurno/Desktop/Revature training files/etl_proj/src/load.py", line 153, in load
    cur.execute(
psycopg2.errors.NumericValueOutOfRange: integer out of range

2025-11-25 11:50:13,167 - load - INFO - Transaction rolled back due to error.
2025-11-25 11:50:13,167 - load - INFO - Database connection closed. End of load().
2025-11-25 11:54:27,593 - read - INFO - Starting read() for type=csv, path=data/healthcare_dataset_dirty.csv
2025-11-25 11:54:27,594 - read - INFO - Reading CSV file from data/healthcare_dataset_dirty.csv
2025-11-25 11:54:28,196 - read - INFO - Successfully read CSV: 57165 rows x 15 columns
2025-11-25 11:54:28,197 - clean - INFO - Starting clean(): input df has 57165 rows x 15 columns
2025-11-25 11:54:28,211 - clean - INFO - Normalized column names. Before: ['Name', 'Age', 'Gender', 'Blood Type', 'Medical Condition', 'Date of Admission', 'Doctor', 'Hospital', 'Insurance Provider', 'Billing Amount', 'Room Number', 'Admission Type', 'Discharge Date', 'Medication', 'Test Results'] | After: ['name', 'age', 'gender', 'blood_type', 'medical_condition', 'date_of_admission', 'doctor', 'hospital', 'insurance_provider', 'billing_amount', 'room_number', 'admission_type', 'discharge_date', 'medication', 'test_results']
2025-11-25 11:54:28,229 - clean - INFO - Stripping whitespace from string columns: ['name', 'age', 'gender', 'blood_type', 'medical_condition', 'date_of_admission', 'doctor', 'hospital', 'insurance_provider', 'room_number', 'admission_type', 'discharge_date', 'medication', 'test_results']
2025-11-25 11:54:28,780 - clean - INFO - Standardized string columns where present.
2025-11-25 11:54:28,819 - clean - WARNING - Column age: 285 value(s) could not be converted to numeric and were set to NaN
2025-11-25 11:54:28,922 - clean - INFO - Column billing_amount converted to numeric successfully.
2025-11-25 11:54:28,976 - clean - WARNING - Column room_number: 394 value(s) could not be converted to numeric and were set to NaN
2025-11-25 11:54:28,979 - clean - INFO - Age range before validation: min=0.0, max=150.0
2025-11-25 11:54:28,981 - clean - WARNING - Age: 144 value(s) outside valid range (0–120); setting to NA
2025-11-25 11:54:28,982 - clean - INFO - Room_number range before validation: min=101.0, max=500.0
2025-11-25 11:54:29,005 - clean - INFO - Rounded billing_amount to 2 decimal places.
2025-11-25 11:54:29,182 - clean - WARNING - Column date_of_admission: 2858 value(s) could not be parsed as datetime and were set to NaT
2025-11-25 11:54:29,197 - clean - WARNING - Column discharge_date: 2858 value(s) could not be parsed as datetime and were set to NaT
2025-11-25 11:54:29,197 - clean - INFO - clean() completed. Output df has 57165 rows x 15 columns
2025-11-25 11:54:29,198 - transform - INFO - Starting transform(): input df has 57165 rows x 15 columns
2025-11-25 11:54:29,256 - transform - INFO - Built people_df: 55143 rows x 5 columns
2025-11-25 11:54:29,299 - transform - INFO - Built doctors_df (pre-hospital merge): 51460 rows x 3 columns
2025-11-25 11:54:29,308 - transform - INFO - Built hospitals_df: 39008 rows x 2 columns
2025-11-25 11:54:29,336 - transform - INFO - Updated doctors_df after hospital merge: 51460 rows x 4 columns
2025-11-25 11:54:29,349 - transform - INFO - Built conditions_df: 7 rows x 2 columns
2025-11-25 11:54:29,355 - transform - INFO - Built insurance_df: 7 rows x 2 columns
2025-11-25 11:54:29,365 - transform - INFO - Built test_results_df: 4 rows x 2 columns
2025-11-25 11:54:29,412 - transform - INFO - Built admission_types_df: 4 rows x 2 columns
2025-11-25 11:54:29,412 - transform - INFO - Merging people into base df...
2025-11-25 11:54:29,498 - transform - INFO - Merging doctors into base df...
2025-11-25 11:54:29,568 - transform - INFO - Merging conditions into base df...
2025-11-25 11:54:29,621 - transform - INFO - Merging insurance into base df...
2025-11-25 11:54:29,672 - transform - INFO - Merging test_results into base df...
2025-11-25 11:54:29,723 - transform - INFO - Merging admission_types into base df...
2025-11-25 11:54:29,789 - transform - INFO - Finished merges; df is now 57165 rows x 27 columns
2025-11-25 11:54:29,801 - transform - INFO - Built admissions_df: 57165 rows x 12 columns
2025-11-25 11:54:31,338 - transform - INFO - After reject split: 41576 valid admissions, 15589 rejected rows
2025-11-25 11:54:31,338 - transform - INFO - transform() completed successfully. Output tables: {'people': (55143, 5), 'doctors': (51460, 4), 'hospitals': (39008, 2), 'conditions': (7, 2), 'insurance': (7, 2), 'admission_types': (4, 2), 'test_results': (4, 2), 'admissions': (41576, 12), 'rejects': (15589, 13)}
2025-11-25 11:54:31,345 - load - INFO - Starting load()
2025-11-25 11:54:31,345 - load - INFO - Row counts - people=55143, hospitals=39008, doctors=51460, conditions=7, insurance=7, test_results=4, admission_types=4, admissions=41576, rejects=15589
2025-11-25 11:54:31,345 - load - INFO - Connecting to database...
2025-11-25 11:54:31,578 - load - INFO - Database connection established.
2025-11-25 11:54:31,578 - load - INFO - Creating tables if they do not exist...
2025-11-25 11:54:31,608 - load - INFO - Tables created/verified successfully.
2025-11-25 11:54:31,608 - load - INFO - Truncating tables and resetting identities...
2025-11-25 11:54:31,688 - load - INFO - Tables truncated.
2025-11-25 11:54:31,688 - load - INFO - Inserting into people...
2025-11-25 11:54:31,726 - load - ERROR - Error in load() while working with the database.
Traceback (most recent call last):
  File "/Users/mattmurno/Desktop/Revature training files/etl_proj/src/load.py", line 153, in load
    cur.execute(
psycopg2.errors.NumericValueOutOfRange: integer out of range

2025-11-25 11:54:31,729 - load - INFO - Transaction rolled back due to error.
2025-11-25 11:54:31,730 - load - INFO - Database connection closed. End of load().
2025-11-25 12:00:55,370 - read - INFO - Starting read() for type=csv, path=data/healthcare_dataset_dirty.csv
2025-11-25 12:00:55,370 - read - INFO - Reading CSV file from data/healthcare_dataset_dirty.csv
2025-11-25 12:00:55,641 - read - INFO - Successfully read CSV: 57165 rows x 15 columns
2025-11-25 12:00:55,641 - clean - INFO - Starting clean(): input df has 57165 rows x 15 columns
2025-11-25 12:00:55,664 - clean - INFO - Normalized column names. Before: ['Name', 'Age', 'Gender', 'Blood Type', 'Medical Condition', 'Date of Admission', 'Doctor', 'Hospital', 'Insurance Provider', 'Billing Amount', 'Room Number', 'Admission Type', 'Discharge Date', 'Medication', 'Test Results'] | After: ['name', 'age', 'gender', 'blood_type', 'medical_condition', 'date_of_admission', 'doctor', 'hospital', 'insurance_provider', 'billing_amount', 'room_number', 'admission_type', 'discharge_date', 'medication', 'test_results']
2025-11-25 12:00:55,692 - clean - INFO - Stripping whitespace from string columns: ['name', 'age', 'gender', 'blood_type', 'medical_condition', 'date_of_admission', 'doctor', 'hospital', 'insurance_provider', 'room_number', 'admission_type', 'discharge_date', 'medication', 'test_results']
2025-11-25 12:00:56,260 - clean - INFO - Standardized string columns where present.
2025-11-25 12:00:56,298 - clean - WARNING - Column age: 285 value(s) could not be converted to numeric and were set to NaN
2025-11-25 12:00:56,404 - clean - INFO - Column billing_amount converted to numeric successfully.
2025-11-25 12:00:56,456 - clean - WARNING - Column room_number: 394 value(s) could not be converted to numeric and were set to NaN
2025-11-25 12:00:56,457 - clean - INFO - Age range before validation: min=0.0, max=150.0
2025-11-25 12:00:56,459 - clean - WARNING - Age: 144 value(s) outside valid range (0–120); setting to NA
2025-11-25 12:00:56,469 - clean - INFO - Room_number range before validation: min=101.0, max=500.0
2025-11-25 12:00:56,472 - clean - INFO - Rounded billing_amount to 2 decimal places.
2025-11-25 12:00:56,541 - clean - WARNING - Column date_of_admission: 2858 value(s) could not be parsed as datetime and were set to NaT
2025-11-25 12:00:56,568 - clean - WARNING - Column discharge_date: 2858 value(s) could not be parsed as datetime and were set to NaT
2025-11-25 12:00:56,569 - clean - INFO - clean() completed. Output df has 57165 rows x 15 columns
2025-11-25 12:00:56,570 - transform - INFO - Starting transform(): input df has 57165 rows x 15 columns
2025-11-25 12:00:56,730 - transform - INFO - Built people_df: 55143 rows x 5 columns
2025-11-25 12:00:56,874 - transform - INFO - Built doctors_df (pre-hospital merge): 51460 rows x 3 columns
2025-11-25 12:00:56,900 - transform - INFO - Built hospitals_df: 39008 rows x 2 columns
2025-11-25 12:00:56,935 - transform - INFO - Updated doctors_df after hospital merge: 51460 rows x 4 columns
2025-11-25 12:00:56,949 - transform - INFO - Built conditions_df: 7 rows x 2 columns
2025-11-25 12:00:56,976 - transform - INFO - Built insurance_df: 7 rows x 2 columns
2025-11-25 12:00:56,985 - transform - INFO - Built test_results_df: 4 rows x 2 columns
2025-11-25 12:00:57,003 - transform - INFO - Built admission_types_df: 4 rows x 2 columns
2025-11-25 12:00:57,004 - transform - INFO - Merging people into base df...
2025-11-25 12:00:57,142 - transform - INFO - Merging doctors into base df...
2025-11-25 12:00:57,202 - transform - INFO - Merging conditions into base df...
2025-11-25 12:00:57,251 - transform - INFO - Merging insurance into base df...
2025-11-25 12:00:57,308 - transform - INFO - Merging test_results into base df...
2025-11-25 12:00:57,400 - transform - INFO - Merging admission_types into base df...
2025-11-25 12:00:57,474 - transform - INFO - Finished merges; df is now 57165 rows x 27 columns
2025-11-25 12:00:57,485 - transform - INFO - Built admissions_df: 57165 rows x 12 columns
2025-11-25 12:00:58,900 - transform - INFO - After reject split: 41576 valid admissions, 15589 rejected rows
2025-11-25 12:00:58,900 - transform - INFO - transform() completed successfully. Output tables: {'people': (55143, 5), 'doctors': (51460, 4), 'hospitals': (39008, 2), 'conditions': (7, 2), 'insurance': (7, 2), 'admission_types': (4, 2), 'test_results': (4, 2), 'admissions': (41576, 12), 'rejects': (15589, 13)}
2025-11-25 12:00:58,906 - load - INFO - Starting load()
2025-11-25 12:00:58,906 - load - INFO - Row counts - people=55143, hospitals=39008, doctors=51460, conditions=7, insurance=7, test_results=4, admission_types=4, admissions=41576, rejects=15589
2025-11-25 12:00:58,906 - load - INFO - Connecting to database...
2025-11-25 12:00:59,009 - load - INFO - Database connection established.
2025-11-25 12:00:59,009 - load - INFO - Creating tables if they do not exist...
2025-11-25 12:00:59,012 - load - INFO - Tables created/verified successfully.
2025-11-25 12:00:59,013 - load - INFO - Truncating tables and resetting identities...
2025-11-25 12:00:59,106 - load - INFO - Tables truncated.
2025-11-25 12:00:59,106 - load - INFO - Inserting into people...
2025-11-25 12:01:07,157 - load - INFO - Inserting into hospitals...
2025-11-25 12:01:11,856 - load - INFO - Inserting into doctors...
2025-11-25 12:01:33,942 - load - INFO - Inserting into conditions...
2025-11-25 12:01:34,016 - load - INFO - Inserting into insurance...
2025-11-25 12:01:34,039 - load - INFO - Inserting into test_results...
2025-11-25 12:01:34,090 - load - ERROR - Error in load() while working with the database.
Traceback (most recent call last):
  File "/Users/mattmurno/Desktop/Revature training files/etl_proj/src/load.py", line 224, in load
    cur.execute(
psycopg2.errors.CheckViolation: new row for relation "test_results" violates check constraint "test_results_result_label_check"
DETAIL:  Failing row contains (1, NaN).

2025-11-25 12:01:34,138 - load - INFO - Transaction rolled back due to error.
2025-11-25 12:01:34,139 - load - INFO - Database connection closed. End of load().
2025-11-25 12:21:36,354 - read - INFO - Starting read() for type=csv, path=data/healthcare_dataset_dirty.csv
2025-11-25 12:21:36,354 - read - INFO - Reading CSV file from data/healthcare_dataset_dirty.csv
2025-11-25 12:21:36,627 - read - INFO - Successfully read CSV: 57165 rows x 15 columns
2025-11-25 12:21:36,627 - clean - INFO - Starting clean(): input df has 57165 rows x 15 columns
2025-11-25 12:21:36,642 - clean - INFO - Normalized column names. Before: ['Name', 'Age', 'Gender', 'Blood Type', 'Medical Condition', 'Date of Admission', 'Doctor', 'Hospital', 'Insurance Provider', 'Billing Amount', 'Room Number', 'Admission Type', 'Discharge Date', 'Medication', 'Test Results'] | After: ['name', 'age', 'gender', 'blood_type', 'medical_condition', 'date_of_admission', 'doctor', 'hospital', 'insurance_provider', 'billing_amount', 'room_number', 'admission_type', 'discharge_date', 'medication', 'test_results']
2025-11-25 12:21:36,652 - clean - INFO - Stripping whitespace from string columns: ['name', 'age', 'gender', 'blood_type', 'medical_condition', 'date_of_admission', 'doctor', 'hospital', 'insurance_provider', 'room_number', 'admission_type', 'discharge_date', 'medication', 'test_results']
2025-11-25 12:21:37,214 - clean - INFO - Standardized string columns where present.
2025-11-25 12:21:37,244 - clean - WARNING - Column age: 285 value(s) could not be converted to numeric and were set to NaN
2025-11-25 12:21:37,509 - clean - INFO - Column billing_amount converted to numeric successfully.
2025-11-25 12:21:37,540 - clean - WARNING - Column room_number: 394 value(s) could not be converted to numeric and were set to NaN
2025-11-25 12:21:37,541 - clean - INFO - Age range before validation: min=0.0, max=150.0
2025-11-25 12:21:37,542 - clean - WARNING - Age: 144 value(s) outside valid range (0–120); setting to NA
2025-11-25 12:21:37,543 - clean - INFO - Room_number range before validation: min=101.0, max=500.0
2025-11-25 12:21:37,544 - clean - INFO - Rounded billing_amount to 2 decimal places.
2025-11-25 12:21:37,565 - clean - WARNING - Column date_of_admission: 2858 value(s) could not be parsed as datetime and were set to NaT
2025-11-25 12:21:37,586 - clean - WARNING - Column discharge_date: 2858 value(s) could not be parsed as datetime and were set to NaT
2025-11-25 12:21:37,586 - clean - INFO - clean() completed. Output df has 57165 rows x 15 columns
2025-11-25 12:21:37,586 - transform - INFO - Starting transform(): input df has 57165 rows x 15 columns
2025-11-25 12:21:37,631 - transform - INFO - Built people_df: 55143 rows x 5 columns
2025-11-25 12:21:37,683 - transform - INFO - Built doctors_df (pre-hospital merge): 51460 rows x 3 columns
2025-11-25 12:21:37,698 - transform - INFO - Built hospitals_df: 39008 rows x 2 columns
2025-11-25 12:21:37,734 - transform - INFO - Updated doctors_df after hospital merge: 51460 rows x 4 columns
2025-11-25 12:21:37,749 - transform - INFO - Built conditions_df: 7 rows x 2 columns
2025-11-25 12:21:37,759 - transform - INFO - Built insurance_df: 7 rows x 2 columns
2025-11-25 12:21:37,768 - transform - WARNING - test_results_df: 2839 invalid or null result_label value(s) dropped before dimension build
2025-11-25 12:21:37,787 - transform - INFO - Built test_results_df: 3 rows x 2 columns
2025-11-25 12:21:37,800 - transform - INFO - Built admission_types_df: 4 rows x 2 columns
2025-11-25 12:21:37,802 - transform - INFO - Merging people into base df...
2025-11-25 12:21:38,018 - transform - INFO - Merging doctors into base df...
2025-11-25 12:21:38,093 - transform - INFO - Merging conditions into base df...
2025-11-25 12:21:38,166 - transform - INFO - Merging insurance into base df...
2025-11-25 12:21:38,248 - transform - INFO - Merging test_results into base df...
2025-11-25 12:21:38,315 - transform - INFO - Merging admission_types into base df...
2025-11-25 12:21:38,392 - transform - INFO - Finished merges; df is now 57165 rows x 27 columns
2025-11-25 12:21:38,401 - transform - INFO - Built admissions_df: 57165 rows x 12 columns
2025-11-25 12:21:40,005 - transform - INFO - After reject split: 39539 valid admissions, 17626 rejected rows
2025-11-25 12:21:40,005 - transform - INFO - transform() completed successfully. Output tables: {'people': (55143, 5), 'doctors': (51460, 4), 'hospitals': (39008, 2), 'conditions': (7, 2), 'insurance': (7, 2), 'admission_types': (4, 2), 'test_results': (3, 2), 'admissions': (39539, 12), 'rejects': (17626, 13)}
2025-11-25 12:21:40,014 - load - INFO - Starting load()
2025-11-25 12:21:40,014 - load - INFO - Row counts - people=55143, hospitals=39008, doctors=51460, conditions=7, insurance=7, test_results=3, admission_types=4, admissions=39539, rejects=17626
2025-11-25 12:21:40,014 - load - INFO - Connecting to database...
2025-11-25 12:21:40,156 - load - INFO - Database connection established.
2025-11-25 12:21:40,156 - load - INFO - Creating tables if they do not exist...
2025-11-25 12:21:40,250 - load - INFO - Tables created/verified successfully.
2025-11-25 12:21:40,250 - load - INFO - Truncating tables and resetting identities...
2025-11-25 12:21:40,504 - load - INFO - Tables truncated.
2025-11-25 12:21:40,504 - load - INFO - Inserting into people...
2025-11-25 12:21:48,082 - load - INFO - Inserting into hospitals...
2025-11-25 12:21:52,433 - load - INFO - Inserting into doctors...
2025-11-25 12:22:00,719 - load - INFO - Inserting into conditions...
2025-11-25 12:22:00,724 - load - INFO - Inserting into insurance...
2025-11-25 12:22:00,727 - load - INFO - Inserting into test_results...
2025-11-25 12:22:00,748 - load - INFO - Inserting into admission_types...
2025-11-25 12:22:00,762 - load - INFO - Inserting into admission_data...
2025-11-25 12:22:13,073 - load - INFO - Inserting into rejects...
2025-11-25 12:22:13,104 - load - ERROR - Error in load() while working with the database.
Traceback (most recent call last):
  File "/Users/mattmurno/Desktop/Revature training files/etl_proj/src/load.py", line 280, in load
    cur.execute(
psycopg2.errors.NumericValueOutOfRange: integer out of range

2025-11-25 12:22:13,129 - load - INFO - Transaction rolled back due to error.
2025-11-25 12:22:13,129 - load - INFO - Database connection closed. End of load().
2025-11-25 13:01:39,602 - read - INFO - Starting read() for type=csv, path=data/healthcare_dataset_dirty.csv
2025-11-25 13:01:39,602 - read - INFO - Reading CSV file from data/healthcare_dataset_dirty.csv
2025-11-25 13:01:39,957 - read - INFO - Successfully read CSV: 57165 rows x 15 columns
2025-11-25 13:01:39,957 - clean - INFO - Starting clean(): input df has 57165 rows x 15 columns
2025-11-25 13:01:39,976 - clean - INFO - Normalized column names. Before: ['Name', 'Age', 'Gender', 'Blood Type', 'Medical Condition', 'Date of Admission', 'Doctor', 'Hospital', 'Insurance Provider', 'Billing Amount', 'Room Number', 'Admission Type', 'Discharge Date', 'Medication', 'Test Results'] | After: ['name', 'age', 'gender', 'blood_type', 'medical_condition', 'date_of_admission', 'doctor', 'hospital', 'insurance_provider', 'billing_amount', 'room_number', 'admission_type', 'discharge_date', 'medication', 'test_results']
2025-11-25 13:01:40,013 - clean - INFO - Stripping whitespace from string columns: ['name', 'age', 'gender', 'blood_type', 'medical_condition', 'date_of_admission', 'doctor', 'hospital', 'insurance_provider', 'room_number', 'admission_type', 'discharge_date', 'medication', 'test_results']
2025-11-25 13:01:41,454 - clean - INFO - Standardized string columns where present.
2025-11-25 13:01:41,514 - clean - WARNING - Column age: 285 value(s) could not be converted to numeric and were set to NaN
2025-11-25 13:01:41,790 - clean - INFO - Column billing_amount converted to numeric successfully.
2025-11-25 13:01:41,887 - clean - WARNING - Column room_number: 394 value(s) could not be converted to numeric and were set to NaN
2025-11-25 13:01:41,976 - clean - INFO - Age range before validation: min=0.0, max=150.0
2025-11-25 13:01:42,010 - clean - WARNING - Age: 144 value(s) outside valid range (0–120); setting to NA
2025-11-25 13:01:42,012 - clean - INFO - Room_number range before validation: min=101.0, max=500.0
2025-11-25 13:01:42,046 - clean - INFO - Rounded billing_amount to 2 decimal places.
2025-11-25 13:01:42,174 - clean - WARNING - Column date_of_admission: 2858 value(s) could not be parsed as datetime and were set to NaT
2025-11-25 13:01:42,228 - clean - WARNING - Column discharge_date: 2858 value(s) could not be parsed as datetime and were set to NaT
2025-11-25 13:01:42,230 - clean - INFO - clean() completed. Output df has 57165 rows x 15 columns
2025-11-25 13:01:42,231 - transform - INFO - Starting transform(): input df has 57165 rows x 15 columns
2025-11-25 13:01:42,371 - transform - INFO - Built people_df: 55143 rows x 5 columns
2025-11-25 13:01:42,437 - transform - INFO - Built doctors_df (pre-hospital merge): 51460 rows x 3 columns
2025-11-25 13:01:42,445 - transform - INFO - Built hospitals_df: 39008 rows x 2 columns
2025-11-25 13:01:42,513 - transform - INFO - Updated doctors_df after hospital merge: 51460 rows x 4 columns
2025-11-25 13:01:42,523 - transform - INFO - Built conditions_df: 7 rows x 2 columns
2025-11-25 13:01:42,586 - transform - INFO - Built insurance_df: 7 rows x 2 columns
2025-11-25 13:01:42,597 - transform - WARNING - test_results_df: 2839 invalid or null result_label value(s) dropped before dimension build
2025-11-25 13:01:42,607 - transform - INFO - Built test_results_df: 3 rows x 2 columns
2025-11-25 13:01:42,617 - transform - INFO - Built admission_types_df: 4 rows x 2 columns
2025-11-25 13:01:42,617 - transform - INFO - Merging people into base df...
2025-11-25 13:01:42,708 - transform - INFO - Merging doctors into base df...
2025-11-25 13:01:42,794 - transform - INFO - Merging conditions into base df...
2025-11-25 13:01:42,995 - transform - INFO - Merging insurance into base df...
2025-11-25 13:01:43,149 - transform - INFO - Merging test_results into base df...
2025-11-25 13:01:43,298 - transform - INFO - Merging admission_types into base df...
2025-11-25 13:01:43,460 - transform - INFO - Finished merges; df is now 57165 rows x 27 columns
2025-11-25 13:01:45,275 - transform - INFO - Built admissions_df: 39539 rows x 12 columns
2025-11-25 13:01:45,275 - transform - INFO - After reject split: 39539 valid admissions, 17626 rejected rows
2025-11-25 13:01:45,275 - transform - INFO - transform() completed successfully. Output tables: {'people': (55143, 5), 'doctors': (51460, 4), 'hospitals': (39008, 2), 'conditions': (7, 2), 'insurance': (7, 2), 'admission_types': (4, 2), 'test_results': (3, 2), 'admissions': (39539, 12), 'rejects': (17626, 16)}
2025-11-25 13:01:45,281 - load - INFO - Starting load()
2025-11-25 13:01:45,281 - load - INFO - Row counts - people=55143, hospitals=39008, doctors=51460, conditions=7, insurance=7, test_results=3, admission_types=4, admissions=39539, rejects=17626
2025-11-25 13:01:45,281 - load - INFO - Connecting to database...
2025-11-25 13:01:46,454 - load - INFO - Database connection established.
2025-11-25 13:01:46,454 - load - INFO - Creating tables if they do not exist...
2025-11-25 13:01:46,614 - load - INFO - Tables created/verified successfully.
2025-11-25 13:01:46,614 - load - INFO - Truncating tables and resetting identities...
2025-11-25 13:01:46,962 - load - INFO - Tables truncated.
2025-11-25 13:01:46,962 - load - INFO - Inserting into people...
2025-11-25 13:01:54,382 - load - INFO - Inserting into hospitals...
2025-11-25 13:01:58,642 - load - INFO - Inserting into doctors...
2025-11-25 13:02:08,544 - load - INFO - Inserting into conditions...
2025-11-25 13:02:08,546 - load - INFO - Inserting into insurance...
2025-11-25 13:02:08,551 - load - INFO - Inserting into test_results...
2025-11-25 13:02:08,577 - load - INFO - Inserting into admission_types...
2025-11-25 13:02:08,594 - load - INFO - Inserting into admission_data...
2025-11-25 13:02:19,509 - load - INFO - Inserting into rejects...
2025-11-25 13:02:19,529 - load - INFO - Database connection closed. End of load().
2025-11-25 13:08:04,806 - read - INFO - Starting read() for type=csv, path=data/healthcare_dataset_dirty.csv
2025-11-25 13:08:04,806 - read - INFO - Reading CSV file from data/healthcare_dataset_dirty.csv
2025-11-25 13:08:05,249 - read - INFO - Successfully read CSV: 57165 rows x 15 columns
2025-11-25 13:08:05,250 - clean - INFO - Starting clean(): input df has 57165 rows x 15 columns
2025-11-25 13:08:05,266 - clean - INFO - Normalized column names. Before: ['Name', 'Age', 'Gender', 'Blood Type', 'Medical Condition', 'Date of Admission', 'Doctor', 'Hospital', 'Insurance Provider', 'Billing Amount', 'Room Number', 'Admission Type', 'Discharge Date', 'Medication', 'Test Results'] | After: ['name', 'age', 'gender', 'blood_type', 'medical_condition', 'date_of_admission', 'doctor', 'hospital', 'insurance_provider', 'billing_amount', 'room_number', 'admission_type', 'discharge_date', 'medication', 'test_results']
2025-11-25 13:08:05,285 - clean - INFO - Stripping whitespace from string columns: ['name', 'age', 'gender', 'blood_type', 'medical_condition', 'date_of_admission', 'doctor', 'hospital', 'insurance_provider', 'room_number', 'admission_type', 'discharge_date', 'medication', 'test_results']
2025-11-25 13:08:05,866 - clean - INFO - Standardized string columns where present.
2025-11-25 13:08:05,899 - clean - WARNING - Column age: 285 value(s) could not be converted to numeric and were set to NaN
2025-11-25 13:08:05,988 - clean - INFO - Column billing_amount converted to numeric successfully.
2025-11-25 13:08:06,017 - clean - WARNING - Column room_number: 394 value(s) could not be converted to numeric and were set to NaN
2025-11-25 13:08:06,018 - clean - INFO - Age range before validation: min=0.0, max=150.0
2025-11-25 13:08:06,020 - clean - WARNING - Age: 144 value(s) outside valid range (0–120); setting to NA
2025-11-25 13:08:06,022 - clean - INFO - Room_number range before validation: min=101.0, max=500.0
2025-11-25 13:08:06,023 - clean - INFO - Rounded billing_amount to 2 decimal places.
2025-11-25 13:08:06,047 - clean - WARNING - Column date_of_admission: 2858 value(s) could not be parsed as datetime and were set to NaT
2025-11-25 13:08:06,063 - clean - WARNING - Column discharge_date: 2858 value(s) could not be parsed as datetime and were set to NaT
2025-11-25 13:08:06,064 - clean - INFO - clean() completed. Output df has 57165 rows x 15 columns
2025-11-25 13:08:06,064 - transform - INFO - Starting transform(): input df has 57165 rows x 15 columns
2025-11-25 13:08:06,160 - transform - INFO - Built people_df: 55143 rows x 5 columns
2025-11-25 13:08:06,191 - transform - INFO - Built doctors_df (pre-hospital merge): 51460 rows x 3 columns
2025-11-25 13:08:06,200 - transform - INFO - Built hospitals_df: 39008 rows x 2 columns
2025-11-25 13:08:06,275 - transform - INFO - Updated doctors_df after hospital merge: 51460 rows x 4 columns
2025-11-25 13:08:06,284 - transform - INFO - Built conditions_df: 7 rows x 2 columns
2025-11-25 13:08:06,303 - transform - INFO - Built insurance_df: 7 rows x 2 columns
2025-11-25 13:08:06,342 - transform - WARNING - test_results_df: 2839 invalid or null result_label value(s) dropped before dimension build
2025-11-25 13:08:06,359 - transform - INFO - Built test_results_df: 3 rows x 2 columns
2025-11-25 13:08:06,365 - transform - INFO - Built admission_types_df: 4 rows x 2 columns
2025-11-25 13:08:06,365 - transform - INFO - Merging people into base df...
2025-11-25 13:08:06,479 - transform - INFO - Merging doctors into base df...
2025-11-25 13:08:06,552 - transform - INFO - Merging conditions into base df...
2025-11-25 13:08:06,590 - transform - INFO - Merging insurance into base df...
2025-11-25 13:08:06,635 - transform - INFO - Merging test_results into base df...
2025-11-25 13:08:06,699 - transform - INFO - Merging admission_types into base df...
2025-11-25 13:08:06,777 - transform - INFO - Finished merges; df is now 57165 rows x 27 columns
2025-11-25 13:08:08,315 - transform - INFO - Built admissions_df: 39539 rows x 12 columns
2025-11-25 13:08:08,315 - transform - INFO - After reject split: 39539 valid admissions, 17626 rejected rows
2025-11-25 13:08:08,316 - transform - INFO - transform() completed successfully. Output tables: {'people': (55143, 5), 'doctors': (51460, 4), 'hospitals': (39008, 2), 'conditions': (7, 2), 'insurance': (7, 2), 'admission_types': (4, 2), 'test_results': (3, 2), 'admissions': (39539, 12), 'rejects': (17626, 16)}
2025-11-25 13:08:08,327 - load - INFO - Starting load()
2025-11-25 13:08:08,327 - load - INFO - Row counts - people=55143, hospitals=39008, doctors=51460, conditions=7, insurance=7, test_results=3, admission_types=4, admissions=39539, rejects=17626
2025-11-25 13:08:08,327 - load - INFO - Connecting to database...
2025-11-25 13:08:08,444 - load - INFO - Database connection established.
2025-11-25 13:08:08,444 - load - INFO - Creating tables if they do not exist...
2025-11-25 13:08:08,460 - load - INFO - Tables created/verified successfully.
2025-11-25 13:08:08,460 - load - INFO - Truncating tables and resetting identities...
2025-11-25 13:08:08,536 - load - INFO - Tables truncated.
2025-11-25 13:08:08,536 - load - INFO - Inserting into people...
2025-11-25 13:08:15,756 - load - INFO - Inserting into hospitals...
2025-11-25 13:08:20,535 - load - INFO - Inserting into doctors...
2025-11-25 13:08:27,507 - load - INFO - Inserting into conditions...
2025-11-25 13:08:27,512 - load - INFO - Inserting into insurance...
2025-11-25 13:08:27,533 - load - INFO - Inserting into test_results...
2025-11-25 13:08:27,536 - load - INFO - Inserting into admission_types...
2025-11-25 13:08:27,571 - load - INFO - Inserting into admission_data...
2025-11-25 13:08:39,085 - load - INFO - Inserting into rejects...
2025-11-25 13:08:39,164 - load - ERROR - Error in load() while working with the database.
Traceback (most recent call last):
  File "/Users/mattmurno/Desktop/Revature training files/etl_proj/src/load.py", line 283, in load
    cur.execute(
psycopg2.errors.UndefinedColumn: column "name" of relation "rejects" does not exist
LINE 3:                     name,
                            ^

2025-11-25 13:08:39,168 - load - INFO - Transaction rolled back due to error.
2025-11-25 13:08:39,168 - load - INFO - Database connection closed. End of load().
2025-11-25 13:13:37,377 - read - INFO - Starting read() for type=csv, path=data/healthcare_dataset_dirty.csv
2025-11-25 13:13:37,377 - read - INFO - Reading CSV file from data/healthcare_dataset_dirty.csv
2025-11-25 13:13:37,634 - read - INFO - Successfully read CSV: 57165 rows x 15 columns
2025-11-25 13:13:37,634 - clean - INFO - Starting clean(): input df has 57165 rows x 15 columns
2025-11-25 13:13:37,666 - clean - INFO - Normalized column names. Before: ['Name', 'Age', 'Gender', 'Blood Type', 'Medical Condition', 'Date of Admission', 'Doctor', 'Hospital', 'Insurance Provider', 'Billing Amount', 'Room Number', 'Admission Type', 'Discharge Date', 'Medication', 'Test Results'] | After: ['name', 'age', 'gender', 'blood_type', 'medical_condition', 'date_of_admission', 'doctor', 'hospital', 'insurance_provider', 'billing_amount', 'room_number', 'admission_type', 'discharge_date', 'medication', 'test_results']
2025-11-25 13:13:37,686 - clean - INFO - Stripping whitespace from string columns: ['name', 'age', 'gender', 'blood_type', 'medical_condition', 'date_of_admission', 'doctor', 'hospital', 'insurance_provider', 'room_number', 'admission_type', 'discharge_date', 'medication', 'test_results']
2025-11-25 13:13:38,123 - clean - INFO - Standardized string columns where present.
2025-11-25 13:13:38,219 - clean - WARNING - Column age: 285 value(s) could not be converted to numeric and were set to NaN
2025-11-25 13:13:38,404 - clean - INFO - Column billing_amount converted to numeric successfully.
2025-11-25 13:13:38,435 - clean - WARNING - Column room_number: 394 value(s) could not be converted to numeric and were set to NaN
2025-11-25 13:13:38,436 - clean - INFO - Age range before validation: min=0.0, max=150.0
2025-11-25 13:13:38,437 - clean - WARNING - Age: 144 value(s) outside valid range (0–120); setting to NA
2025-11-25 13:13:38,438 - clean - INFO - Room_number range before validation: min=101.0, max=500.0
2025-11-25 13:13:38,439 - clean - INFO - Rounded billing_amount to 2 decimal places.
2025-11-25 13:13:38,463 - clean - WARNING - Column date_of_admission: 2858 value(s) could not be parsed as datetime and were set to NaT
2025-11-25 13:13:38,480 - clean - WARNING - Column discharge_date: 2858 value(s) could not be parsed as datetime and were set to NaT
2025-11-25 13:13:38,480 - clean - INFO - clean() completed. Output df has 57165 rows x 15 columns
2025-11-25 13:13:38,480 - transform - INFO - Starting transform(): input df has 57165 rows x 15 columns
2025-11-25 13:13:38,537 - transform - INFO - Built people_df: 55143 rows x 5 columns
2025-11-25 13:13:38,578 - transform - INFO - Built doctors_df (pre-hospital merge): 51460 rows x 3 columns
2025-11-25 13:13:38,591 - transform - INFO - Built hospitals_df: 39008 rows x 2 columns
2025-11-25 13:13:38,666 - transform - INFO - Updated doctors_df after hospital merge: 51460 rows x 4 columns
2025-11-25 13:13:38,672 - transform - INFO - Built conditions_df: 7 rows x 2 columns
2025-11-25 13:13:38,688 - transform - INFO - Built insurance_df: 7 rows x 2 columns
2025-11-25 13:13:38,791 - transform - WARNING - test_results_df: 2839 invalid or null result_label value(s) dropped before dimension build
2025-11-25 13:13:38,836 - transform - INFO - Built test_results_df: 3 rows x 2 columns
2025-11-25 13:13:38,845 - transform - INFO - Built admission_types_df: 4 rows x 2 columns
2025-11-25 13:13:38,845 - transform - INFO - Merging people into base df...
2025-11-25 13:13:38,954 - transform - INFO - Merging doctors into base df...
2025-11-25 13:13:39,025 - transform - INFO - Merging conditions into base df...
2025-11-25 13:13:39,097 - transform - INFO - Merging insurance into base df...
2025-11-25 13:13:39,183 - transform - INFO - Merging test_results into base df...
2025-11-25 13:13:39,265 - transform - INFO - Merging admission_types into base df...
2025-11-25 13:13:39,331 - transform - INFO - Finished merges; df is now 57165 rows x 27 columns
2025-11-25 13:13:41,232 - transform - INFO - Built admissions_df: 39539 rows x 12 columns
2025-11-25 13:13:41,232 - transform - INFO - After reject split: 39539 valid admissions, 17626 rejected rows
2025-11-25 13:13:41,232 - transform - INFO - transform() completed successfully. Output tables: {'people': (55143, 5), 'doctors': (51460, 4), 'hospitals': (39008, 2), 'conditions': (7, 2), 'insurance': (7, 2), 'admission_types': (4, 2), 'test_results': (3, 2), 'admissions': (39539, 12), 'rejects': (17626, 16)}
2025-11-25 13:13:41,238 - load - INFO - Starting load()
2025-11-25 13:13:41,238 - load - INFO - Row counts - people=55143, hospitals=39008, doctors=51460, conditions=7, insurance=7, test_results=3, admission_types=4, admissions=39539, rejects=17626
2025-11-25 13:13:41,238 - load - INFO - Connecting to database...
2025-11-25 13:13:41,355 - load - INFO - Database connection established.
2025-11-25 13:13:41,356 - load - INFO - Creating tables if they do not exist...
2025-11-25 13:13:41,374 - load - INFO - Tables created/verified successfully.
2025-11-25 13:13:41,375 - load - INFO - Truncating tables and resetting identities...
2025-11-25 13:13:41,462 - load - INFO - Tables truncated.
2025-11-25 13:13:41,463 - load - INFO - Inserting into people...
2025-11-25 13:13:49,486 - load - INFO - Inserting into hospitals...
2025-11-25 13:13:53,919 - load - INFO - Inserting into doctors...
2025-11-25 13:14:04,167 - load - INFO - Inserting into conditions...
2025-11-25 13:14:04,173 - load - INFO - Inserting into insurance...
2025-11-25 13:14:04,193 - load - INFO - Inserting into test_results...
2025-11-25 13:14:04,196 - load - INFO - Inserting into admission_types...
2025-11-25 13:14:04,200 - load - INFO - Inserting into admission_data...
2025-11-25 13:14:16,420 - load - INFO - Inserting into rejects...
2025-11-25 13:14:16,508 - load - ERROR - Error in load() while working with the database.
Traceback (most recent call last):
  File "/Users/mattmurno/Desktop/Revature training files/etl_proj/src/load.py", line 283, in load
    cur.execute(
psycopg2.errors.UndefinedColumn: column "name" of relation "rejects" does not exist
LINE 3:                     name,
                            ^

2025-11-25 13:14:16,556 - load - INFO - Transaction rolled back due to error.
2025-11-25 13:14:16,557 - load - INFO - Database connection closed. End of load().
2025-11-25 13:16:42,004 - read - INFO - Starting read() for type=csv, path=data/healthcare_dataset_dirty.csv
2025-11-25 13:16:42,005 - read - INFO - Reading CSV file from data/healthcare_dataset_dirty.csv
2025-11-25 13:16:43,015 - read - INFO - Successfully read CSV: 57165 rows x 15 columns
2025-11-25 13:16:43,015 - clean - INFO - Starting clean(): input df has 57165 rows x 15 columns
2025-11-25 13:16:43,031 - clean - INFO - Normalized column names. Before: ['Name', 'Age', 'Gender', 'Blood Type', 'Medical Condition', 'Date of Admission', 'Doctor', 'Hospital', 'Insurance Provider', 'Billing Amount', 'Room Number', 'Admission Type', 'Discharge Date', 'Medication', 'Test Results'] | After: ['name', 'age', 'gender', 'blood_type', 'medical_condition', 'date_of_admission', 'doctor', 'hospital', 'insurance_provider', 'billing_amount', 'room_number', 'admission_type', 'discharge_date', 'medication', 'test_results']
2025-11-25 13:16:43,155 - clean - INFO - Stripping whitespace from string columns: ['name', 'age', 'gender', 'blood_type', 'medical_condition', 'date_of_admission', 'doctor', 'hospital', 'insurance_provider', 'room_number', 'admission_type', 'discharge_date', 'medication', 'test_results']
2025-11-25 13:16:43,924 - clean - INFO - Standardized string columns where present.
2025-11-25 13:16:43,965 - clean - WARNING - Column age: 285 value(s) could not be converted to numeric and were set to NaN
2025-11-25 13:16:44,113 - clean - INFO - Column billing_amount converted to numeric successfully.
2025-11-25 13:16:44,302 - clean - WARNING - Column room_number: 394 value(s) could not be converted to numeric and were set to NaN
2025-11-25 13:16:44,304 - clean - INFO - Age range before validation: min=0.0, max=150.0
2025-11-25 13:16:44,306 - clean - WARNING - Age: 144 value(s) outside valid range (0–120); setting to NA
2025-11-25 13:16:44,308 - clean - INFO - Room_number range before validation: min=101.0, max=500.0
2025-11-25 13:16:44,309 - clean - INFO - Rounded billing_amount to 2 decimal places.
2025-11-25 13:16:44,372 - clean - WARNING - Column date_of_admission: 2858 value(s) could not be parsed as datetime and were set to NaT
2025-11-25 13:16:44,399 - clean - WARNING - Column discharge_date: 2858 value(s) could not be parsed as datetime and were set to NaT
2025-11-25 13:16:44,400 - clean - INFO - clean() completed. Output df has 57165 rows x 15 columns
2025-11-25 13:16:44,401 - transform - INFO - Starting transform(): input df has 57165 rows x 15 columns
2025-11-25 13:16:44,455 - transform - INFO - Built people_df: 55143 rows x 5 columns
2025-11-25 13:16:44,509 - transform - INFO - Built doctors_df (pre-hospital merge): 51460 rows x 3 columns
2025-11-25 13:16:44,526 - transform - INFO - Built hospitals_df: 39008 rows x 2 columns
2025-11-25 13:16:44,552 - transform - INFO - Updated doctors_df after hospital merge: 51460 rows x 4 columns
2025-11-25 13:16:44,560 - transform - INFO - Built conditions_df: 7 rows x 2 columns
2025-11-25 13:16:44,568 - transform - INFO - Built insurance_df: 7 rows x 2 columns
2025-11-25 13:16:44,576 - transform - WARNING - test_results_df: 2839 invalid or null result_label value(s) dropped before dimension build
2025-11-25 13:16:44,586 - transform - INFO - Built test_results_df: 3 rows x 2 columns
2025-11-25 13:16:44,592 - transform - INFO - Built admission_types_df: 4 rows x 2 columns
2025-11-25 13:16:44,592 - transform - INFO - Merging people into base df...
2025-11-25 13:16:44,706 - transform - INFO - Merging doctors into base df...
2025-11-25 13:16:44,778 - transform - INFO - Merging conditions into base df...
2025-11-25 13:16:44,818 - transform - INFO - Merging insurance into base df...
2025-11-25 13:16:44,869 - transform - INFO - Merging test_results into base df...
2025-11-25 13:16:44,935 - transform - INFO - Merging admission_types into base df...
2025-11-25 13:16:45,010 - transform - INFO - Finished merges; df is now 57165 rows x 27 columns
2025-11-25 13:16:46,449 - transform - INFO - Built admissions_df: 39539 rows x 12 columns
2025-11-25 13:16:46,449 - transform - INFO - After reject split: 39539 valid admissions, 17626 rejected rows
2025-11-25 13:16:46,449 - transform - INFO - transform() completed successfully. Output tables: {'people': (55143, 5), 'doctors': (51460, 4), 'hospitals': (39008, 2), 'conditions': (7, 2), 'insurance': (7, 2), 'admission_types': (4, 2), 'test_results': (3, 2), 'admissions': (39539, 12), 'rejects': (17626, 16)}
2025-11-25 13:16:46,454 - load - INFO - Starting load()
2025-11-25 13:16:46,454 - load - INFO - Row counts - people=55143, hospitals=39008, doctors=51460, conditions=7, insurance=7, test_results=3, admission_types=4, admissions=39539, rejects=17626
2025-11-25 13:16:46,454 - load - INFO - Connecting to database...
2025-11-25 13:16:46,562 - load - INFO - Database connection established.
2025-11-25 13:16:46,562 - load - INFO - Creating tables if they do not exist...
2025-11-25 13:16:46,656 - load - INFO - Tables created/verified successfully.
2025-11-25 13:16:46,656 - load - INFO - Truncating tables and resetting identities...
2025-11-25 13:16:46,700 - load - INFO - Tables truncated.
2025-11-25 13:16:46,700 - load - INFO - Inserting into people...
2025-11-25 13:16:54,627 - load - INFO - Inserting into hospitals...
2025-11-25 13:16:59,091 - load - INFO - Inserting into doctors...
2025-11-25 13:17:06,720 - load - INFO - Inserting into conditions...
2025-11-25 13:17:06,746 - load - INFO - Inserting into insurance...
2025-11-25 13:17:06,769 - load - INFO - Inserting into test_results...
2025-11-25 13:17:06,790 - load - INFO - Inserting into admission_types...
2025-11-25 13:17:06,796 - load - INFO - Inserting into admission_data...
2025-11-25 13:17:17,580 - load - INFO - Inserting into rejects...
2025-11-25 13:17:17,606 - load - ERROR - Error in load() while working with the database.
Traceback (most recent call last):
  File "/Users/mattmurno/Desktop/Revature training files/etl_proj/src/load.py", line 283, in load
    cur.execute(
psycopg2.errors.SyntaxError: INSERT has more target columns than expressions
LINE 19:                     missing_columns
                             ^

2025-11-25 13:17:17,626 - load - INFO - Transaction rolled back due to error.
2025-11-25 13:17:17,627 - load - INFO - Database connection closed. End of load().
2025-11-25 13:20:05,309 - read - INFO - Starting read() for type=csv, path=data/healthcare_dataset_dirty.csv
2025-11-25 13:20:05,310 - read - INFO - Reading CSV file from data/healthcare_dataset_dirty.csv
2025-11-25 13:20:05,667 - read - INFO - Successfully read CSV: 57165 rows x 15 columns
2025-11-25 13:20:05,667 - clean - INFO - Starting clean(): input df has 57165 rows x 15 columns
2025-11-25 13:20:05,682 - clean - INFO - Normalized column names. Before: ['Name', 'Age', 'Gender', 'Blood Type', 'Medical Condition', 'Date of Admission', 'Doctor', 'Hospital', 'Insurance Provider', 'Billing Amount', 'Room Number', 'Admission Type', 'Discharge Date', 'Medication', 'Test Results'] | After: ['name', 'age', 'gender', 'blood_type', 'medical_condition', 'date_of_admission', 'doctor', 'hospital', 'insurance_provider', 'billing_amount', 'room_number', 'admission_type', 'discharge_date', 'medication', 'test_results']
2025-11-25 13:20:05,695 - clean - INFO - Stripping whitespace from string columns: ['name', 'age', 'gender', 'blood_type', 'medical_condition', 'date_of_admission', 'doctor', 'hospital', 'insurance_provider', 'room_number', 'admission_type', 'discharge_date', 'medication', 'test_results']
2025-11-25 13:20:06,192 - clean - INFO - Standardized string columns where present.
2025-11-25 13:20:06,224 - clean - WARNING - Column age: 285 value(s) could not be converted to numeric and were set to NaN
2025-11-25 13:20:06,446 - clean - INFO - Column billing_amount converted to numeric successfully.
2025-11-25 13:20:06,507 - clean - WARNING - Column room_number: 394 value(s) could not be converted to numeric and were set to NaN
2025-11-25 13:20:06,509 - clean - INFO - Age range before validation: min=0.0, max=150.0
2025-11-25 13:20:06,510 - clean - WARNING - Age: 144 value(s) outside valid range (0–120); setting to NA
2025-11-25 13:20:06,521 - clean - INFO - Room_number range before validation: min=101.0, max=500.0
2025-11-25 13:20:06,523 - clean - INFO - Rounded billing_amount to 2 decimal places.
2025-11-25 13:20:06,611 - clean - WARNING - Column date_of_admission: 2858 value(s) could not be parsed as datetime and were set to NaT
2025-11-25 13:20:06,661 - clean - WARNING - Column discharge_date: 2858 value(s) could not be parsed as datetime and were set to NaT
2025-11-25 13:20:06,661 - clean - INFO - clean() completed. Output df has 57165 rows x 15 columns
2025-11-25 13:20:06,662 - transform - INFO - Starting transform(): input df has 57165 rows x 15 columns
2025-11-25 13:20:06,728 - transform - INFO - Built people_df: 55143 rows x 5 columns
2025-11-25 13:20:06,801 - transform - INFO - Built doctors_df (pre-hospital merge): 51460 rows x 3 columns
2025-11-25 13:20:06,813 - transform - INFO - Built hospitals_df: 39008 rows x 2 columns
2025-11-25 13:20:07,148 - transform - INFO - Updated doctors_df after hospital merge: 51460 rows x 4 columns
2025-11-25 13:20:07,159 - transform - INFO - Built conditions_df: 7 rows x 2 columns
2025-11-25 13:20:07,169 - transform - INFO - Built insurance_df: 7 rows x 2 columns
2025-11-25 13:20:07,311 - transform - WARNING - test_results_df: 2839 invalid or null result_label value(s) dropped before dimension build
2025-11-25 13:20:07,329 - transform - INFO - Built test_results_df: 3 rows x 2 columns
2025-11-25 13:20:07,335 - transform - INFO - Built admission_types_df: 4 rows x 2 columns
2025-11-25 13:20:07,336 - transform - INFO - Merging people into base df...
2025-11-25 13:20:07,499 - transform - INFO - Merging doctors into base df...
2025-11-25 13:20:07,712 - transform - INFO - Merging conditions into base df...
2025-11-25 13:20:07,839 - transform - INFO - Merging insurance into base df...
2025-11-25 13:20:07,929 - transform - INFO - Merging test_results into base df...
2025-11-25 13:20:08,055 - transform - INFO - Merging admission_types into base df...
2025-11-25 13:20:08,160 - transform - INFO - Finished merges; df is now 57165 rows x 27 columns
2025-11-25 13:20:09,642 - transform - ERROR - transform() failed.
Traceback (most recent call last):
  File "/Users/mattmurno/Desktop/Revature training files/etl_proj/src/transform.py", line 224, in transform
    rejects_df = df.loc[
                 ^^^^^^^
  File "/Users/mattmurno/Desktop/Revature training files/etl_proj/venv/lib/python3.11/site-packages/pandas/core/indexing.py", line 1185, in __getitem__
    return self._getitem_tuple(key)
           ^^^^^^^^^^^^^^^^^^^^^^^^
  File "/Users/mattmurno/Desktop/Revature training files/etl_proj/venv/lib/python3.11/site-packages/pandas/core/indexing.py", line 1378, in _getitem_tuple
    return self._getitem_tuple_same_dim(tup)
           ^^^^^^^^^^^^^^^^^^^^^^^^^^^^^^^^^
  File "/Users/mattmurno/Desktop/Revature training files/etl_proj/venv/lib/python3.11/site-packages/pandas/core/indexing.py", line 1021, in _getitem_tuple_same_dim
    retval = getattr(retval, self.name)._getitem_axis(key, axis=i)
             ^^^^^^^^^^^^^^^^^^^^^^^^^^^^^^^^^^^^^^^^^^^^^^^^^^^^^
  File "/Users/mattmurno/Desktop/Revature training files/etl_proj/venv/lib/python3.11/site-packages/pandas/core/indexing.py", line 1421, in _getitem_axis
    return self._getitem_iterable(key, axis=axis)
           ^^^^^^^^^^^^^^^^^^^^^^^^^^^^^^^^^^^^^^
  File "/Users/mattmurno/Desktop/Revature training files/etl_proj/venv/lib/python3.11/site-packages/pandas/core/indexing.py", line 1361, in _getitem_iterable
    keyarr, indexer = self._get_listlike_indexer(key, axis)
                      ^^^^^^^^^^^^^^^^^^^^^^^^^^^^^^^^^^^^^
  File "/Users/mattmurno/Desktop/Revature training files/etl_proj/venv/lib/python3.11/site-packages/pandas/core/indexing.py", line 1559, in _get_listlike_indexer
    keyarr, indexer = ax._get_indexer_strict(key, axis_name)
                      ^^^^^^^^^^^^^^^^^^^^^^^^^^^^^^^^^^^^^^
  File "/Users/mattmurno/Desktop/Revature training files/etl_proj/venv/lib/python3.11/site-packages/pandas/core/indexes/base.py", line 6212, in _get_indexer_strict
    self._raise_if_missing(keyarr, indexer, axis_name)
  File "/Users/mattmurno/Desktop/Revature training files/etl_proj/venv/lib/python3.11/site-packages/pandas/core/indexes/base.py", line 6264, in _raise_if_missing
    raise KeyError(f"{not_found} not in index")
KeyError: "['missing_columns'] not in index"
2025-11-25 13:20:29,951 - read - INFO - Starting read() for type=csv, path=data/healthcare_dataset_dirty.csv
2025-11-25 13:20:29,952 - read - INFO - Reading CSV file from data/healthcare_dataset_dirty.csv
2025-11-25 13:20:30,263 - read - INFO - Successfully read CSV: 57165 rows x 15 columns
2025-11-25 13:20:30,263 - clean - INFO - Starting clean(): input df has 57165 rows x 15 columns
2025-11-25 13:20:30,276 - clean - INFO - Normalized column names. Before: ['Name', 'Age', 'Gender', 'Blood Type', 'Medical Condition', 'Date of Admission', 'Doctor', 'Hospital', 'Insurance Provider', 'Billing Amount', 'Room Number', 'Admission Type', 'Discharge Date', 'Medication', 'Test Results'] | After: ['name', 'age', 'gender', 'blood_type', 'medical_condition', 'date_of_admission', 'doctor', 'hospital', 'insurance_provider', 'billing_amount', 'room_number', 'admission_type', 'discharge_date', 'medication', 'test_results']
2025-11-25 13:20:30,294 - clean - INFO - Stripping whitespace from string columns: ['name', 'age', 'gender', 'blood_type', 'medical_condition', 'date_of_admission', 'doctor', 'hospital', 'insurance_provider', 'room_number', 'admission_type', 'discharge_date', 'medication', 'test_results']
2025-11-25 13:20:30,760 - clean - INFO - Standardized string columns where present.
2025-11-25 13:20:30,820 - clean - WARNING - Column age: 285 value(s) could not be converted to numeric and were set to NaN
2025-11-25 13:20:30,915 - clean - INFO - Column billing_amount converted to numeric successfully.
2025-11-25 13:20:30,950 - clean - WARNING - Column room_number: 394 value(s) could not be converted to numeric and were set to NaN
2025-11-25 13:20:30,955 - clean - INFO - Age range before validation: min=0.0, max=150.0
2025-11-25 13:20:30,956 - clean - WARNING - Age: 144 value(s) outside valid range (0–120); setting to NA
2025-11-25 13:20:30,957 - clean - INFO - Room_number range before validation: min=101.0, max=500.0
2025-11-25 13:20:30,958 - clean - INFO - Rounded billing_amount to 2 decimal places.
2025-11-25 13:20:31,007 - clean - WARNING - Column date_of_admission: 2858 value(s) could not be parsed as datetime and were set to NaT
2025-11-25 13:20:31,042 - clean - WARNING - Column discharge_date: 2858 value(s) could not be parsed as datetime and were set to NaT
2025-11-25 13:20:31,042 - clean - INFO - clean() completed. Output df has 57165 rows x 15 columns
2025-11-25 13:20:31,043 - transform - INFO - Starting transform(): input df has 57165 rows x 15 columns
2025-11-25 13:20:31,117 - transform - INFO - Built people_df: 55143 rows x 5 columns
2025-11-25 13:20:31,161 - transform - INFO - Built doctors_df (pre-hospital merge): 51460 rows x 3 columns
2025-11-25 13:20:31,180 - transform - INFO - Built hospitals_df: 39008 rows x 2 columns
2025-11-25 13:20:31,220 - transform - INFO - Updated doctors_df after hospital merge: 51460 rows x 4 columns
2025-11-25 13:20:31,318 - transform - INFO - Built conditions_df: 7 rows x 2 columns
2025-11-25 13:20:31,416 - transform - INFO - Built insurance_df: 7 rows x 2 columns
2025-11-25 13:20:31,477 - transform - WARNING - test_results_df: 2839 invalid or null result_label value(s) dropped before dimension build
2025-11-25 13:20:31,531 - transform - INFO - Built test_results_df: 3 rows x 2 columns
2025-11-25 13:20:31,539 - transform - INFO - Built admission_types_df: 4 rows x 2 columns
2025-11-25 13:20:31,539 - transform - INFO - Merging people into base df...
2025-11-25 13:20:31,738 - transform - INFO - Merging doctors into base df...
2025-11-25 13:20:31,808 - transform - INFO - Merging conditions into base df...
2025-11-25 13:20:31,897 - transform - INFO - Merging insurance into base df...
2025-11-25 13:20:31,974 - transform - INFO - Merging test_results into base df...
2025-11-25 13:20:32,043 - transform - INFO - Merging admission_types into base df...
2025-11-25 13:20:32,088 - transform - INFO - Finished merges; df is now 57165 rows x 27 columns
2025-11-25 13:20:33,586 - transform - INFO - Built admissions_df: 39539 rows x 12 columns
2025-11-25 13:20:33,586 - transform - INFO - After reject split: 39539 valid admissions, 17626 rejected rows
2025-11-25 13:20:33,586 - transform - INFO - transform() completed successfully. Output tables: {'people': (55143, 5), 'doctors': (51460, 4), 'hospitals': (39008, 2), 'conditions': (7, 2), 'insurance': (7, 2), 'admission_types': (4, 2), 'test_results': (3, 2), 'admissions': (39539, 12), 'rejects': (17626, 16)}
2025-11-25 13:20:33,591 - load - INFO - Starting load()
2025-11-25 13:20:33,591 - load - INFO - Row counts - people=55143, hospitals=39008, doctors=51460, conditions=7, insurance=7, test_results=3, admission_types=4, admissions=39539, rejects=17626
2025-11-25 13:20:33,591 - load - INFO - Connecting to database...
2025-11-25 13:20:33,683 - load - INFO - Database connection established.
2025-11-25 13:20:33,684 - load - INFO - Creating tables if they do not exist...
2025-11-25 13:20:33,742 - load - INFO - Tables created/verified successfully.
2025-11-25 13:20:33,742 - load - INFO - Truncating tables and resetting identities...
2025-11-25 13:20:33,744 - load - ERROR - Error in load() while working with the database.
Traceback (most recent call last):
  File "/Users/mattmurno/Desktop/Revature training files/etl_proj/src/load.py", line 139, in load
    cur.execute("""
psycopg2.errors.UndefinedTable: relation "reject_id" does not exist

2025-11-25 13:20:33,753 - load - INFO - Transaction rolled back due to error.
2025-11-25 13:20:33,754 - load - INFO - Database connection closed. End of load().
2025-11-25 13:21:27,123 - read - INFO - Starting read() for type=csv, path=data/healthcare_dataset_dirty.csv
2025-11-25 13:21:27,123 - read - INFO - Reading CSV file from data/healthcare_dataset_dirty.csv
2025-11-25 13:21:27,412 - read - INFO - Successfully read CSV: 57165 rows x 15 columns
2025-11-25 13:21:27,412 - clean - INFO - Starting clean(): input df has 57165 rows x 15 columns
2025-11-25 13:21:27,442 - clean - INFO - Normalized column names. Before: ['Name', 'Age', 'Gender', 'Blood Type', 'Medical Condition', 'Date of Admission', 'Doctor', 'Hospital', 'Insurance Provider', 'Billing Amount', 'Room Number', 'Admission Type', 'Discharge Date', 'Medication', 'Test Results'] | After: ['name', 'age', 'gender', 'blood_type', 'medical_condition', 'date_of_admission', 'doctor', 'hospital', 'insurance_provider', 'billing_amount', 'room_number', 'admission_type', 'discharge_date', 'medication', 'test_results']
2025-11-25 13:21:27,471 - clean - INFO - Stripping whitespace from string columns: ['name', 'age', 'gender', 'blood_type', 'medical_condition', 'date_of_admission', 'doctor', 'hospital', 'insurance_provider', 'room_number', 'admission_type', 'discharge_date', 'medication', 'test_results']
2025-11-25 13:21:27,926 - clean - INFO - Standardized string columns where present.
2025-11-25 13:21:27,971 - clean - WARNING - Column age: 285 value(s) could not be converted to numeric and were set to NaN
2025-11-25 13:21:28,083 - clean - INFO - Column billing_amount converted to numeric successfully.
2025-11-25 13:21:28,114 - clean - WARNING - Column room_number: 394 value(s) could not be converted to numeric and were set to NaN
2025-11-25 13:21:28,115 - clean - INFO - Age range before validation: min=0.0, max=150.0
2025-11-25 13:21:28,117 - clean - WARNING - Age: 144 value(s) outside valid range (0–120); setting to NA
2025-11-25 13:21:28,118 - clean - INFO - Room_number range before validation: min=101.0, max=500.0
2025-11-25 13:21:28,120 - clean - INFO - Rounded billing_amount to 2 decimal places.
2025-11-25 13:21:28,139 - clean - WARNING - Column date_of_admission: 2858 value(s) could not be parsed as datetime and were set to NaT
2025-11-25 13:21:28,157 - clean - WARNING - Column discharge_date: 2858 value(s) could not be parsed as datetime and were set to NaT
2025-11-25 13:21:28,157 - clean - INFO - clean() completed. Output df has 57165 rows x 15 columns
2025-11-25 13:21:28,157 - transform - INFO - Starting transform(): input df has 57165 rows x 15 columns
2025-11-25 13:21:28,218 - transform - INFO - Built people_df: 55143 rows x 5 columns
2025-11-25 13:21:28,250 - transform - INFO - Built doctors_df (pre-hospital merge): 51460 rows x 3 columns
2025-11-25 13:21:28,260 - transform - INFO - Built hospitals_df: 39008 rows x 2 columns
2025-11-25 13:21:28,300 - transform - INFO - Updated doctors_df after hospital merge: 51460 rows x 4 columns
2025-11-25 13:21:28,309 - transform - INFO - Built conditions_df: 7 rows x 2 columns
2025-11-25 13:21:28,315 - transform - INFO - Built insurance_df: 7 rows x 2 columns
2025-11-25 13:21:28,323 - transform - WARNING - test_results_df: 2839 invalid or null result_label value(s) dropped before dimension build
2025-11-25 13:21:28,334 - transform - INFO - Built test_results_df: 3 rows x 2 columns
2025-11-25 13:21:28,340 - transform - INFO - Built admission_types_df: 4 rows x 2 columns
2025-11-25 13:21:28,340 - transform - INFO - Merging people into base df...
2025-11-25 13:21:28,425 - transform - INFO - Merging doctors into base df...
2025-11-25 13:21:28,505 - transform - INFO - Merging conditions into base df...
2025-11-25 13:21:28,565 - transform - INFO - Merging insurance into base df...
2025-11-25 13:21:28,623 - transform - INFO - Merging test_results into base df...
2025-11-25 13:21:28,688 - transform - INFO - Merging admission_types into base df...
2025-11-25 13:21:28,741 - transform - INFO - Finished merges; df is now 57165 rows x 27 columns
2025-11-25 13:21:30,271 - transform - INFO - Built admissions_df: 39539 rows x 12 columns
2025-11-25 13:21:30,271 - transform - INFO - After reject split: 39539 valid admissions, 17626 rejected rows
2025-11-25 13:21:30,271 - transform - INFO - transform() completed successfully. Output tables: {'people': (55143, 5), 'doctors': (51460, 4), 'hospitals': (39008, 2), 'conditions': (7, 2), 'insurance': (7, 2), 'admission_types': (4, 2), 'test_results': (3, 2), 'admissions': (39539, 12), 'rejects': (17626, 16)}
2025-11-25 13:21:30,278 - load - INFO - Starting load()
2025-11-25 13:21:30,278 - load - INFO - Row counts - people=55143, hospitals=39008, doctors=51460, conditions=7, insurance=7, test_results=3, admission_types=4, admissions=39539, rejects=17626
2025-11-25 13:21:30,278 - load - INFO - Connecting to database...
2025-11-25 13:21:30,447 - load - INFO - Database connection established.
2025-11-25 13:21:30,448 - load - INFO - Creating tables if they do not exist...
2025-11-25 13:21:30,453 - load - INFO - Tables created/verified successfully.
2025-11-25 13:21:30,453 - load - INFO - Truncating tables and resetting identities...
2025-11-25 13:21:30,542 - load - INFO - Tables truncated.
2025-11-25 13:21:30,542 - load - INFO - Inserting into people...
2025-11-25 13:21:37,834 - load - INFO - Inserting into hospitals...
2025-11-25 13:21:43,349 - load - INFO - Inserting into doctors...
2025-11-25 13:21:50,718 - load - INFO - Inserting into conditions...
2025-11-25 13:21:50,720 - load - INFO - Inserting into insurance...
2025-11-25 13:21:50,723 - load - INFO - Inserting into test_results...
2025-11-25 13:21:50,726 - load - INFO - Inserting into admission_types...
2025-11-25 13:21:50,732 - load - INFO - Inserting into admission_data...
2025-11-25 13:22:01,961 - load - INFO - Inserting into rejects...
2025-11-25 13:22:01,991 - load - ERROR - Error in load() while working with the database.
Traceback (most recent call last):
  File "/Users/mattmurno/Desktop/Revature training files/etl_proj/src/load.py", line 283, in load
    cur.execute(
psycopg2.errors.SyntaxError: INSERT has more target columns than expressions
LINE 19:                     missing_columns
                             ^

2025-11-25 13:22:01,993 - load - INFO - Transaction rolled back due to error.
2025-11-25 13:22:01,993 - load - INFO - Database connection closed. End of load().
2025-11-25 13:33:20,868 - read - INFO - Starting read() for type=csv, path=data/healthcare_dataset_dirty.csv
2025-11-25 13:33:20,868 - read - INFO - Reading CSV file from data/healthcare_dataset_dirty.csv
2025-11-25 13:33:21,337 - read - INFO - Successfully read CSV: 57165 rows x 15 columns
2025-11-25 13:33:21,339 - clean - INFO - Starting clean(): input df has 57165 rows x 15 columns
2025-11-25 13:33:21,375 - clean - INFO - Normalized column names. Before: ['Name', 'Age', 'Gender', 'Blood Type', 'Medical Condition', 'Date of Admission', 'Doctor', 'Hospital', 'Insurance Provider', 'Billing Amount', 'Room Number', 'Admission Type', 'Discharge Date', 'Medication', 'Test Results'] | After: ['name', 'age', 'gender', 'blood_type', 'medical_condition', 'date_of_admission', 'doctor', 'hospital', 'insurance_provider', 'billing_amount', 'room_number', 'admission_type', 'discharge_date', 'medication', 'test_results']
2025-11-25 13:33:21,399 - clean - INFO - Stripping whitespace from string columns: ['name', 'age', 'gender', 'blood_type', 'medical_condition', 'date_of_admission', 'doctor', 'hospital', 'insurance_provider', 'room_number', 'admission_type', 'discharge_date', 'medication', 'test_results']
2025-11-25 13:33:22,627 - clean - INFO - Standardized string columns where present.
2025-11-25 13:33:22,710 - clean - WARNING - Column age: 285 value(s) could not be converted to numeric and were set to NaN
2025-11-25 13:33:22,840 - clean - INFO - Column billing_amount converted to numeric successfully.
2025-11-25 13:33:22,876 - clean - WARNING - Column room_number: 394 value(s) could not be converted to numeric and were set to NaN
2025-11-25 13:33:22,877 - clean - INFO - Age range before validation: min=0.0, max=150.0
2025-11-25 13:33:22,877 - clean - WARNING - Age: 144 value(s) outside valid range (0–120); setting to NA
2025-11-25 13:33:22,878 - clean - INFO - Room_number range before validation: min=101.0, max=500.0
2025-11-25 13:33:22,882 - clean - INFO - Rounded billing_amount to 2 decimal places.
2025-11-25 13:33:23,165 - clean - WARNING - Column date_of_admission: 2858 value(s) could not be parsed as datetime and were set to NaT
2025-11-25 13:33:23,188 - clean - WARNING - Column discharge_date: 2858 value(s) could not be parsed as datetime and were set to NaT
2025-11-25 13:33:23,189 - clean - INFO - clean() completed. Output df has 57165 rows x 15 columns
2025-11-25 13:33:23,190 - transform - INFO - Starting transform(): input df has 57165 rows x 15 columns
2025-11-25 13:33:23,284 - transform - INFO - Built people_df: 55143 rows x 5 columns
2025-11-25 13:33:23,327 - transform - INFO - Built doctors_df (pre-hospital merge): 51460 rows x 3 columns
2025-11-25 13:33:23,336 - transform - INFO - Built hospitals_df: 39008 rows x 2 columns
2025-11-25 13:33:23,393 - transform - INFO - Updated doctors_df after hospital merge: 51460 rows x 4 columns
2025-11-25 13:33:23,399 - transform - INFO - Built conditions_df: 7 rows x 2 columns
2025-11-25 13:33:23,413 - transform - INFO - Built insurance_df: 7 rows x 2 columns
2025-11-25 13:33:23,424 - transform - WARNING - test_results_df: 2839 invalid or null result_label value(s) dropped before dimension build
2025-11-25 13:33:23,438 - transform - INFO - Built test_results_df: 3 rows x 2 columns
2025-11-25 13:33:23,447 - transform - INFO - Built admission_types_df: 4 rows x 2 columns
2025-11-25 13:33:23,449 - transform - INFO - Merging people into base df...
2025-11-25 13:33:23,573 - transform - INFO - Merging doctors into base df...
2025-11-25 13:33:23,629 - transform - INFO - Merging conditions into base df...
2025-11-25 13:33:23,673 - transform - INFO - Merging insurance into base df...
2025-11-25 13:33:24,003 - transform - INFO - Merging test_results into base df...
2025-11-25 13:33:24,147 - transform - INFO - Merging admission_types into base df...
2025-11-25 13:33:24,231 - transform - INFO - Finished merges; df is now 57165 rows x 27 columns
2025-11-25 13:33:26,040 - transform - INFO - Built admissions_df: 39539 rows x 12 columns
2025-11-25 13:33:26,040 - transform - INFO - After reject split: 39539 valid admissions, 17626 rejected rows
2025-11-25 13:33:26,040 - transform - INFO - transform() completed successfully. Output tables: {'people': (55143, 5), 'doctors': (51460, 4), 'hospitals': (39008, 2), 'conditions': (7, 2), 'insurance': (7, 2), 'admission_types': (4, 2), 'test_results': (3, 2), 'admissions': (39539, 12), 'rejects': (17626, 16)}
2025-11-25 13:33:26,051 - load - INFO - Starting load()
2025-11-25 13:33:26,052 - load - INFO - Row counts - people=55143, hospitals=39008, doctors=51460, conditions=7, insurance=7, test_results=3, admission_types=4, admissions=39539, rejects=17626
2025-11-25 13:33:26,052 - load - INFO - Connecting to database...
2025-11-25 13:33:26,162 - load - INFO - Database connection established.
2025-11-25 13:33:26,162 - load - INFO - Creating tables if they do not exist...
2025-11-25 13:33:26,183 - load - INFO - Tables created/verified successfully.
2025-11-25 13:33:26,183 - load - INFO - Truncating tables and resetting identities...
2025-11-25 13:33:26,309 - load - INFO - Tables truncated.
2025-11-25 13:33:26,309 - load - INFO - Inserting into people...
2025-11-25 13:33:35,074 - load - INFO - Inserting into hospitals...
2025-11-25 13:33:41,422 - load - INFO - Inserting into doctors...
2025-11-25 13:33:49,422 - load - INFO - Inserting into conditions...
2025-11-25 13:33:49,426 - load - INFO - Inserting into insurance...
2025-11-25 13:33:49,431 - load - INFO - Inserting into test_results...
2025-11-25 13:33:49,436 - load - INFO - Inserting into admission_types...
2025-11-25 13:33:49,458 - load - INFO - Inserting into admission_data...
2025-11-25 13:34:01,552 - load - INFO - Inserting into rejects...
2025-11-25 13:34:07,773 - load - INFO - Load completed successfully.
2025-11-25 13:34:07,774 - load - INFO - Database connection closed. End of load().
2025-11-25 13:34:57,288 - read - INFO - Starting read() for type=csv, path=data/healthcare_dataset_dirty.csv
2025-11-25 13:34:57,288 - read - INFO - Reading CSV file from data/healthcare_dataset_dirty.csv
2025-11-25 13:34:57,564 - read - INFO - Successfully read CSV: 57165 rows x 15 columns
2025-11-25 13:34:57,564 - clean - INFO - Starting clean(): input df has 57165 rows x 15 columns
2025-11-25 13:34:57,587 - clean - INFO - Normalized column names. Before: ['Name', 'Age', 'Gender', 'Blood Type', 'Medical Condition', 'Date of Admission', 'Doctor', 'Hospital', 'Insurance Provider', 'Billing Amount', 'Room Number', 'Admission Type', 'Discharge Date', 'Medication', 'Test Results'] | After: ['name', 'age', 'gender', 'blood_type', 'medical_condition', 'date_of_admission', 'doctor', 'hospital', 'insurance_provider', 'billing_amount', 'room_number', 'admission_type', 'discharge_date', 'medication', 'test_results']
2025-11-25 13:34:57,605 - clean - INFO - Stripping whitespace from string columns: ['name', 'age', 'gender', 'blood_type', 'medical_condition', 'date_of_admission', 'doctor', 'hospital', 'insurance_provider', 'room_number', 'admission_type', 'discharge_date', 'medication', 'test_results']
2025-11-25 13:34:57,994 - clean - INFO - Standardized string columns where present.
2025-11-25 13:34:58,023 - clean - WARNING - Column age: 285 value(s) could not be converted to numeric and were set to NaN
2025-11-25 13:34:58,116 - clean - INFO - Column billing_amount converted to numeric successfully.
2025-11-25 13:34:58,161 - clean - WARNING - Column room_number: 394 value(s) could not be converted to numeric and were set to NaN
2025-11-25 13:34:58,162 - clean - INFO - Age range before validation: min=0.0, max=150.0
2025-11-25 13:34:58,166 - clean - WARNING - Age: 144 value(s) outside valid range (0–120); setting to NA
2025-11-25 13:34:58,167 - clean - INFO - Room_number range before validation: min=101.0, max=500.0
2025-11-25 13:34:58,169 - clean - INFO - Rounded billing_amount to 2 decimal places.
2025-11-25 13:34:58,203 - clean - WARNING - Column date_of_admission: 2858 value(s) could not be parsed as datetime and were set to NaT
2025-11-25 13:34:58,226 - clean - WARNING - Column discharge_date: 2858 value(s) could not be parsed as datetime and were set to NaT
2025-11-25 13:34:58,226 - clean - INFO - clean() completed. Output df has 57165 rows x 15 columns
2025-11-25 13:34:58,226 - transform - INFO - Starting transform(): input df has 57165 rows x 15 columns
2025-11-25 13:34:58,276 - transform - INFO - Built people_df: 55143 rows x 5 columns
2025-11-25 13:34:58,307 - transform - INFO - Built doctors_df (pre-hospital merge): 51460 rows x 3 columns
2025-11-25 13:34:58,313 - transform - INFO - Built hospitals_df: 39008 rows x 2 columns
2025-11-25 13:34:58,344 - transform - INFO - Updated doctors_df after hospital merge: 51460 rows x 4 columns
2025-11-25 13:34:58,365 - transform - INFO - Built conditions_df: 7 rows x 2 columns
2025-11-25 13:34:58,370 - transform - INFO - Built insurance_df: 7 rows x 2 columns
2025-11-25 13:34:58,390 - transform - WARNING - test_results_df: 2839 invalid or null result_label value(s) dropped before dimension build
2025-11-25 13:34:58,412 - transform - INFO - Built test_results_df: 3 rows x 2 columns
2025-11-25 13:34:58,418 - transform - INFO - Built admission_types_df: 4 rows x 2 columns
2025-11-25 13:34:58,418 - transform - INFO - Merging people into base df...
2025-11-25 13:34:58,566 - transform - INFO - Merging doctors into base df...
2025-11-25 13:34:58,620 - transform - INFO - Merging conditions into base df...
2025-11-25 13:34:58,659 - transform - INFO - Merging insurance into base df...
2025-11-25 13:34:58,704 - transform - INFO - Merging test_results into base df...
2025-11-25 13:34:58,764 - transform - INFO - Merging admission_types into base df...
2025-11-25 13:34:58,824 - transform - INFO - Finished merges; df is now 57165 rows x 27 columns
2025-11-25 13:35:00,890 - transform - INFO - Built admissions_df: 39539 rows x 12 columns
2025-11-25 13:35:00,890 - transform - INFO - After reject split: 39539 valid admissions, 17626 rejected rows
2025-11-25 13:35:00,890 - transform - INFO - transform() completed successfully. Output tables: {'people': (55143, 5), 'doctors': (51460, 4), 'hospitals': (39008, 2), 'conditions': (7, 2), 'insurance': (7, 2), 'admission_types': (4, 2), 'test_results': (3, 2), 'admissions': (39539, 12), 'rejects': (17626, 16)}
2025-11-25 13:35:00,896 - load - INFO - Starting load()
2025-11-25 13:35:00,896 - load - INFO - Row counts - people=55143, hospitals=39008, doctors=51460, conditions=7, insurance=7, test_results=3, admission_types=4, admissions=39539, rejects=17626
2025-11-25 13:35:00,896 - load - INFO - Connecting to database...
2025-11-25 13:35:00,950 - load - INFO - Database connection established.
2025-11-25 13:35:00,950 - load - INFO - Creating tables if they do not exist...
2025-11-25 13:35:00,959 - load - INFO - Tables created/verified successfully.
2025-11-25 13:35:00,960 - load - INFO - Truncating tables and resetting identities...
2025-11-25 13:35:01,021 - load - INFO - Tables truncated.
2025-11-25 13:35:01,022 - load - INFO - Inserting into people...
2025-11-25 13:35:09,290 - load - INFO - Inserting into hospitals...
2025-11-25 13:35:13,882 - load - INFO - Inserting into doctors...
2025-11-25 13:35:21,024 - load - INFO - Inserting into conditions...
2025-11-25 13:35:21,026 - load - INFO - Inserting into insurance...
2025-11-25 13:35:21,029 - load - INFO - Inserting into test_results...
2025-11-25 13:35:21,034 - load - INFO - Inserting into admission_types...
2025-11-25 13:35:21,038 - load - INFO - Inserting into admission_data...
2025-11-25 13:35:31,904 - load - INFO - Inserting into rejects...
2025-11-25 13:35:35,869 - load - INFO - Load completed successfully.
2025-11-25 13:35:35,870 - load - INFO - Database connection closed. End of load().
2025-11-25 14:37:01,858 - src.read - INFO - Starting read() for type=csv, path=data/healthcare_dataset_dirty.csv
2025-11-25 14:37:01,859 - src.read - INFO - Reading CSV file from data/healthcare_dataset_dirty.csv
2025-11-25 14:37:02,258 - src.read - INFO - Successfully read CSV: 57165 rows x 15 columns
2025-11-25 14:37:02,259 - src.clean - INFO - Starting clean(): input df has 57165 rows x 15 columns
2025-11-25 14:37:02,283 - src.clean - INFO - Normalized column names. Before: ['Name', 'Age', 'Gender', 'Blood Type', 'Medical Condition', 'Date of Admission', 'Doctor', 'Hospital', 'Insurance Provider', 'Billing Amount', 'Room Number', 'Admission Type', 'Discharge Date', 'Medication', 'Test Results'] | After: ['name', 'age', 'gender', 'blood_type', 'medical_condition', 'date_of_admission', 'doctor', 'hospital', 'insurance_provider', 'billing_amount', 'room_number', 'admission_type', 'discharge_date', 'medication', 'test_results']
2025-11-25 14:37:02,294 - src.clean - INFO - Stripping whitespace from string columns: ['name', 'age', 'gender', 'blood_type', 'medical_condition', 'date_of_admission', 'doctor', 'hospital', 'insurance_provider', 'room_number', 'admission_type', 'discharge_date', 'medication', 'test_results']
2025-11-25 14:37:02,741 - src.clean - INFO - Standardized string columns where present.
2025-11-25 14:37:02,780 - src.clean - WARNING - Column age: 285 value(s) could not be converted to numeric and were set to NaN
2025-11-25 14:37:02,980 - src.clean - INFO - Column billing_amount converted to numeric successfully.
2025-11-25 14:37:03,022 - src.clean - WARNING - Column room_number: 394 value(s) could not be converted to numeric and were set to NaN
2025-11-25 14:37:03,026 - src.clean - INFO - Age range before validation: min=0.0, max=150.0
2025-11-25 14:37:03,029 - src.clean - WARNING - Age: 144 value(s) outside valid range (0–120); setting to NA
2025-11-25 14:37:03,030 - src.clean - INFO - Room_number range before validation: min=101.0, max=500.0
2025-11-25 14:37:03,034 - src.clean - INFO - Rounded billing_amount to 2 decimal places.
2025-11-25 14:37:03,091 - src.clean - WARNING - Column date_of_admission: 2858 value(s) could not be parsed as datetime and were set to NaT
2025-11-25 14:37:03,138 - src.clean - WARNING - Column discharge_date: 2858 value(s) could not be parsed as datetime and were set to NaT
2025-11-25 14:37:03,138 - src.clean - INFO - clean() completed. Output df has 57165 rows x 15 columns
2025-11-25 14:37:03,139 - src.transform - INFO - Starting transform(): input df has 57165 rows x 15 columns
2025-11-25 14:37:03,196 - src.transform - INFO - Built people_df: 55143 rows x 5 columns
2025-11-25 14:37:03,220 - src.transform - INFO - Built doctors_df (pre-hospital merge): 51460 rows x 3 columns
2025-11-25 14:37:03,239 - src.transform - INFO - Built hospitals_df: 39008 rows x 2 columns
2025-11-25 14:37:03,379 - src.transform - INFO - Updated doctors_df after hospital merge: 51460 rows x 4 columns
2025-11-25 14:37:03,387 - src.transform - INFO - Built conditions_df: 7 rows x 2 columns
2025-11-25 14:37:03,397 - src.transform - INFO - Built insurance_df: 7 rows x 2 columns
2025-11-25 14:37:03,413 - src.transform - WARNING - test_results_df: 2839 invalid or null result_label value(s) dropped before dimension build
2025-11-25 14:37:03,418 - src.transform - INFO - Built test_results_df: 3 rows x 2 columns
2025-11-25 14:37:03,429 - src.transform - INFO - Built admission_types_df: 4 rows x 2 columns
2025-11-25 14:37:03,429 - src.transform - INFO - Merging people into base df...
2025-11-25 14:37:03,518 - src.transform - INFO - Merging doctors into base df...
2025-11-25 14:37:03,585 - src.transform - INFO - Merging conditions into base df...
2025-11-25 14:37:03,736 - src.transform - INFO - Merging insurance into base df...
2025-11-25 14:37:03,798 - src.transform - INFO - Merging test_results into base df...
2025-11-25 14:37:03,861 - src.transform - INFO - Merging admission_types into base df...
2025-11-25 14:37:03,928 - src.transform - INFO - Finished merges; df is now 57165 rows x 27 columns
2025-11-25 14:37:05,319 - src.transform - INFO - Built admissions_df: 39539 rows x 12 columns
2025-11-25 14:37:05,320 - src.transform - INFO - After reject split: 39539 valid admissions, 17626 rejected rows
2025-11-25 14:37:05,321 - src.transform - INFO - transform() completed successfully. Output tables: {'people': (55143, 5), 'doctors': (51460, 4), 'hospitals': (39008, 2), 'conditions': (7, 2), 'insurance': (7, 2), 'admission_types': (4, 2), 'test_results': (3, 2), 'admissions': (39539, 12), 'rejects': (17626, 16)}
2025-11-25 14:37:05,415 - src.load - INFO - Starting load()
2025-11-25 14:37:05,416 - src.load - INFO - Row counts - people=55143, hospitals=39008, doctors=51460, conditions=7, insurance=7, test_results=3, admission_types=4, admissions=39539, rejects=17626
2025-11-25 14:37:05,417 - src.load - INFO - Connecting to database...
2025-11-25 14:37:05,444 - src.load - ERROR - Error in load() while working with the database.
Traceback (most recent call last):
  File "/Users/mattmurno/Desktop/Revature training files/etl_proj/src/load.py", line 37, in load
    conn = psycopg2.connect(db_url)
           ^^^^^^^^^^^^^^^^^^^^^^^^
  File "/Users/mattmurno/Desktop/Revature training files/etl_proj/venv/lib/python3.11/site-packages/psycopg2/__init__.py", line 121, in connect
    dsn = _ext.make_dsn(dsn, **kwargs)
          ^^^^^^^^^^^^^^^^^^^^^^^^^^^^
  File "/Users/mattmurno/Desktop/Revature training files/etl_proj/venv/lib/python3.11/site-packages/psycopg2/extensions.py", line 145, in make_dsn
    parse_dsn(dsn)
psycopg2.ProgrammingError: invalid dsn: missing "=" after "${DB_URL}" in connection info string

2025-11-25 14:37:05,461 - src.load - INFO - Database connection closed. End of load().
2025-11-25 14:38:06,419 - src.read - INFO - Starting read() for type=csv, path=data/healthcare_dataset_dirty.csv
2025-11-25 14:38:06,419 - src.read - INFO - Reading CSV file from data/healthcare_dataset_dirty.csv
2025-11-25 14:38:06,960 - src.read - INFO - Successfully read CSV: 57165 rows x 15 columns
2025-11-25 14:38:06,960 - src.clean - INFO - Starting clean(): input df has 57165 rows x 15 columns
2025-11-25 14:38:06,980 - src.clean - INFO - Normalized column names. Before: ['Name', 'Age', 'Gender', 'Blood Type', 'Medical Condition', 'Date of Admission', 'Doctor', 'Hospital', 'Insurance Provider', 'Billing Amount', 'Room Number', 'Admission Type', 'Discharge Date', 'Medication', 'Test Results'] | After: ['name', 'age', 'gender', 'blood_type', 'medical_condition', 'date_of_admission', 'doctor', 'hospital', 'insurance_provider', 'billing_amount', 'room_number', 'admission_type', 'discharge_date', 'medication', 'test_results']
2025-11-25 14:38:06,988 - src.clean - INFO - Stripping whitespace from string columns: ['name', 'age', 'gender', 'blood_type', 'medical_condition', 'date_of_admission', 'doctor', 'hospital', 'insurance_provider', 'room_number', 'admission_type', 'discharge_date', 'medication', 'test_results']
2025-11-25 14:38:07,565 - src.clean - INFO - Standardized string columns where present.
2025-11-25 14:38:07,598 - src.clean - WARNING - Column age: 285 value(s) could not be converted to numeric and were set to NaN
2025-11-25 14:38:07,785 - src.clean - INFO - Column billing_amount converted to numeric successfully.
2025-11-25 14:38:07,855 - src.clean - WARNING - Column room_number: 394 value(s) could not be converted to numeric and were set to NaN
2025-11-25 14:38:07,856 - src.clean - INFO - Age range before validation: min=0.0, max=150.0
2025-11-25 14:38:07,858 - src.clean - WARNING - Age: 144 value(s) outside valid range (0–120); setting to NA
2025-11-25 14:38:07,860 - src.clean - INFO - Room_number range before validation: min=101.0, max=500.0
2025-11-25 14:38:07,862 - src.clean - INFO - Rounded billing_amount to 2 decimal places.
2025-11-25 14:38:07,943 - src.clean - WARNING - Column date_of_admission: 2858 value(s) could not be parsed as datetime and were set to NaT
2025-11-25 14:38:07,962 - src.clean - WARNING - Column discharge_date: 2858 value(s) could not be parsed as datetime and were set to NaT
2025-11-25 14:38:07,962 - src.clean - INFO - clean() completed. Output df has 57165 rows x 15 columns
2025-11-25 14:38:07,963 - src.transform - INFO - Starting transform(): input df has 57165 rows x 15 columns
2025-11-25 14:38:08,038 - src.transform - INFO - Built people_df: 55143 rows x 5 columns
2025-11-25 14:38:08,079 - src.transform - INFO - Built doctors_df (pre-hospital merge): 51460 rows x 3 columns
2025-11-25 14:38:08,093 - src.transform - INFO - Built hospitals_df: 39008 rows x 2 columns
2025-11-25 14:38:08,148 - src.transform - INFO - Updated doctors_df after hospital merge: 51460 rows x 4 columns
2025-11-25 14:38:08,155 - src.transform - INFO - Built conditions_df: 7 rows x 2 columns
2025-11-25 14:38:08,164 - src.transform - INFO - Built insurance_df: 7 rows x 2 columns
2025-11-25 14:38:08,178 - src.transform - WARNING - test_results_df: 2839 invalid or null result_label value(s) dropped before dimension build
2025-11-25 14:38:08,183 - src.transform - INFO - Built test_results_df: 3 rows x 2 columns
2025-11-25 14:38:08,197 - src.transform - INFO - Built admission_types_df: 4 rows x 2 columns
2025-11-25 14:38:08,197 - src.transform - INFO - Merging people into base df...
2025-11-25 14:38:08,301 - src.transform - INFO - Merging doctors into base df...
2025-11-25 14:38:08,389 - src.transform - INFO - Merging conditions into base df...
2025-11-25 14:38:08,636 - src.transform - INFO - Merging insurance into base df...
2025-11-25 14:38:08,702 - src.transform - INFO - Merging test_results into base df...
2025-11-25 14:38:08,848 - src.transform - INFO - Merging admission_types into base df...
2025-11-25 14:38:08,934 - src.transform - INFO - Finished merges; df is now 57165 rows x 27 columns
2025-11-25 14:38:10,643 - src.transform - INFO - Built admissions_df: 39539 rows x 12 columns
2025-11-25 14:38:10,643 - src.transform - INFO - After reject split: 39539 valid admissions, 17626 rejected rows
2025-11-25 14:38:10,644 - src.transform - INFO - transform() completed successfully. Output tables: {'people': (55143, 5), 'doctors': (51460, 4), 'hospitals': (39008, 2), 'conditions': (7, 2), 'insurance': (7, 2), 'admission_types': (4, 2), 'test_results': (3, 2), 'admissions': (39539, 12), 'rejects': (17626, 16)}
2025-11-25 14:38:10,651 - src.load - INFO - Starting load()
2025-11-25 14:38:10,652 - src.load - INFO - Row counts - people=55143, hospitals=39008, doctors=51460, conditions=7, insurance=7, test_results=3, admission_types=4, admissions=39539, rejects=17626
2025-11-25 14:38:10,652 - src.load - INFO - Connecting to database...
2025-11-25 14:38:10,886 - src.load - INFO - Database connection established.
2025-11-25 14:38:10,886 - src.load - INFO - Creating tables if they do not exist...
2025-11-25 14:38:10,968 - src.load - INFO - Tables created/verified successfully.
2025-11-25 14:38:10,968 - src.load - INFO - Truncating tables and resetting identities...
2025-11-25 14:38:11,241 - src.load - INFO - Tables truncated.
2025-11-25 14:38:11,242 - src.load - INFO - Inserting into people...
2025-11-25 14:38:25,242 - src.load - INFO - Inserting into hospitals...
2025-11-25 14:38:31,459 - src.load - INFO - Inserting into doctors...
2025-11-25 14:38:41,015 - src.load - INFO - Inserting into conditions...
2025-11-25 14:38:41,025 - src.load - INFO - Inserting into insurance...
2025-11-25 14:38:41,061 - src.load - INFO - Inserting into test_results...
2025-11-25 14:38:41,079 - src.load - INFO - Inserting into admission_types...
2025-11-25 14:38:41,087 - src.load - INFO - Inserting into admission_data...
2025-11-25 14:38:54,344 - src.load - INFO - Inserting into rejects...
2025-11-25 14:39:01,258 - src.load - INFO - Load completed successfully.
2025-11-25 14:39:01,259 - src.load - INFO - Database connection closed. End of load().
2025-11-25 15:04:06,128 - src.transform - INFO - Starting transform(): input df has 1 rows x 15 columns
2025-11-25 15:04:06,138 - src.transform - INFO - Built people_df: 1 rows x 5 columns
2025-11-25 15:04:06,139 - src.transform - INFO - Built doctors_df (pre-hospital merge): 1 rows x 3 columns
2025-11-25 15:04:06,141 - src.transform - INFO - Built hospitals_df: 1 rows x 2 columns
2025-11-25 15:04:06,144 - src.transform - INFO - Updated doctors_df after hospital merge: 1 rows x 4 columns
2025-11-25 15:04:06,145 - src.transform - INFO - Built conditions_df: 1 rows x 2 columns
2025-11-25 15:04:06,146 - src.transform - INFO - Built insurance_df: 1 rows x 2 columns
2025-11-25 15:04:06,148 - src.transform - WARNING - test_results_df: 1 invalid or null result_label value(s) dropped before dimension build
2025-11-25 15:04:06,149 - src.transform - INFO - Built test_results_df: 0 rows x 2 columns
2025-11-25 15:04:06,150 - src.transform - INFO - Built admission_types_df: 1 rows x 2 columns
2025-11-25 15:04:06,150 - src.transform - INFO - Merging people into base df...
2025-11-25 15:04:06,153 - src.transform - INFO - Merging doctors into base df...
2025-11-25 15:04:06,154 - src.transform - INFO - Merging conditions into base df...
2025-11-25 15:04:06,155 - src.transform - INFO - Merging insurance into base df...
2025-11-25 15:04:06,156 - src.transform - INFO - Merging test_results into base df...
2025-11-25 15:04:06,157 - src.transform - INFO - Merging admission_types into base df...
2025-11-25 15:04:06,158 - src.transform - INFO - Finished merges; df is now 1 rows x 27 columns
2025-11-25 15:04:06,164 - src.transform - INFO - Built admissions_df: 0 rows x 12 columns
2025-11-25 15:04:06,164 - src.transform - INFO - After reject split: 0 valid admissions, 1 rejected rows
2025-11-25 15:04:06,164 - src.transform - INFO - transform() completed successfully. Output tables: {'people': (1, 5), 'doctors': (1, 4), 'hospitals': (1, 2), 'conditions': (1, 2), 'insurance': (1, 2), 'admission_types': (1, 2), 'test_results': (0, 2), 'admissions': (0, 12), 'rejects': (1, 16)}
2025-11-25 15:06:09,552 - src.transform - INFO - Starting transform(): input df has 1 rows x 15 columns
2025-11-25 15:06:09,571 - src.transform - INFO - Built people_df: 1 rows x 5 columns
2025-11-25 15:06:09,572 - src.transform - INFO - Built doctors_df (pre-hospital merge): 1 rows x 3 columns
2025-11-25 15:06:09,573 - src.transform - INFO - Built hospitals_df: 1 rows x 2 columns
2025-11-25 15:06:09,576 - src.transform - INFO - Updated doctors_df after hospital merge: 1 rows x 4 columns
2025-11-25 15:06:09,577 - src.transform - INFO - Built conditions_df: 1 rows x 2 columns
2025-11-25 15:06:09,578 - src.transform - INFO - Built insurance_df: 1 rows x 2 columns
2025-11-25 15:06:09,581 - src.transform - WARNING - test_results_df: 1 invalid or null result_label value(s) dropped before dimension build
2025-11-25 15:06:09,581 - src.transform - INFO - Built test_results_df: 0 rows x 2 columns
2025-11-25 15:06:09,583 - src.transform - INFO - Built admission_types_df: 1 rows x 2 columns
2025-11-25 15:06:09,583 - src.transform - INFO - Merging people into base df...
2025-11-25 15:06:09,615 - src.transform - INFO - Merging doctors into base df...
2025-11-25 15:06:09,620 - src.transform - INFO - Merging conditions into base df...
2025-11-25 15:06:09,624 - src.transform - INFO - Merging insurance into base df...
2025-11-25 15:06:09,627 - src.transform - INFO - Merging test_results into base df...
2025-11-25 15:06:09,629 - src.transform - INFO - Merging admission_types into base df...
2025-11-25 15:06:09,630 - src.transform - INFO - Finished merges; df is now 1 rows x 27 columns
2025-11-25 15:06:09,638 - src.transform - INFO - Built admissions_df: 0 rows x 12 columns
2025-11-25 15:06:09,638 - src.transform - INFO - After reject split: 0 valid admissions, 1 rejected rows
2025-11-25 15:06:09,638 - src.transform - INFO - transform() completed successfully. Output tables: {'people': (1, 5), 'doctors': (1, 4), 'hospitals': (1, 2), 'conditions': (1, 2), 'insurance': (1, 2), 'admission_types': (1, 2), 'test_results': (0, 2), 'admissions': (0, 12), 'rejects': (1, 16)}
2025-11-25 15:08:20,056 - src.transform - INFO - Starting transform(): input df has 1 rows x 15 columns
2025-11-25 15:08:20,077 - src.transform - INFO - Built people_df: 1 rows x 5 columns
2025-11-25 15:08:20,080 - src.transform - INFO - Built doctors_df (pre-hospital merge): 1 rows x 3 columns
2025-11-25 15:08:20,084 - src.transform - INFO - Built hospitals_df: 1 rows x 2 columns
2025-11-25 15:08:20,092 - src.transform - INFO - Updated doctors_df after hospital merge: 1 rows x 4 columns
2025-11-25 15:08:20,094 - src.transform - INFO - Built conditions_df: 1 rows x 2 columns
2025-11-25 15:08:20,098 - src.transform - INFO - Built insurance_df: 1 rows x 2 columns
2025-11-25 15:08:20,107 - src.transform - WARNING - test_results_df: 1 invalid or null result_label value(s) dropped before dimension build
2025-11-25 15:08:20,108 - src.transform - INFO - Built test_results_df: 0 rows x 2 columns
2025-11-25 15:08:20,109 - src.transform - INFO - Built admission_types_df: 1 rows x 2 columns
2025-11-25 15:08:20,110 - src.transform - INFO - Merging people into base df...
2025-11-25 15:08:20,113 - src.transform - INFO - Merging doctors into base df...
2025-11-25 15:08:20,116 - src.transform - INFO - Merging conditions into base df...
2025-11-25 15:08:20,117 - src.transform - INFO - Merging insurance into base df...
2025-11-25 15:08:20,118 - src.transform - INFO - Merging test_results into base df...
2025-11-25 15:08:20,120 - src.transform - INFO - Merging admission_types into base df...
2025-11-25 15:08:20,122 - src.transform - INFO - Finished merges; df is now 1 rows x 27 columns
2025-11-25 15:08:20,128 - src.transform - INFO - Built admissions_df: 0 rows x 12 columns
2025-11-25 15:08:20,129 - src.transform - INFO - After reject split: 0 valid admissions, 1 rejected rows
2025-11-25 15:08:20,129 - src.transform - INFO - transform() completed successfully. Output tables: {'people': (1, 5), 'doctors': (1, 4), 'hospitals': (1, 2), 'conditions': (1, 2), 'insurance': (1, 2), 'admission_types': (1, 2), 'test_results': (0, 2), 'admissions': (0, 12), 'rejects': (1, 16)}
2025-11-25 15:14:14,134 - src.clean - INFO - Starting clean(): input df has 1 rows x 9 columns
2025-11-25 15:14:14,135 - src.clean - INFO - Normalized column names. Before: ['name', 'age', 'gender', 'blood_type', 'doctor', 'hospital', 'insurance_provider', 'medical_condition', 'test_results'] | After: ['name', 'age', 'gender', 'blood_type', 'doctor', 'hospital', 'insurance_provider', 'medical_condition', 'test_results']
2025-11-25 15:14:14,136 - src.clean - INFO - Stripping whitespace from string columns: ['name', 'gender', 'blood_type', 'doctor', 'hospital', 'insurance_provider', 'medical_condition', 'test_results']
2025-11-25 15:14:14,158 - src.clean - WARNING - test_results: 1 value(s) not in ['inconclusive', 'normal', 'abnormal']; setting to NA
2025-11-25 15:14:14,158 - src.clean - INFO - Standardized string columns where present.
2025-11-25 15:14:14,161 - src.clean - INFO - Column age converted to numeric successfully.
2025-11-25 15:14:14,161 - src.clean - INFO - Age range before validation: min=30, max=30
2025-11-25 15:14:14,162 - src.clean - INFO - clean() completed. Output df has 1 rows x 9 columns
2025-11-25 15:14:14,165 - src.transform - INFO - Starting transform(): input df has 1 rows x 15 columns
2025-11-25 15:14:14,168 - src.transform - INFO - Built people_df: 1 rows x 5 columns
2025-11-25 15:14:14,169 - src.transform - INFO - Built doctors_df (pre-hospital merge): 1 rows x 3 columns
2025-11-25 15:14:14,170 - src.transform - INFO - Built hospitals_df: 1 rows x 2 columns
2025-11-25 15:14:14,176 - src.transform - INFO - Updated doctors_df after hospital merge: 1 rows x 4 columns
2025-11-25 15:14:14,180 - src.transform - INFO - Built conditions_df: 1 rows x 2 columns
2025-11-25 15:14:14,181 - src.transform - INFO - Built insurance_df: 1 rows x 2 columns
2025-11-25 15:14:14,182 - src.transform - WARNING - test_results_df: 1 invalid or null result_label value(s) dropped before dimension build
2025-11-25 15:14:14,183 - src.transform - INFO - Built test_results_df: 0 rows x 2 columns
2025-11-25 15:14:14,184 - src.transform - INFO - Built admission_types_df: 1 rows x 2 columns
2025-11-25 15:14:14,184 - src.transform - INFO - Merging people into base df...
2025-11-25 15:14:14,192 - src.transform - INFO - Merging doctors into base df...
2025-11-25 15:14:14,196 - src.transform - INFO - Merging conditions into base df...
2025-11-25 15:14:14,198 - src.transform - INFO - Merging insurance into base df...
2025-11-25 15:14:14,200 - src.transform - INFO - Merging test_results into base df...
2025-11-25 15:14:14,209 - src.transform - INFO - Merging admission_types into base df...
2025-11-25 15:14:14,212 - src.transform - INFO - Finished merges; df is now 1 rows x 27 columns
2025-11-25 15:14:14,221 - src.transform - INFO - Built admissions_df: 0 rows x 12 columns
2025-11-25 15:14:14,221 - src.transform - INFO - After reject split: 0 valid admissions, 1 rejected rows
2025-11-25 15:14:14,221 - src.transform - INFO - transform() completed successfully. Output tables: {'people': (1, 5), 'doctors': (1, 4), 'hospitals': (1, 2), 'conditions': (1, 2), 'insurance': (1, 2), 'admission_types': (1, 2), 'test_results': (0, 2), 'admissions': (0, 12), 'rejects': (1, 16)}
2025-11-25 15:14:14,221 - src.clean - INFO - Starting clean(): input df has 1 rows x 15 columns
2025-11-25 15:14:14,222 - src.clean - INFO - Normalized column names. Before: ['name', 'age', 'gender', 'blood_type', 'medical_condition', 'date_of_admission', 'doctor', 'hospital', 'insurance_provider', 'billing_amount', 'room_number', 'admission_type', 'discharge_date', 'medication', 'test_results'] | After: ['name', 'age', 'gender', 'blood_type', 'medical_condition', 'date_of_admission', 'doctor', 'hospital', 'insurance_provider', 'billing_amount', 'room_number', 'admission_type', 'discharge_date', 'medication', 'test_results']
2025-11-25 15:14:14,223 - src.clean - INFO - Stripping whitespace from string columns: ['name', 'gender', 'blood_type', 'medical_condition', 'date_of_admission', 'doctor', 'hospital', 'insurance_provider', 'admission_type', 'discharge_date', 'medication', 'test_results']
2025-11-25 15:14:14,234 - src.clean - WARNING - test_results: 1 value(s) not in ['inconclusive', 'normal', 'abnormal']; setting to NA
2025-11-25 15:14:14,235 - src.clean - INFO - Standardized string columns where present.
2025-11-25 15:14:14,236 - src.clean - INFO - Column age converted to numeric successfully.
2025-11-25 15:14:14,237 - src.clean - INFO - Column billing_amount converted to numeric successfully.
2025-11-25 15:14:14,237 - src.clean - INFO - Column room_number converted to numeric successfully.
2025-11-25 15:14:14,238 - src.clean - INFO - Age range before validation: min=30, max=30
2025-11-25 15:14:14,238 - src.clean - INFO - Room_number range before validation: min=101, max=101
2025-11-25 15:14:14,239 - src.clean - INFO - Rounded billing_amount to 2 decimal places.
2025-11-25 15:14:14,243 - src.clean - INFO - Column date_of_admission parsed as datetime successfully.
2025-11-25 15:14:14,244 - src.clean - INFO - Column discharge_date parsed as datetime successfully.
2025-11-25 15:14:14,244 - src.clean - INFO - clean() completed. Output df has 1 rows x 15 columns
2025-11-26 09:34:19,276 - src.clean - INFO - Starting clean(): input df has 2 rows x 3 columns
2025-11-26 09:34:19,277 - src.clean - INFO - Normalized column names. Before: [' Name ', 'GENDER', 'hospital Name'] | After: ['name', 'gender', 'hospital_name']
2025-11-26 09:34:19,301 - src.clean - INFO - Stripping whitespace from string columns: ['name', 'gender', 'hospital_name']
2025-11-26 09:34:19,360 - src.clean - INFO - Standardized string columns where present.
2025-11-26 09:34:19,360 - src.clean - INFO - clean() completed. Output df has 2 rows x 3 columns
2025-11-26 09:34:19,494 - src.clean - INFO - Starting clean(): input df has 1 rows x 2 columns
2025-11-26 09:34:19,494 - src.clean - INFO - Normalized column names. Before: ['NAME', 'GENDER'] | After: ['name', 'gender']
2025-11-26 09:34:19,495 - src.clean - INFO - Stripping whitespace from string columns: ['name', 'gender']
2025-11-26 09:34:19,500 - src.clean - INFO - Standardized string columns where present.
2025-11-26 09:34:19,500 - src.clean - INFO - clean() completed. Output df has 1 rows x 2 columns
2025-11-26 09:39:34,603 - src.clean - INFO - Starting clean(): input df has 2 rows x 3 columns
2025-11-26 09:39:34,604 - src.clean - INFO - Normalized column names. Before: [' Name ', 'GENDER', 'hospitAL'] | After: ['name', 'gender', 'hospital']
2025-11-26 09:39:34,626 - src.clean - INFO - Stripping whitespace from string columns: ['name', 'gender', 'hospital']
2025-11-26 09:39:34,690 - src.clean - INFO - Standardized string columns where present.
2025-11-26 09:39:34,690 - src.clean - INFO - clean() completed. Output df has 2 rows x 3 columns
2025-11-26 09:39:34,981 - src.clean - INFO - Starting clean(): input df has 1 rows x 2 columns
2025-11-26 09:39:34,984 - src.clean - INFO - Normalized column names. Before: ['NAME', 'GENDER'] | After: ['name', 'gender']
2025-11-26 09:39:34,986 - src.clean - INFO - Stripping whitespace from string columns: ['name', 'gender']
2025-11-26 09:39:35,001 - src.clean - INFO - Standardized string columns where present.
2025-11-26 09:39:35,002 - src.clean - INFO - clean() completed. Output df has 1 rows x 2 columns
2025-11-26 09:39:46,935 - src.clean - INFO - Starting clean(): input df has 2 rows x 3 columns
2025-11-26 09:39:46,936 - src.clean - INFO - Normalized column names. Before: [' Name ', 'GENDER', 'hospitAL'] | After: ['name', 'gender', 'hospital']
2025-11-26 09:39:46,946 - src.clean - INFO - Stripping whitespace from string columns: ['name', 'gender', 'hospital']
2025-11-26 09:39:47,011 - src.clean - INFO - Standardized string columns where present.
2025-11-26 09:39:47,011 - src.clean - INFO - clean() completed. Output df has 2 rows x 3 columns
2025-11-26 09:39:47,149 - src.clean - INFO - Starting clean(): input df has 1 rows x 2 columns
2025-11-26 09:39:47,149 - src.clean - INFO - Normalized column names. Before: ['NAME', 'GENDER'] | After: ['name', 'gender']
2025-11-26 09:39:47,151 - src.clean - INFO - Stripping whitespace from string columns: ['name', 'gender']
2025-11-26 09:39:47,157 - src.clean - INFO - Standardized string columns where present.
2025-11-26 09:39:47,158 - src.clean - INFO - clean() completed. Output df has 1 rows x 2 columns
2025-11-26 09:39:57,259 - src.clean - INFO - Starting clean(): input df has 2 rows x 3 columns
2025-11-26 09:39:57,260 - src.clean - INFO - Normalized column names. Before: [' Name ', 'GENDER', 'hospitAL'] | After: ['name', 'gender', 'hospital']
2025-11-26 09:39:57,261 - src.clean - INFO - Stripping whitespace from string columns: ['name', 'gender', 'hospital']
2025-11-26 09:39:57,277 - src.clean - INFO - Standardized string columns where present.
2025-11-26 09:39:57,278 - src.clean - INFO - clean() completed. Output df has 2 rows x 3 columns
2025-11-26 09:39:57,470 - src.clean - INFO - Starting clean(): input df has 1 rows x 2 columns
2025-11-26 09:39:57,472 - src.clean - INFO - Normalized column names. Before: ['NAME', 'GENDER'] | After: ['name', 'gender']
2025-11-26 09:39:57,472 - src.clean - INFO - Stripping whitespace from string columns: ['name', 'gender']
2025-11-26 09:39:57,475 - src.clean - INFO - Standardized string columns where present.
2025-11-26 09:39:57,475 - src.clean - INFO - clean() completed. Output df has 1 rows x 2 columns
2025-11-26 09:40:04,945 - src.clean - INFO - Starting clean(): input df has 2 rows x 3 columns
2025-11-26 09:40:04,949 - src.clean - INFO - Normalized column names. Before: [' Name ', 'GENDER', 'hospitAL'] | After: ['name', 'gender', 'hospital']
2025-11-26 09:40:04,950 - src.clean - INFO - Stripping whitespace from string columns: ['name', 'gender', 'hospital']
2025-11-26 09:40:04,970 - src.clean - INFO - Standardized string columns where present.
2025-11-26 09:40:04,970 - src.clean - INFO - clean() completed. Output df has 2 rows x 3 columns
2025-11-26 09:40:04,982 - src.clean - INFO - Starting clean(): input df has 1 rows x 2 columns
2025-11-26 09:40:04,983 - src.clean - INFO - Normalized column names. Before: ['NAME', 'GENDER'] | After: ['name', 'gender']
2025-11-26 09:40:04,984 - src.clean - INFO - Stripping whitespace from string columns: ['name', 'gender']
2025-11-26 09:40:04,992 - src.clean - INFO - Standardized string columns where present.
2025-11-26 09:40:04,998 - src.clean - INFO - clean() completed. Output df has 1 rows x 2 columns
2025-11-26 09:48:56,977 - src.clean - INFO - Starting clean(): input df has 2 rows x 3 columns
2025-11-26 09:48:56,981 - src.clean - INFO - Normalized column names. Before: [' Name ', 'GENDER', 'hospitAL'] | After: ['name', 'gender', 'hospital']
2025-11-26 09:48:57,000 - src.clean - INFO - Stripping whitespace from string columns: ['name', 'gender', 'hospital']
2025-11-26 09:48:57,073 - src.clean - INFO - Standardized string columns where present.
2025-11-26 09:48:57,073 - src.clean - INFO - clean() completed. Output df has 2 rows x 3 columns
2025-11-26 09:48:57,080 - src.clean - INFO - Starting clean(): input df has 1 rows x 2 columns
2025-11-26 09:48:57,082 - src.clean - INFO - Normalized column names. Before: ['NAME', 'GENDER'] | After: ['name', 'gender']
2025-11-26 09:48:57,082 - src.clean - INFO - Stripping whitespace from string columns: ['name', 'gender']
2025-11-26 09:48:57,091 - src.clean - INFO - Standardized string columns where present.
2025-11-26 09:48:57,091 - src.clean - INFO - clean() completed. Output df has 1 rows x 2 columns
2025-11-26 09:48:57,189 - src.transform - INFO - Starting transform(): input df has 2 rows x 15 columns
2025-11-26 09:48:57,210 - src.transform - INFO - Built people_df: 2 rows x 5 columns
2025-11-26 09:48:57,211 - src.transform - INFO - Built doctors_df (pre-hospital merge): 2 rows x 3 columns
2025-11-26 09:48:57,216 - src.transform - INFO - Built hospitals_df: 2 rows x 2 columns
2025-11-26 09:48:57,221 - src.transform - INFO - Updated doctors_df after hospital merge: 2 rows x 4 columns
2025-11-26 09:48:57,222 - src.transform - INFO - Built conditions_df: 2 rows x 2 columns
2025-11-26 09:48:57,223 - src.transform - INFO - Built insurance_df: 1 rows x 2 columns
2025-11-26 09:48:57,227 - src.transform - INFO - Built test_results_df: 2 rows x 2 columns
2025-11-26 09:48:57,228 - src.transform - INFO - Built admission_types_df: 2 rows x 2 columns
2025-11-26 09:48:57,228 - src.transform - INFO - Merging people into base df...
2025-11-26 09:48:57,232 - src.transform - INFO - Merging doctors into base df...
2025-11-26 09:48:57,233 - src.transform - INFO - Merging conditions into base df...
2025-11-26 09:48:57,234 - src.transform - INFO - Merging insurance into base df...
2025-11-26 09:48:57,237 - src.transform - INFO - Merging test_results into base df...
2025-11-26 09:48:57,239 - src.transform - INFO - Merging admission_types into base df...
2025-11-26 09:48:57,240 - src.transform - INFO - Finished merges; df is now 2 rows x 27 columns
2025-11-26 09:48:57,251 - src.transform - INFO - Built admissions_df: 2 rows x 12 columns
2025-11-26 09:48:57,251 - src.transform - INFO - After reject split: 2 valid admissions, 0 rejected rows
2025-11-26 09:48:57,251 - src.transform - INFO - transform() completed successfully. Output tables: {'people': (2, 5), 'doctors': (2, 4), 'hospitals': (2, 2), 'conditions': (2, 2), 'insurance': (1, 2), 'admission_types': (2, 2), 'test_results': (2, 2), 'admissions': (2, 12), 'rejects': (0, 16)}
2025-11-26 09:48:57,255 - src.transform - INFO - Starting transform(): input df has 3 rows x 15 columns
2025-11-26 09:48:57,257 - src.transform - INFO - Built people_df: 2 rows x 5 columns
2025-11-26 09:48:57,258 - src.transform - INFO - Built doctors_df (pre-hospital merge): 2 rows x 3 columns
2025-11-26 09:48:57,259 - src.transform - INFO - Built hospitals_df: 2 rows x 2 columns
2025-11-26 09:48:57,261 - src.transform - INFO - Updated doctors_df after hospital merge: 2 rows x 4 columns
2025-11-26 09:48:57,262 - src.transform - INFO - Built conditions_df: 2 rows x 2 columns
2025-11-26 09:48:57,263 - src.transform - INFO - Built insurance_df: 1 rows x 2 columns
2025-11-26 09:48:57,273 - src.transform - WARNING - test_results_df: 1 invalid or null result_label value(s) dropped before dimension build
2025-11-26 09:48:57,287 - src.transform - INFO - Built test_results_df: 2 rows x 2 columns
2025-11-26 09:48:57,290 - src.transform - INFO - Built admission_types_df: 2 rows x 2 columns
2025-11-26 09:48:57,290 - src.transform - INFO - Merging people into base df...
2025-11-26 09:48:57,293 - src.transform - INFO - Merging doctors into base df...
2025-11-26 09:48:57,294 - src.transform - INFO - Merging conditions into base df...
2025-11-26 09:48:57,302 - src.transform - INFO - Merging insurance into base df...
2025-11-26 09:48:57,304 - src.transform - INFO - Merging test_results into base df...
2025-11-26 09:48:57,305 - src.transform - INFO - Merging admission_types into base df...
2025-11-26 09:48:57,312 - src.transform - INFO - Finished merges; df is now 3 rows x 27 columns
2025-11-26 09:48:57,318 - src.transform - INFO - Built admissions_df: 2 rows x 12 columns
2025-11-26 09:48:57,318 - src.transform - INFO - After reject split: 2 valid admissions, 1 rejected rows
2025-11-26 09:48:57,318 - src.transform - INFO - transform() completed successfully. Output tables: {'people': (2, 5), 'doctors': (2, 4), 'hospitals': (2, 2), 'conditions': (2, 2), 'insurance': (1, 2), 'admission_types': (2, 2), 'test_results': (2, 2), 'admissions': (2, 12), 'rejects': (1, 16)}
2025-11-26 09:48:57,446 - src.transform - INFO - Starting transform(): input df has 1 rows x 14 columns
2025-11-26 09:48:57,446 - src.transform - ERROR - transform() failed.
Traceback (most recent call last):
  File "/Users/mattmurno/Desktop/Revature training files/etl_proj/src/transform.py", line 16, in transform
    df[["name", "age", "gender", "blood_type"]]
    ~~^^^^^^^^^^^^^^^^^^^^^^^^^^^^^^^^^^^^^^^^^
  File "/Users/mattmurno/Desktop/Revature training files/etl_proj/venv/lib/python3.11/site-packages/pandas/core/frame.py", line 4119, in __getitem__
    indexer = self.columns._get_indexer_strict(key, "columns")[1]
              ^^^^^^^^^^^^^^^^^^^^^^^^^^^^^^^^^^^^^^^^^^^^^^^^
  File "/Users/mattmurno/Desktop/Revature training files/etl_proj/venv/lib/python3.11/site-packages/pandas/core/indexes/base.py", line 6212, in _get_indexer_strict
    self._raise_if_missing(keyarr, indexer, axis_name)
  File "/Users/mattmurno/Desktop/Revature training files/etl_proj/venv/lib/python3.11/site-packages/pandas/core/indexes/base.py", line 6264, in _raise_if_missing
    raise KeyError(f"{not_found} not in index")
KeyError: "['name'] not in index"
2025-11-26 09:50:16,378 - src.clean - INFO - Starting clean(): input df has 2 rows x 3 columns
2025-11-26 09:50:16,380 - src.clean - INFO - Normalized column names. Before: [' Name ', 'GENDER', 'hospitAL'] | After: ['name', 'gender', 'hospital']
2025-11-26 09:50:16,384 - src.clean - INFO - Stripping whitespace from string columns: ['name', 'gender', 'hospital']
2025-11-26 09:50:16,401 - src.clean - INFO - Standardized string columns where present.
2025-11-26 09:50:16,401 - src.clean - INFO - clean() completed. Output df has 2 rows x 3 columns
2025-11-26 09:50:16,403 - src.clean - INFO - Starting clean(): input df has 1 rows x 2 columns
2025-11-26 09:50:16,403 - src.clean - INFO - Normalized column names. Before: ['NAME', 'GENDER'] | After: ['name', 'gender']
2025-11-26 09:50:16,403 - src.clean - INFO - Stripping whitespace from string columns: ['name', 'gender']
2025-11-26 09:50:16,407 - src.clean - INFO - Standardized string columns where present.
2025-11-26 09:50:16,407 - src.clean - INFO - clean() completed. Output df has 1 rows x 2 columns
2025-11-26 09:50:16,411 - src.transform - INFO - Starting transform(): input df has 2 rows x 15 columns
2025-11-26 09:50:16,416 - src.transform - INFO - Built people_df: 2 rows x 5 columns
2025-11-26 09:50:16,417 - src.transform - INFO - Built doctors_df (pre-hospital merge): 2 rows x 3 columns
2025-11-26 09:50:16,419 - src.transform - INFO - Built hospitals_df: 2 rows x 2 columns
2025-11-26 09:50:16,423 - src.transform - INFO - Updated doctors_df after hospital merge: 2 rows x 4 columns
2025-11-26 09:50:16,424 - src.transform - INFO - Built conditions_df: 2 rows x 2 columns
2025-11-26 09:50:16,426 - src.transform - INFO - Built insurance_df: 1 rows x 2 columns
2025-11-26 09:50:16,432 - src.transform - INFO - Built test_results_df: 2 rows x 2 columns
2025-11-26 09:50:16,434 - src.transform - INFO - Built admission_types_df: 2 rows x 2 columns
2025-11-26 09:50:16,434 - src.transform - INFO - Merging people into base df...
2025-11-26 09:50:16,436 - src.transform - INFO - Merging doctors into base df...
2025-11-26 09:50:16,439 - src.transform - INFO - Merging conditions into base df...
2025-11-26 09:50:16,440 - src.transform - INFO - Merging insurance into base df...
2025-11-26 09:50:16,444 - src.transform - INFO - Merging test_results into base df...
2025-11-26 09:50:16,445 - src.transform - INFO - Merging admission_types into base df...
2025-11-26 09:50:16,446 - src.transform - INFO - Finished merges; df is now 2 rows x 27 columns
2025-11-26 09:50:16,453 - src.transform - INFO - Built admissions_df: 2 rows x 12 columns
2025-11-26 09:50:16,453 - src.transform - INFO - After reject split: 2 valid admissions, 0 rejected rows
2025-11-26 09:50:16,453 - src.transform - INFO - transform() completed successfully. Output tables: {'people': (2, 5), 'doctors': (2, 4), 'hospitals': (2, 2), 'conditions': (2, 2), 'insurance': (1, 2), 'admission_types': (2, 2), 'test_results': (2, 2), 'admissions': (2, 12), 'rejects': (0, 16)}
2025-11-26 09:50:16,459 - src.transform - INFO - Starting transform(): input df has 3 rows x 15 columns
2025-11-26 09:50:16,461 - src.transform - INFO - Built people_df: 2 rows x 5 columns
2025-11-26 09:50:16,462 - src.transform - INFO - Built doctors_df (pre-hospital merge): 2 rows x 3 columns
2025-11-26 09:50:16,463 - src.transform - INFO - Built hospitals_df: 2 rows x 2 columns
2025-11-26 09:50:16,465 - src.transform - INFO - Updated doctors_df after hospital merge: 2 rows x 4 columns
2025-11-26 09:50:16,467 - src.transform - INFO - Built conditions_df: 2 rows x 2 columns
2025-11-26 09:50:16,469 - src.transform - INFO - Built insurance_df: 1 rows x 2 columns
2025-11-26 09:50:16,470 - src.transform - WARNING - test_results_df: 1 invalid or null result_label value(s) dropped before dimension build
2025-11-26 09:50:16,471 - src.transform - INFO - Built test_results_df: 2 rows x 2 columns
2025-11-26 09:50:16,473 - src.transform - INFO - Built admission_types_df: 2 rows x 2 columns
2025-11-26 09:50:16,473 - src.transform - INFO - Merging people into base df...
2025-11-26 09:50:16,508 - src.transform - INFO - Merging doctors into base df...
2025-11-26 09:50:16,509 - src.transform - INFO - Merging conditions into base df...
2025-11-26 09:50:16,511 - src.transform - INFO - Merging insurance into base df...
2025-11-26 09:50:16,512 - src.transform - INFO - Merging test_results into base df...
2025-11-26 09:50:16,514 - src.transform - INFO - Merging admission_types into base df...
2025-11-26 09:50:16,515 - src.transform - INFO - Finished merges; df is now 3 rows x 27 columns
2025-11-26 09:50:16,521 - src.transform - INFO - Built admissions_df: 2 rows x 12 columns
2025-11-26 09:50:16,521 - src.transform - INFO - After reject split: 2 valid admissions, 1 rejected rows
2025-11-26 09:50:16,521 - src.transform - INFO - transform() completed successfully. Output tables: {'people': (2, 5), 'doctors': (2, 4), 'hospitals': (2, 2), 'conditions': (2, 2), 'insurance': (1, 2), 'admission_types': (2, 2), 'test_results': (2, 2), 'admissions': (2, 12), 'rejects': (1, 16)}
2025-11-26 09:50:16,641 - src.transform - INFO - Starting transform(): input df has 1 rows x 14 columns
2025-11-26 09:50:16,642 - src.transform - ERROR - transform() failed.
Traceback (most recent call last):
  File "/Users/mattmurno/Desktop/Revature training files/etl_proj/src/transform.py", line 16, in transform
    df[["name", "age", "gender", "blood_type"]]
    ~~^^^^^^^^^^^^^^^^^^^^^^^^^^^^^^^^^^^^^^^^^
  File "/Users/mattmurno/Desktop/Revature training files/etl_proj/venv/lib/python3.11/site-packages/pandas/core/frame.py", line 4119, in __getitem__
    indexer = self.columns._get_indexer_strict(key, "columns")[1]
              ^^^^^^^^^^^^^^^^^^^^^^^^^^^^^^^^^^^^^^^^^^^^^^^^
  File "/Users/mattmurno/Desktop/Revature training files/etl_proj/venv/lib/python3.11/site-packages/pandas/core/indexes/base.py", line 6212, in _get_indexer_strict
    self._raise_if_missing(keyarr, indexer, axis_name)
  File "/Users/mattmurno/Desktop/Revature training files/etl_proj/venv/lib/python3.11/site-packages/pandas/core/indexes/base.py", line 6264, in _raise_if_missing
    raise KeyError(f"{not_found} not in index")
KeyError: "['name'] not in index"
2025-11-26 09:52:58,429 - src.clean - INFO - Starting clean(): input df has 2 rows x 3 columns
2025-11-26 09:52:58,429 - src.clean - INFO - Normalized column names. Before: [' Name ', 'GENDER', 'hospitAL'] | After: ['name', 'gender', 'hospital']
2025-11-26 09:52:58,432 - src.clean - INFO - Stripping whitespace from string columns: ['name', 'gender', 'hospital']
2025-11-26 09:52:58,453 - src.clean - INFO - Standardized string columns where present.
2025-11-26 09:52:58,454 - src.clean - INFO - clean() completed. Output df has 2 rows x 3 columns
2025-11-26 09:52:58,456 - src.clean - INFO - Starting clean(): input df has 1 rows x 2 columns
2025-11-26 09:52:58,457 - src.clean - INFO - Normalized column names. Before: ['NAME', 'GENDER'] | After: ['name', 'gender']
2025-11-26 09:52:58,457 - src.clean - INFO - Stripping whitespace from string columns: ['name', 'gender']
2025-11-26 09:52:58,463 - src.clean - INFO - Standardized string columns where present.
2025-11-26 09:52:58,463 - src.clean - INFO - clean() completed. Output df has 1 rows x 2 columns
2025-11-26 09:52:58,468 - src.transform - INFO - Starting transform(): input df has 2 rows x 15 columns
2025-11-26 09:52:58,474 - src.transform - INFO - Built people_df: 2 rows x 5 columns
2025-11-26 09:52:58,477 - src.transform - INFO - Built doctors_df (pre-hospital merge): 2 rows x 3 columns
2025-11-26 09:52:58,480 - src.transform - INFO - Built hospitals_df: 2 rows x 2 columns
2025-11-26 09:52:58,489 - src.transform - INFO - Updated doctors_df after hospital merge: 2 rows x 4 columns
2025-11-26 09:52:58,490 - src.transform - INFO - Built conditions_df: 2 rows x 2 columns
2025-11-26 09:52:58,492 - src.transform - INFO - Built insurance_df: 1 rows x 2 columns
2025-11-26 09:52:58,495 - src.transform - INFO - Built test_results_df: 2 rows x 2 columns
2025-11-26 09:52:58,496 - src.transform - INFO - Built admission_types_df: 2 rows x 2 columns
2025-11-26 09:52:58,497 - src.transform - INFO - Merging people into base df...
2025-11-26 09:52:58,501 - src.transform - INFO - Merging doctors into base df...
2025-11-26 09:52:58,503 - src.transform - INFO - Merging conditions into base df...
2025-11-26 09:52:58,505 - src.transform - INFO - Merging insurance into base df...
2025-11-26 09:52:58,509 - src.transform - INFO - Merging test_results into base df...
2025-11-26 09:52:58,510 - src.transform - INFO - Merging admission_types into base df...
2025-11-26 09:52:58,513 - src.transform - INFO - Finished merges; df is now 2 rows x 27 columns
2025-11-26 09:52:58,523 - src.transform - INFO - Built admissions_df: 2 rows x 12 columns
2025-11-26 09:52:58,523 - src.transform - INFO - After reject split: 2 valid admissions, 0 rejected rows
2025-11-26 09:52:58,524 - src.transform - INFO - transform() completed successfully. Output tables: {'people': (2, 5), 'doctors': (2, 4), 'hospitals': (2, 2), 'conditions': (2, 2), 'insurance': (1, 2), 'admission_types': (2, 2), 'test_results': (2, 2), 'admissions': (2, 12), 'rejects': (0, 16)}
2025-11-26 09:52:58,539 - src.transform - WARNING - test_results_df: 1 invalid or null result_label value(s) dropped before dimension build
2025-11-26 09:52:58,820 - src.transform - ERROR - transform() failed.
Traceback (most recent call last):
  File "/Users/mattmurno/Desktop/Revature training files/etl_proj/src/transform.py", line 16, in transform
    df[["name", "age", "gender", "blood_type"]]
    ~~^^^^^^^^^^^^^^^^^^^^^^^^^^^^^^^^^^^^^^^^^
  File "/Users/mattmurno/Desktop/Revature training files/etl_proj/venv/lib/python3.11/site-packages/pandas/core/frame.py", line 4119, in __getitem__
    indexer = self.columns._get_indexer_strict(key, "columns")[1]
              ^^^^^^^^^^^^^^^^^^^^^^^^^^^^^^^^^^^^^^^^^^^^^^^^
  File "/Users/mattmurno/Desktop/Revature training files/etl_proj/venv/lib/python3.11/site-packages/pandas/core/indexes/base.py", line 6212, in _get_indexer_strict
    self._raise_if_missing(keyarr, indexer, axis_name)
  File "/Users/mattmurno/Desktop/Revature training files/etl_proj/venv/lib/python3.11/site-packages/pandas/core/indexes/base.py", line 6264, in _raise_if_missing
    raise KeyError(f"{not_found} not in index")
KeyError: "['name'] not in index"
2025-11-26 09:56:09,853 - src.clean - INFO - Starting clean(): input df has 2 rows x 3 columns
2025-11-26 09:56:09,854 - src.clean - INFO - Normalized column names. Before: [' Name ', 'GENDER', 'hospitAL'] | After: ['name', 'gender', 'hospital']
2025-11-26 09:56:09,893 - src.clean - INFO - Stripping whitespace from string columns: ['name', 'gender', 'hospital']
2025-11-26 09:56:09,967 - src.clean - INFO - Standardized string columns where present.
2025-11-26 09:56:09,967 - src.clean - INFO - clean() completed. Output df has 2 rows x 3 columns
2025-11-26 09:56:09,970 - src.clean - INFO - Starting clean(): input df has 1 rows x 2 columns
2025-11-26 09:56:09,970 - src.clean - INFO - Normalized column names. Before: ['NAME', 'GENDER'] | After: ['name', 'gender']
2025-11-26 09:56:09,971 - src.clean - INFO - Stripping whitespace from string columns: ['name', 'gender']
2025-11-26 09:56:09,975 - src.clean - INFO - Standardized string columns where present.
2025-11-26 09:56:09,975 - src.clean - INFO - clean() completed. Output df has 1 rows x 2 columns
2025-11-26 09:56:09,998 - src.transform - INFO - Starting transform(): input df has 2 rows x 15 columns
2025-11-26 09:56:10,080 - src.transform - INFO - Built people_df: 2 rows x 5 columns
2025-11-26 09:56:10,081 - src.transform - INFO - Built doctors_df (pre-hospital merge): 2 rows x 3 columns
2025-11-26 09:56:10,083 - src.transform - INFO - Built hospitals_df: 2 rows x 2 columns
2025-11-26 09:56:10,091 - src.transform - INFO - Updated doctors_df after hospital merge: 2 rows x 4 columns
2025-11-26 09:56:10,092 - src.transform - INFO - Built conditions_df: 2 rows x 2 columns
2025-11-26 09:56:10,094 - src.transform - INFO - Built insurance_df: 1 rows x 2 columns
2025-11-26 09:56:10,096 - src.transform - INFO - Built test_results_df: 2 rows x 2 columns
2025-11-26 09:56:10,097 - src.transform - INFO - Built admission_types_df: 2 rows x 2 columns
2025-11-26 09:56:10,097 - src.transform - INFO - Merging people into base df...
2025-11-26 09:56:10,099 - src.transform - INFO - Merging doctors into base df...
2025-11-26 09:56:10,101 - src.transform - INFO - Merging conditions into base df...
2025-11-26 09:56:10,102 - src.transform - INFO - Merging insurance into base df...
2025-11-26 09:56:10,104 - src.transform - INFO - Merging test_results into base df...
2025-11-26 09:56:10,106 - src.transform - INFO - Merging admission_types into base df...
2025-11-26 09:56:10,107 - src.transform - INFO - Finished merges; df is now 2 rows x 27 columns
2025-11-26 09:56:10,113 - src.transform - INFO - Built admissions_df: 2 rows x 12 columns
2025-11-26 09:56:10,113 - src.transform - INFO - After reject split: 2 valid admissions, 0 rejected rows
2025-11-26 09:56:10,113 - src.transform - INFO - transform() completed successfully. Output tables: {'people': (2, 5), 'doctors': (2, 4), 'hospitals': (2, 2), 'conditions': (2, 2), 'insurance': (1, 2), 'admission_types': (2, 2), 'test_results': (2, 2), 'admissions': (2, 12), 'rejects': (0, 16)}
2025-11-26 09:56:10,127 - src.transform - WARNING - test_results_df: 1 invalid or null result_label value(s) dropped before dimension build
2025-11-26 09:56:10,293 - src.transform - INFO - Starting transform(): input df has 1 rows x 14 columns
2025-11-26 09:56:10,293 - src.transform - ERROR - transform() failed.
Traceback (most recent call last):
  File "/Users/mattmurno/Desktop/Revature training files/etl_proj/src/transform.py", line 16, in transform
    df[["name", "age", "gender", "blood_type"]]
    ~~^^^^^^^^^^^^^^^^^^^^^^^^^^^^^^^^^^^^^^^^^
  File "/Users/mattmurno/Desktop/Revature training files/etl_proj/venv/lib/python3.11/site-packages/pandas/core/frame.py", line 4119, in __getitem__
    indexer = self.columns._get_indexer_strict(key, "columns")[1]
              ^^^^^^^^^^^^^^^^^^^^^^^^^^^^^^^^^^^^^^^^^^^^^^^^
  File "/Users/mattmurno/Desktop/Revature training files/etl_proj/venv/lib/python3.11/site-packages/pandas/core/indexes/base.py", line 6212, in _get_indexer_strict
    self._raise_if_missing(keyarr, indexer, axis_name)
  File "/Users/mattmurno/Desktop/Revature training files/etl_proj/venv/lib/python3.11/site-packages/pandas/core/indexes/base.py", line 6264, in _raise_if_missing
    raise KeyError(f"{not_found} not in index")
KeyError: "['name'] not in index"
2025-11-26 09:57:42,794 - src.clean - INFO - Starting clean(): input df has 2 rows x 3 columns
2025-11-26 09:57:42,795 - src.clean - INFO - Normalized column names. Before: [' Name ', 'GENDER', 'hospitAL'] | After: ['name', 'gender', 'hospital']
2025-11-26 09:57:42,809 - src.clean - INFO - Stripping whitespace from string columns: ['name', 'gender', 'hospital']
2025-11-26 09:57:42,834 - src.clean - INFO - Standardized string columns where present.
2025-11-26 09:57:42,834 - src.clean - INFO - clean() completed. Output df has 2 rows x 3 columns
2025-11-26 09:57:42,849 - src.clean - INFO - Starting clean(): input df has 1 rows x 2 columns
2025-11-26 09:57:42,850 - src.clean - INFO - Normalized column names. Before: ['NAME', 'GENDER'] | After: ['name', 'gender']
2025-11-26 09:57:42,851 - src.clean - INFO - Stripping whitespace from string columns: ['name', 'gender']
2025-11-26 09:57:42,859 - src.clean - INFO - Standardized string columns where present.
2025-11-26 09:57:42,859 - src.clean - INFO - clean() completed. Output df has 1 rows x 2 columns
2025-11-26 09:57:42,911 - src.transform - INFO - Starting transform(): input df has 2 rows x 15 columns
2025-11-26 09:57:42,923 - src.transform - INFO - Built people_df: 2 rows x 5 columns
2025-11-26 09:57:42,927 - src.transform - INFO - Built doctors_df (pre-hospital merge): 2 rows x 3 columns
2025-11-26 09:57:42,956 - src.transform - INFO - Built hospitals_df: 2 rows x 2 columns
2025-11-26 09:57:42,985 - src.transform - INFO - Updated doctors_df after hospital merge: 2 rows x 4 columns
2025-11-26 09:57:42,988 - src.transform - INFO - Built conditions_df: 2 rows x 2 columns
2025-11-26 09:57:42,990 - src.transform - INFO - Built insurance_df: 1 rows x 2 columns
2025-11-26 09:57:42,992 - src.transform - INFO - Built test_results_df: 2 rows x 2 columns
2025-11-26 09:57:42,994 - src.transform - INFO - Built admission_types_df: 2 rows x 2 columns
2025-11-26 09:57:42,994 - src.transform - INFO - Merging people into base df...
2025-11-26 09:57:42,997 - src.transform - INFO - Merging doctors into base df...
2025-11-26 09:57:43,000 - src.transform - INFO - Merging conditions into base df...
2025-11-26 09:57:43,002 - src.transform - INFO - Merging insurance into base df...
2025-11-26 09:57:43,009 - src.transform - INFO - Merging test_results into base df...
2025-11-26 09:57:43,010 - src.transform - INFO - Merging admission_types into base df...
2025-11-26 09:57:43,013 - src.transform - INFO - Finished merges; df is now 2 rows x 27 columns
2025-11-26 09:57:43,057 - src.transform - INFO - Built admissions_df: 2 rows x 12 columns
2025-11-26 09:57:43,057 - src.transform - INFO - After reject split: 2 valid admissions, 0 rejected rows
2025-11-26 09:57:43,057 - src.transform - INFO - transform() completed successfully. Output tables: {'people': (2, 5), 'doctors': (2, 4), 'hospitals': (2, 2), 'conditions': (2, 2), 'insurance': (1, 2), 'admission_types': (2, 2), 'test_results': (2, 2), 'admissions': (2, 12), 'rejects': (0, 16)}
2025-11-26 09:57:43,064 - src.transform - INFO - Starting transform(): input df has 3 rows x 15 columns
2025-11-26 09:57:43,065 - src.transform - INFO - Built people_df: 2 rows x 5 columns
2025-11-26 09:57:43,106 - src.transform - INFO - Built doctors_df (pre-hospital merge): 2 rows x 3 columns
2025-11-26 09:57:43,107 - src.transform - INFO - Built hospitals_df: 2 rows x 2 columns
2025-11-26 09:57:43,141 - src.transform - INFO - Updated doctors_df after hospital merge: 2 rows x 4 columns
2025-11-26 09:57:43,142 - src.transform - INFO - Built conditions_df: 2 rows x 2 columns
2025-11-26 09:57:43,143 - src.transform - INFO - Built insurance_df: 1 rows x 2 columns
2025-11-26 09:57:43,146 - src.transform - WARNING - test_results_df: 1 invalid or null result_label value(s) dropped before dimension build
2025-11-26 09:57:43,147 - src.transform - INFO - Built test_results_df: 2 rows x 2 columns
2025-11-26 09:57:43,170 - src.transform - INFO - Built admission_types_df: 2 rows x 2 columns
2025-11-26 09:57:43,170 - src.transform - INFO - Merging people into base df...
2025-11-26 09:57:43,172 - src.transform - INFO - Merging doctors into base df...
2025-11-26 09:57:43,174 - src.transform - INFO - Merging conditions into base df...
2025-11-26 09:57:43,175 - src.transform - INFO - Merging insurance into base df...
2025-11-26 09:57:43,176 - src.transform - INFO - Merging test_results into base df...
2025-11-26 09:57:43,177 - src.transform - INFO - Merging admission_types into base df...
2025-11-26 09:57:43,178 - src.transform - INFO - Finished merges; df is now 3 rows x 27 columns
2025-11-26 09:57:43,183 - src.transform - INFO - Built admissions_df: 2 rows x 12 columns
2025-11-26 09:57:43,183 - src.transform - INFO - After reject split: 2 valid admissions, 1 rejected rows
2025-11-26 09:57:43,183 - src.transform - INFO - transform() completed successfully. Output tables: {'people': (2, 5), 'doctors': (2, 4), 'hospitals': (2, 2), 'conditions': (2, 2), 'insurance': (1, 2), 'admission_types': (2, 2), 'test_results': (2, 2), 'admissions': (2, 12), 'rejects': (1, 16)}
2025-11-26 09:57:43,187 - src.transform - INFO - Starting transform(): input df has 1 rows x 14 columns
2025-11-26 09:57:43,189 - src.transform - ERROR - transform() failed.
Traceback (most recent call last):
  File "/Users/mattmurno/Desktop/Revature training files/etl_proj/src/transform.py", line 16, in transform
    df[["name", "age", "gender", "blood_type"]]
    ~~^^^^^^^^^^^^^^^^^^^^^^^^^^^^^^^^^^^^^^^^^
  File "/Users/mattmurno/Desktop/Revature training files/etl_proj/venv/lib/python3.11/site-packages/pandas/core/frame.py", line 4119, in __getitem__
    indexer = self.columns._get_indexer_strict(key, "columns")[1]
              ^^^^^^^^^^^^^^^^^^^^^^^^^^^^^^^^^^^^^^^^^^^^^^^^
  File "/Users/mattmurno/Desktop/Revature training files/etl_proj/venv/lib/python3.11/site-packages/pandas/core/indexes/base.py", line 6212, in _get_indexer_strict
    self._raise_if_missing(keyarr, indexer, axis_name)
  File "/Users/mattmurno/Desktop/Revature training files/etl_proj/venv/lib/python3.11/site-packages/pandas/core/indexes/base.py", line 6264, in _raise_if_missing
    raise KeyError(f"{not_found} not in index")
KeyError: "['name'] not in index"
2025-12-01 08:35:04,225 - src.clean - INFO - Starting clean(): input df has 2 rows x 3 columns
2025-12-01 08:35:04,226 - src.clean - INFO - Normalized column names. Before: [' Name ', 'GENDER', 'hospitAL'] | After: ['name', 'gender', 'hospital']
2025-12-01 08:35:04,263 - src.clean - INFO - Stripping whitespace from string columns: ['name', 'gender', 'hospital']
2025-12-01 08:35:04,300 - src.clean - INFO - Standardized string columns where present.
2025-12-01 08:35:04,300 - src.clean - INFO - clean() completed. Output df has 2 rows x 3 columns
2025-12-01 08:35:04,302 - src.clean - INFO - Starting clean(): input df has 1 rows x 2 columns
2025-12-01 08:35:04,302 - src.clean - INFO - Normalized column names. Before: ['NAME', 'GENDER'] | After: ['name', 'gender']
2025-12-01 08:35:04,303 - src.clean - INFO - Stripping whitespace from string columns: ['name', 'gender']
2025-12-01 08:35:04,306 - src.clean - INFO - Standardized string columns where present.
2025-12-01 08:35:04,306 - src.clean - INFO - clean() completed. Output df has 1 rows x 2 columns
2025-12-01 08:35:04,318 - src.transform - INFO - Starting transform(): input df has 2 rows x 15 columns
2025-12-01 08:35:04,351 - src.transform - INFO - Built people_df: 2 rows x 5 columns
2025-12-01 08:35:04,352 - src.transform - INFO - Built doctors_df (pre-hospital merge): 2 rows x 3 columns
2025-12-01 08:35:04,354 - src.transform - INFO - Built hospitals_df: 2 rows x 2 columns
2025-12-01 08:35:04,375 - src.transform - INFO - Updated doctors_df after hospital merge: 2 rows x 4 columns
2025-12-01 08:35:04,377 - src.transform - INFO - Built conditions_df: 2 rows x 2 columns
2025-12-01 08:35:04,379 - src.transform - INFO - Built insurance_df: 1 rows x 2 columns
2025-12-01 08:35:04,387 - src.transform - INFO - Built test_results_df: 2 rows x 2 columns
2025-12-01 08:35:04,388 - src.transform - INFO - Built admission_types_df: 2 rows x 2 columns
2025-12-01 08:35:04,388 - src.transform - INFO - Merging people into base df...
2025-12-01 08:35:04,390 - src.transform - INFO - Merging doctors into base df...
2025-12-01 08:35:04,392 - src.transform - INFO - Merging conditions into base df...
2025-12-01 08:35:04,393 - src.transform - INFO - Merging insurance into base df...
2025-12-01 08:35:04,397 - src.transform - INFO - Merging test_results into base df...
2025-12-01 08:35:04,398 - src.transform - INFO - Merging admission_types into base df...
2025-12-01 08:35:04,399 - src.transform - INFO - Finished merges; df is now 2 rows x 27 columns
2025-12-01 08:35:04,409 - src.transform - INFO - Built admissions_df: 2 rows x 12 columns
2025-12-01 08:35:04,409 - src.transform - INFO - After reject split: 2 valid admissions, 0 rejected rows
2025-12-01 08:35:04,409 - src.transform - INFO - transform() completed successfully. Output tables: {'people': (2, 5), 'doctors': (2, 4), 'hospitals': (2, 2), 'conditions': (2, 2), 'insurance': (1, 2), 'admission_types': (2, 2), 'test_results': (2, 2), 'admissions': (2, 12), 'rejects': (0, 16)}
2025-12-01 08:35:04,413 - src.transform - INFO - Starting transform(): input df has 3 rows x 15 columns
2025-12-01 08:35:04,415 - src.transform - INFO - Built people_df: 2 rows x 5 columns
2025-12-01 08:35:04,416 - src.transform - INFO - Built doctors_df (pre-hospital merge): 2 rows x 3 columns
2025-12-01 08:35:04,417 - src.transform - INFO - Built hospitals_df: 2 rows x 2 columns
2025-12-01 08:35:04,419 - src.transform - INFO - Updated doctors_df after hospital merge: 2 rows x 4 columns
2025-12-01 08:35:04,420 - src.transform - INFO - Built conditions_df: 2 rows x 2 columns
2025-12-01 08:35:04,422 - src.transform - INFO - Built insurance_df: 1 rows x 2 columns
2025-12-01 08:35:04,422 - src.transform - WARNING - test_results_df: 1 invalid or null result_label value(s) dropped before dimension build
2025-12-01 08:35:04,423 - src.transform - INFO - Built test_results_df: 2 rows x 2 columns
2025-12-01 08:35:04,424 - src.transform - INFO - Built admission_types_df: 2 rows x 2 columns
2025-12-01 08:35:04,424 - src.transform - INFO - Merging people into base df...
2025-12-01 08:35:04,426 - src.transform - INFO - Merging doctors into base df...
2025-12-01 08:35:04,427 - src.transform - INFO - Merging conditions into base df...
2025-12-01 08:35:04,429 - src.transform - INFO - Merging insurance into base df...
2025-12-01 08:35:04,430 - src.transform - INFO - Merging test_results into base df...
2025-12-01 08:35:04,431 - src.transform - INFO - Merging admission_types into base df...
2025-12-01 08:35:04,432 - src.transform - INFO - Finished merges; df is now 3 rows x 27 columns
2025-12-01 08:35:04,437 - src.transform - INFO - Built admissions_df: 2 rows x 12 columns
2025-12-01 08:35:04,437 - src.transform - INFO - After reject split: 2 valid admissions, 1 rejected rows
2025-12-01 08:35:04,437 - src.transform - INFO - transform() completed successfully. Output tables: {'people': (2, 5), 'doctors': (2, 4), 'hospitals': (2, 2), 'conditions': (2, 2), 'insurance': (1, 2), 'admission_types': (2, 2), 'test_results': (2, 2), 'admissions': (2, 12), 'rejects': (1, 16)}
2025-12-01 08:35:04,440 - src.transform - INFO - Starting transform(): input df has 1 rows x 14 columns
2025-12-01 08:35:04,441 - src.transform - ERROR - transform() failed.
Traceback (most recent call last):
  File "/Users/mattmurno/Desktop/Revature training files/etl_proj/src/transform.py", line 16, in transform
    df[["name", "age", "gender", "blood_type"]]
    ~~^^^^^^^^^^^^^^^^^^^^^^^^^^^^^^^^^^^^^^^^^
  File "/Users/mattmurno/Desktop/Revature training files/etl_proj/venv/lib/python3.11/site-packages/pandas/core/frame.py", line 4119, in __getitem__
    indexer = self.columns._get_indexer_strict(key, "columns")[1]
              ^^^^^^^^^^^^^^^^^^^^^^^^^^^^^^^^^^^^^^^^^^^^^^^^
  File "/Users/mattmurno/Desktop/Revature training files/etl_proj/venv/lib/python3.11/site-packages/pandas/core/indexes/base.py", line 6212, in _get_indexer_strict
    self._raise_if_missing(keyarr, indexer, axis_name)
  File "/Users/mattmurno/Desktop/Revature training files/etl_proj/venv/lib/python3.11/site-packages/pandas/core/indexes/base.py", line 6264, in _raise_if_missing
    raise KeyError(f"{not_found} not in index")
KeyError: "['name'] not in index"
2025-12-01 08:55:45,978 - src.clean - INFO - Starting clean(): input df has 2 rows x 3 columns
2025-12-01 08:55:45,979 - src.clean - INFO - Normalized column names. Before: [' Name ', 'GENDER', 'hospitAL'] | After: ['name', 'gender', 'hospital']
2025-12-01 08:55:45,988 - src.clean - INFO - Stripping whitespace from string columns: ['name', 'gender', 'hospital']
2025-12-01 08:55:46,006 - src.clean - INFO - Standardized string columns where present.
2025-12-01 08:55:46,007 - src.clean - INFO - clean() completed. Output df has 2 rows x 3 columns
2025-12-01 08:55:46,009 - src.clean - INFO - Starting clean(): input df has 1 rows x 2 columns
2025-12-01 08:55:46,009 - src.clean - INFO - Normalized column names. Before: ['NAME', 'GENDER'] | After: ['name', 'gender']
2025-12-01 08:55:46,010 - src.clean - INFO - Stripping whitespace from string columns: ['name', 'gender']
2025-12-01 08:55:46,013 - src.clean - INFO - Standardized string columns where present.
2025-12-01 08:55:46,013 - src.clean - INFO - clean() completed. Output df has 1 rows x 2 columns
2025-12-01 08:55:46,076 - src.load - INFO - Starting load()
2025-12-01 08:55:46,076 - src.load - INFO - Row counts - people=1, hospitals=1, doctors=1, conditions=1, insurance=1, test_results=1, admission_types=1, admissions=1, rejects=1
2025-12-01 08:55:46,076 - src.load - INFO - Connecting to database...
2025-12-01 08:55:46,076 - src.load - INFO - Database connection established.
2025-12-01 08:55:46,076 - src.load - INFO - Creating tables if they do not exist...
2025-12-01 08:55:46,076 - src.load - INFO - Tables created/verified successfully.
2025-12-01 08:55:46,076 - src.load - INFO - Truncating tables and resetting identities...
2025-12-01 08:55:46,076 - src.load - INFO - Tables truncated.
2025-12-01 08:55:46,076 - src.load - INFO - Inserting into people...
2025-12-01 08:55:46,077 - src.load - INFO - Inserting into hospitals...
2025-12-01 08:55:46,077 - src.load - INFO - Inserting into doctors...
2025-12-01 08:55:46,077 - src.load - INFO - Inserting into conditions...
2025-12-01 08:55:46,078 - src.load - INFO - Inserting into insurance...
2025-12-01 08:55:46,078 - src.load - INFO - Inserting into test_results...
2025-12-01 08:55:46,078 - src.load - INFO - Inserting into admission_types...
2025-12-01 08:55:46,079 - src.load - INFO - Inserting into admission_data...
2025-12-01 08:55:46,086 - src.load - INFO - Inserting into rejects...
2025-12-01 08:55:46,087 - src.load - INFO - Load completed successfully.
2025-12-01 08:55:46,087 - src.load - INFO - Database connection closed. End of load().
2025-12-01 08:55:46,091 - src.load - INFO - Starting load()
2025-12-01 08:55:46,091 - src.load - INFO - Row counts - people=3, hospitals=1, doctors=1, conditions=1, insurance=1, test_results=1, admission_types=1, admissions=1, rejects=1
2025-12-01 08:55:46,091 - src.load - INFO - Connecting to database...
2025-12-01 08:55:46,091 - src.load - INFO - Database connection established.
2025-12-01 08:55:46,091 - src.load - INFO - Creating tables if they do not exist...
2025-12-01 08:55:46,091 - src.load - INFO - Tables created/verified successfully.
2025-12-01 08:55:46,091 - src.load - INFO - Truncating tables and resetting identities...
2025-12-01 08:55:46,091 - src.load - INFO - Tables truncated.
2025-12-01 08:55:46,091 - src.load - INFO - Inserting into people...
2025-12-01 08:55:46,093 - src.load - WARNING - Invalid age 150 for person Too Old; setting age to NULL before insert
2025-12-01 08:55:46,093 - src.load - INFO - Inserting into hospitals...
2025-12-01 08:55:46,093 - src.load - INFO - Inserting into doctors...
2025-12-01 08:55:46,093 - src.load - INFO - Inserting into conditions...
2025-12-01 08:55:46,094 - src.load - INFO - Inserting into insurance...
2025-12-01 08:55:46,094 - src.load - INFO - Inserting into test_results...
2025-12-01 08:55:46,094 - src.load - INFO - Inserting into admission_types...
2025-12-01 08:55:46,094 - src.load - INFO - Inserting into admission_data...
2025-12-01 08:55:46,095 - src.load - INFO - Inserting into rejects...
2025-12-01 08:55:46,096 - src.load - INFO - Load completed successfully.
2025-12-01 08:55:46,096 - src.load - INFO - Database connection closed. End of load().
2025-12-01 08:55:46,143 - src.load - INFO - Starting load()
2025-12-01 08:55:46,144 - src.load - INFO - Row counts - people=1, hospitals=1, doctors=1, conditions=1, insurance=1, test_results=1, admission_types=1, admissions=1, rejects=1
2025-12-01 08:55:46,144 - src.load - INFO - Connecting to database...
2025-12-01 08:55:46,144 - src.load - INFO - Database connection established.
2025-12-01 08:55:46,144 - src.load - INFO - Creating tables if they do not exist...
2025-12-01 08:55:46,144 - src.load - INFO - Tables created/verified successfully.
2025-12-01 08:55:46,144 - src.load - INFO - Truncating tables and resetting identities...
2025-12-01 08:55:46,144 - src.load - INFO - Tables truncated.
2025-12-01 08:55:46,144 - src.load - INFO - Inserting into people...
2025-12-01 08:55:46,145 - src.load - ERROR - Failed inserting people row: Pandas(person_id=1, name='Error Person', age=40, gender='M', blood_type='AB+')
Traceback (most recent call last):
  File "/Users/mattmurno/Desktop/Revature training files/etl_proj/src/load.py", line 173, in load
    cur.execute(
  File "/Users/mattmurno/Desktop/Revature training files/etl_proj/tests/test_load.py", line 19, in execute
    raise psycopg2.Error("Simulated DB error")
psycopg2.Error: Simulated DB error
2025-12-01 08:55:46,185 - src.load - ERROR - Error in load() while working with the database.
Traceback (most recent call last):
  File "/Users/mattmurno/Desktop/Revature training files/etl_proj/src/load.py", line 173, in load
    cur.execute(
  File "/Users/mattmurno/Desktop/Revature training files/etl_proj/tests/test_load.py", line 19, in execute
    raise psycopg2.Error("Simulated DB error")
psycopg2.Error: Simulated DB error
2025-12-01 08:55:46,185 - src.load - INFO - Transaction rolled back due to error.
2025-12-01 08:55:46,186 - src.load - INFO - Database connection closed. End of load().
2025-12-01 08:55:46,196 - src.transform - INFO - Starting transform(): input df has 2 rows x 15 columns
2025-12-01 08:55:46,202 - src.transform - INFO - Built people_df: 2 rows x 5 columns
2025-12-01 08:55:46,204 - src.transform - INFO - Built doctors_df (pre-hospital merge): 2 rows x 3 columns
2025-12-01 08:55:46,208 - src.transform - INFO - Built hospitals_df: 2 rows x 2 columns
2025-12-01 08:55:46,213 - src.transform - INFO - Updated doctors_df after hospital merge: 2 rows x 4 columns
2025-12-01 08:55:46,215 - src.transform - INFO - Built conditions_df: 2 rows x 2 columns
2025-12-01 08:55:46,217 - src.transform - INFO - Built insurance_df: 1 rows x 2 columns
2025-12-01 08:55:46,219 - src.transform - INFO - Built test_results_df: 2 rows x 2 columns
2025-12-01 08:55:46,221 - src.transform - INFO - Built admission_types_df: 2 rows x 2 columns
2025-12-01 08:55:46,221 - src.transform - INFO - Merging people into base df...
2025-12-01 08:55:46,233 - src.transform - INFO - Merging doctors into base df...
2025-12-01 08:55:46,235 - src.transform - INFO - Merging conditions into base df...
2025-12-01 08:55:46,236 - src.transform - INFO - Merging insurance into base df...
2025-12-01 08:55:46,239 - src.transform - INFO - Merging test_results into base df...
2025-12-01 08:55:46,240 - src.transform - INFO - Merging admission_types into base df...
2025-12-01 08:55:46,242 - src.transform - INFO - Finished merges; df is now 2 rows x 27 columns
2025-12-01 08:55:46,249 - src.transform - INFO - Built admissions_df: 2 rows x 12 columns
2025-12-01 08:55:46,249 - src.transform - INFO - After reject split: 2 valid admissions, 0 rejected rows
2025-12-01 08:55:46,249 - src.transform - INFO - transform() completed successfully. Output tables: {'people': (2, 5), 'doctors': (2, 4), 'hospitals': (2, 2), 'conditions': (2, 2), 'insurance': (1, 2), 'admission_types': (2, 2), 'test_results': (2, 2), 'admissions': (2, 12), 'rejects': (0, 16)}
2025-12-01 08:55:46,254 - src.transform - INFO - Starting transform(): input df has 3 rows x 15 columns
2025-12-01 08:55:46,256 - src.transform - INFO - Built people_df: 2 rows x 5 columns
2025-12-01 08:55:46,258 - src.transform - INFO - Built doctors_df (pre-hospital merge): 2 rows x 3 columns
2025-12-01 08:55:46,259 - src.transform - INFO - Built hospitals_df: 2 rows x 2 columns
2025-12-01 08:55:46,262 - src.transform - INFO - Updated doctors_df after hospital merge: 2 rows x 4 columns
2025-12-01 08:55:46,263 - src.transform - INFO - Built conditions_df: 2 rows x 2 columns
2025-12-01 08:55:46,265 - src.transform - INFO - Built insurance_df: 1 rows x 2 columns
2025-12-01 08:55:46,266 - src.transform - WARNING - test_results_df: 1 invalid or null result_label value(s) dropped before dimension build
2025-12-01 08:55:46,267 - src.transform - INFO - Built test_results_df: 2 rows x 2 columns
2025-12-01 08:55:46,268 - src.transform - INFO - Built admission_types_df: 2 rows x 2 columns
2025-12-01 08:55:46,268 - src.transform - INFO - Merging people into base df...
2025-12-01 08:55:46,269 - src.transform - INFO - Merging doctors into base df...
2025-12-01 08:55:46,271 - src.transform - INFO - Merging conditions into base df...
2025-12-01 08:55:46,273 - src.transform - INFO - Merging insurance into base df...
2025-12-01 08:55:46,274 - src.transform - INFO - Merging test_results into base df...
2025-12-01 08:55:46,278 - src.transform - INFO - Merging admission_types into base df...
2025-12-01 08:55:46,280 - src.transform - INFO - Finished merges; df is now 3 rows x 27 columns
2025-12-01 08:55:46,288 - src.transform - INFO - Built admissions_df: 2 rows x 12 columns
2025-12-01 08:55:46,290 - src.transform - INFO - After reject split: 2 valid admissions, 1 rejected rows
2025-12-01 08:55:46,290 - src.transform - INFO - transform() completed successfully. Output tables: {'people': (2, 5), 'doctors': (2, 4), 'hospitals': (2, 2), 'conditions': (2, 2), 'insurance': (1, 2), 'admission_types': (2, 2), 'test_results': (2, 2), 'admissions': (2, 12), 'rejects': (1, 16)}
2025-12-01 08:55:46,297 - src.transform - INFO - Starting transform(): input df has 1 rows x 14 columns
2025-12-01 08:55:46,297 - src.transform - ERROR - transform() failed.
Traceback (most recent call last):
  File "/Users/mattmurno/Desktop/Revature training files/etl_proj/src/transform.py", line 16, in transform
    df[["name", "age", "gender", "blood_type"]]
    ~~^^^^^^^^^^^^^^^^^^^^^^^^^^^^^^^^^^^^^^^^^
  File "/Users/mattmurno/Desktop/Revature training files/etl_proj/venv/lib/python3.11/site-packages/pandas/core/frame.py", line 4119, in __getitem__
    indexer = self.columns._get_indexer_strict(key, "columns")[1]
              ^^^^^^^^^^^^^^^^^^^^^^^^^^^^^^^^^^^^^^^^^^^^^^^^
  File "/Users/mattmurno/Desktop/Revature training files/etl_proj/venv/lib/python3.11/site-packages/pandas/core/indexes/base.py", line 6212, in _get_indexer_strict
    self._raise_if_missing(keyarr, indexer, axis_name)
  File "/Users/mattmurno/Desktop/Revature training files/etl_proj/venv/lib/python3.11/site-packages/pandas/core/indexes/base.py", line 6264, in _raise_if_missing
    raise KeyError(f"{not_found} not in index")
KeyError: "['name'] not in index"
2025-12-01 10:35:22,789 - src.clean - INFO - Starting clean(): input df has 2 rows x 3 columns
2025-12-01 10:35:22,791 - src.clean - INFO - Normalized column names. Before: [' Name ', 'GENDER', 'hospitAL'] | After: ['name', 'gender', 'hospital']
2025-12-01 10:35:22,793 - src.clean - INFO - Stripping whitespace from string columns: ['name', 'gender', 'hospital']
2025-12-01 10:35:22,813 - src.clean - INFO - Standardized string columns where present.
2025-12-01 10:35:22,813 - src.clean - INFO - clean() completed. Output df has 2 rows x 3 columns
2025-12-01 10:35:22,820 - src.clean - INFO - Starting clean(): input df has 1 rows x 2 columns
2025-12-01 10:35:22,821 - src.clean - INFO - Normalized column names. Before: ['NAME', 'GENDER'] | After: ['name', 'gender']
2025-12-01 10:35:22,821 - src.clean - INFO - Stripping whitespace from string columns: ['name', 'gender']
2025-12-01 10:35:22,825 - src.clean - INFO - Standardized string columns where present.
2025-12-01 10:35:22,826 - src.clean - INFO - clean() completed. Output df has 1 rows x 2 columns
2025-12-01 10:35:22,841 - src.load - INFO - Starting load()
2025-12-01 10:35:22,842 - src.load - INFO - Row counts - people=1, hospitals=1, doctors=1, conditions=1, insurance=1, test_results=1, admission_types=1, admissions=1, rejects=1
2025-12-01 10:35:22,842 - src.load - INFO - Connecting to database...
2025-12-01 10:35:22,842 - src.load - INFO - Database connection established.
2025-12-01 10:35:22,842 - src.load - INFO - Creating tables if they do not exist...
2025-12-01 10:35:22,842 - src.load - INFO - Tables created/verified successfully.
2025-12-01 10:35:22,842 - src.load - INFO - Truncating tables and resetting identities...
2025-12-01 10:35:22,842 - src.load - INFO - Tables truncated.
2025-12-01 10:35:22,842 - src.load - INFO - Inserting into people...
2025-12-01 10:35:22,844 - src.load - INFO - Inserting into hospitals...
2025-12-01 10:35:22,844 - src.load - INFO - Inserting into doctors...
2025-12-01 10:35:22,845 - src.load - INFO - Inserting into conditions...
2025-12-01 10:35:22,845 - src.load - INFO - Inserting into insurance...
2025-12-01 10:35:22,846 - src.load - INFO - Inserting into test_results...
2025-12-01 10:35:22,846 - src.load - INFO - Inserting into admission_types...
2025-12-01 10:35:22,847 - src.load - INFO - Inserting into admission_data...
2025-12-01 10:35:22,856 - src.load - INFO - Inserting into rejects...
2025-12-01 10:35:22,858 - src.load - INFO - Load completed successfully.
2025-12-01 10:35:22,858 - src.load - INFO - Database connection closed. End of load().
2025-12-01 10:35:22,914 - src.load - INFO - Starting load()
2025-12-01 10:35:22,915 - src.load - INFO - Row counts - people=3, hospitals=1, doctors=1, conditions=1, insurance=1, test_results=1, admission_types=1, admissions=1, rejects=1
2025-12-01 10:35:22,915 - src.load - INFO - Connecting to database...
2025-12-01 10:35:22,915 - src.load - INFO - Database connection established.
2025-12-01 10:35:22,915 - src.load - INFO - Creating tables if they do not exist...
2025-12-01 10:35:22,915 - src.load - INFO - Tables created/verified successfully.
2025-12-01 10:35:22,915 - src.load - INFO - Truncating tables and resetting identities...
2025-12-01 10:35:22,915 - src.load - INFO - Tables truncated.
2025-12-01 10:35:22,916 - src.load - INFO - Inserting into people...
2025-12-01 10:35:22,925 - src.load - WARNING - Invalid age 150 for person Too Old; setting age to NULL before insert
2025-12-01 10:35:22,925 - src.load - INFO - Inserting into hospitals...
2025-12-01 10:35:22,925 - src.load - INFO - Inserting into doctors...
2025-12-01 10:35:22,926 - src.load - INFO - Inserting into conditions...
2025-12-01 10:35:22,927 - src.load - INFO - Inserting into insurance...
2025-12-01 10:35:22,927 - src.load - INFO - Inserting into test_results...
2025-12-01 10:35:22,928 - src.load - INFO - Inserting into admission_types...
2025-12-01 10:35:22,932 - src.load - INFO - Inserting into admission_data...
2025-12-01 10:35:22,948 - src.load - INFO - Inserting into rejects...
2025-12-01 10:35:22,961 - src.load - INFO - Load completed successfully.
2025-12-01 10:35:22,963 - src.load - INFO - Database connection closed. End of load().
2025-12-01 10:35:22,994 - src.load - INFO - Starting load()
2025-12-01 10:35:22,994 - src.load - INFO - Row counts - people=1, hospitals=1, doctors=1, conditions=1, insurance=1, test_results=1, admission_types=1, admissions=1, rejects=1
2025-12-01 10:35:22,995 - src.load - INFO - Connecting to database...
2025-12-01 10:35:22,995 - src.load - INFO - Database connection established.
2025-12-01 10:35:22,995 - src.load - INFO - Creating tables if they do not exist...
2025-12-01 10:35:22,996 - src.load - INFO - Tables created/verified successfully.
2025-12-01 10:35:22,996 - src.load - INFO - Truncating tables and resetting identities...
2025-12-01 10:35:22,997 - src.load - INFO - Tables truncated.
2025-12-01 10:35:22,997 - src.load - INFO - Inserting into people...
2025-12-01 10:35:23,000 - src.load - ERROR - Failed inserting people row: Pandas(person_id=1, name='Error Person', age=40, gender='M', blood_type='AB+')
Traceback (most recent call last):
  File "/Users/mattmurno/Desktop/Revature training files/etl_proj/src/load.py", line 173, in load
    cur.execute(
  File "/Users/mattmurno/Desktop/Revature training files/etl_proj/tests/test_load.py", line 18, in execute
    raise psycopg2.Error("Simulated DB error")
psycopg2.Error: Simulated DB error
2025-12-01 10:35:23,008 - src.load - ERROR - Error in load() while working with the database.
Traceback (most recent call last):
  File "/Users/mattmurno/Desktop/Revature training files/etl_proj/src/load.py", line 173, in load
    cur.execute(
  File "/Users/mattmurno/Desktop/Revature training files/etl_proj/tests/test_load.py", line 18, in execute
    raise psycopg2.Error("Simulated DB error")
psycopg2.Error: Simulated DB error
2025-12-01 10:35:23,008 - src.load - INFO - Transaction rolled back due to error.
2025-12-01 10:35:23,009 - src.load - INFO - Database connection closed. End of load().
2025-12-01 10:35:23,018 - src.transform - INFO - Starting transform(): input df has 2 rows x 15 columns
2025-12-01 10:35:23,027 - src.transform - INFO - Built people_df: 2 rows x 5 columns
2025-12-01 10:35:23,032 - src.transform - INFO - Built doctors_df (pre-hospital merge): 2 rows x 3 columns
2025-12-01 10:35:23,041 - src.transform - INFO - Built hospitals_df: 2 rows x 2 columns
2025-12-01 10:35:23,056 - src.transform - INFO - Updated doctors_df after hospital merge: 2 rows x 4 columns
2025-12-01 10:35:23,060 - src.transform - INFO - Built conditions_df: 2 rows x 2 columns
2025-12-01 10:35:23,062 - src.transform - INFO - Built insurance_df: 1 rows x 2 columns
2025-12-01 10:35:23,081 - src.transform - INFO - Built test_results_df: 2 rows x 2 columns
2025-12-01 10:35:23,083 - src.transform - INFO - Built admission_types_df: 2 rows x 2 columns
2025-12-01 10:35:23,083 - src.transform - INFO - Merging people into base df...
2025-12-01 10:35:23,087 - src.transform - INFO - Merging doctors into base df...
2025-12-01 10:35:23,154 - src.transform - INFO - Merging conditions into base df...
2025-12-01 10:35:23,201 - src.transform - INFO - Merging insurance into base df...
2025-12-01 10:35:23,224 - src.transform - INFO - Merging test_results into base df...
2025-12-01 10:35:23,227 - src.transform - INFO - Merging admission_types into base df...
2025-12-01 10:35:23,229 - src.transform - INFO - Finished merges; df is now 2 rows x 27 columns
2025-12-01 10:35:23,237 - src.transform - INFO - Built admissions_df: 2 rows x 12 columns
2025-12-01 10:35:23,237 - src.transform - INFO - After reject split: 2 valid admissions, 0 rejected rows
2025-12-01 10:35:23,237 - src.transform - INFO - transform() completed successfully. Output tables: {'people': (2, 5), 'doctors': (2, 4), 'hospitals': (2, 2), 'conditions': (2, 2), 'insurance': (1, 2), 'admission_types': (2, 2), 'test_results': (2, 2), 'admissions': (2, 12), 'rejects': (0, 16)}
2025-12-01 10:35:23,242 - src.transform - INFO - Starting transform(): input df has 3 rows x 15 columns
2025-12-01 10:35:23,254 - src.transform - INFO - Built people_df: 2 rows x 5 columns
2025-12-01 10:35:23,256 - src.transform - INFO - Built doctors_df (pre-hospital merge): 2 rows x 3 columns
2025-12-01 10:35:23,258 - src.transform - INFO - Built hospitals_df: 2 rows x 2 columns
2025-12-01 10:35:23,262 - src.transform - INFO - Updated doctors_df after hospital merge: 2 rows x 4 columns
2025-12-01 10:35:23,264 - src.transform - INFO - Built conditions_df: 2 rows x 2 columns
2025-12-01 10:35:23,266 - src.transform - INFO - Built insurance_df: 1 rows x 2 columns
2025-12-01 10:35:23,268 - src.transform - WARNING - test_results_df: 1 invalid or null result_label value(s) dropped before dimension build
2025-12-01 10:35:23,269 - src.transform - INFO - Built test_results_df: 2 rows x 2 columns
2025-12-01 10:35:23,271 - src.transform - INFO - Built admission_types_df: 2 rows x 2 columns
2025-12-01 10:35:23,271 - src.transform - INFO - Merging people into base df...
2025-12-01 10:35:23,273 - src.transform - INFO - Merging doctors into base df...
2025-12-01 10:35:23,276 - src.transform - INFO - Merging conditions into base df...
2025-12-01 10:35:23,278 - src.transform - INFO - Merging insurance into base df...
2025-12-01 10:35:23,280 - src.transform - INFO - Merging test_results into base df...
2025-12-01 10:35:23,282 - src.transform - INFO - Merging admission_types into base df...
2025-12-01 10:35:23,284 - src.transform - INFO - Finished merges; df is now 3 rows x 27 columns
2025-12-01 10:35:23,289 - src.transform - INFO - Built admissions_df: 2 rows x 12 columns
2025-12-01 10:35:23,289 - src.transform - INFO - After reject split: 2 valid admissions, 1 rejected rows
2025-12-01 10:35:23,289 - src.transform - INFO - transform() completed successfully. Output tables: {'people': (2, 5), 'doctors': (2, 4), 'hospitals': (2, 2), 'conditions': (2, 2), 'insurance': (1, 2), 'admission_types': (2, 2), 'test_results': (2, 2), 'admissions': (2, 12), 'rejects': (1, 16)}
2025-12-01 10:35:23,295 - src.transform - INFO - Starting transform(): input df has 1 rows x 14 columns
2025-12-01 10:35:23,296 - src.transform - ERROR - transform() failed.
Traceback (most recent call last):
  File "/Users/mattmurno/Desktop/Revature training files/etl_proj/src/transform.py", line 16, in transform
    df[["name", "age", "gender", "blood_type"]]
    ~~^^^^^^^^^^^^^^^^^^^^^^^^^^^^^^^^^^^^^^^^^
  File "/Users/mattmurno/Desktop/Revature training files/etl_proj/venv/lib/python3.11/site-packages/pandas/core/frame.py", line 4119, in __getitem__
    indexer = self.columns._get_indexer_strict(key, "columns")[1]
              ^^^^^^^^^^^^^^^^^^^^^^^^^^^^^^^^^^^^^^^^^^^^^^^^
  File "/Users/mattmurno/Desktop/Revature training files/etl_proj/venv/lib/python3.11/site-packages/pandas/core/indexes/base.py", line 6212, in _get_indexer_strict
    self._raise_if_missing(keyarr, indexer, axis_name)
  File "/Users/mattmurno/Desktop/Revature training files/etl_proj/venv/lib/python3.11/site-packages/pandas/core/indexes/base.py", line 6264, in _raise_if_missing
    raise KeyError(f"{not_found} not in index")
KeyError: "['name'] not in index"
2025-12-01 10:35:38,947 - src.clean - INFO - Starting clean(): input df has 2 rows x 3 columns
2025-12-01 10:35:38,948 - src.clean - INFO - Normalized column names. Before: [' Name ', 'GENDER', 'hospitAL'] | After: ['name', 'gender', 'hospital']
2025-12-01 10:35:38,957 - src.clean - INFO - Stripping whitespace from string columns: ['name', 'gender', 'hospital']
2025-12-01 10:35:38,976 - src.clean - INFO - Standardized string columns where present.
2025-12-01 10:35:38,976 - src.clean - INFO - clean() completed. Output df has 2 rows x 3 columns
2025-12-01 10:35:38,981 - src.clean - INFO - Starting clean(): input df has 1 rows x 2 columns
2025-12-01 10:35:38,982 - src.clean - INFO - Normalized column names. Before: ['NAME', 'GENDER'] | After: ['name', 'gender']
2025-12-01 10:35:38,983 - src.clean - INFO - Stripping whitespace from string columns: ['name', 'gender']
2025-12-01 10:35:38,989 - src.clean - INFO - Standardized string columns where present.
2025-12-01 10:35:38,989 - src.clean - INFO - clean() completed. Output df has 1 rows x 2 columns
2025-12-01 10:35:39,020 - src.load - INFO - Starting load()
2025-12-01 10:35:39,021 - src.load - INFO - Row counts - people=1, hospitals=1, doctors=1, conditions=1, insurance=1, test_results=1, admission_types=1, admissions=1, rejects=1
2025-12-01 10:35:39,021 - src.load - INFO - Connecting to database...
2025-12-01 10:35:39,022 - src.load - INFO - Database connection established.
2025-12-01 10:35:39,024 - src.load - INFO - Creating tables if they do not exist...
2025-12-01 10:35:39,029 - src.load - INFO - Tables created/verified successfully.
2025-12-01 10:35:39,029 - src.load - INFO - Truncating tables and resetting identities...
2025-12-01 10:35:39,029 - src.load - INFO - Tables truncated.
2025-12-01 10:35:39,029 - src.load - INFO - Inserting into people...
2025-12-01 10:35:39,030 - src.load - INFO - Inserting into hospitals...
2025-12-01 10:35:39,031 - src.load - INFO - Inserting into doctors...
2025-12-01 10:35:39,031 - src.load - INFO - Inserting into conditions...
2025-12-01 10:35:39,032 - src.load - INFO - Inserting into insurance...
2025-12-01 10:35:39,032 - src.load - INFO - Inserting into test_results...
2025-12-01 10:35:39,033 - src.load - INFO - Inserting into admission_types...
2025-12-01 10:35:39,033 - src.load - INFO - Inserting into admission_data...
2025-12-01 10:35:39,044 - src.load - INFO - Inserting into rejects...
2025-12-01 10:35:39,046 - src.load - INFO - Load completed successfully.
2025-12-01 10:35:39,046 - src.load - INFO - Database connection closed. End of load().
2025-12-01 10:35:39,061 - src.load - INFO - Starting load()
2025-12-01 10:35:39,061 - src.load - INFO - Row counts - people=3, hospitals=1, doctors=1, conditions=1, insurance=1, test_results=1, admission_types=1, admissions=1, rejects=1
2025-12-01 10:35:39,061 - src.load - INFO - Connecting to database...
2025-12-01 10:35:39,062 - src.load - INFO - Database connection established.
2025-12-01 10:35:39,062 - src.load - INFO - Creating tables if they do not exist...
2025-12-01 10:35:39,062 - src.load - INFO - Tables created/verified successfully.
2025-12-01 10:35:39,062 - src.load - INFO - Truncating tables and resetting identities...
2025-12-01 10:35:39,062 - src.load - INFO - Tables truncated.
2025-12-01 10:35:39,062 - src.load - INFO - Inserting into people...
2025-12-01 10:35:39,063 - src.load - WARNING - Invalid age 150 for person Too Old; setting age to NULL before insert
2025-12-01 10:35:39,063 - src.load - INFO - Inserting into hospitals...
2025-12-01 10:35:39,063 - src.load - INFO - Inserting into doctors...
2025-12-01 10:35:39,064 - src.load - INFO - Inserting into conditions...
2025-12-01 10:35:39,064 - src.load - INFO - Inserting into insurance...
2025-12-01 10:35:39,065 - src.load - INFO - Inserting into test_results...
2025-12-01 10:35:39,066 - src.load - INFO - Inserting into admission_types...
2025-12-01 10:35:39,067 - src.load - INFO - Inserting into admission_data...
2025-12-01 10:35:39,068 - src.load - INFO - Inserting into rejects...
2025-12-01 10:35:39,070 - src.load - INFO - Load completed successfully.
2025-12-01 10:35:39,070 - src.load - INFO - Database connection closed. End of load().
2025-12-01 10:35:39,079 - src.load - INFO - Starting load()
2025-12-01 10:35:39,080 - src.load - INFO - Row counts - people=1, hospitals=1, doctors=1, conditions=1, insurance=1, test_results=1, admission_types=1, admissions=1, rejects=1
2025-12-01 10:35:39,080 - src.load - INFO - Connecting to database...
2025-12-01 10:35:39,080 - src.load - INFO - Database connection established.
2025-12-01 10:35:39,080 - src.load - INFO - Creating tables if they do not exist...
2025-12-01 10:35:39,080 - src.load - INFO - Tables created/verified successfully.
2025-12-01 10:35:39,080 - src.load - INFO - Truncating tables and resetting identities...
2025-12-01 10:35:39,081 - src.load - INFO - Tables truncated.
2025-12-01 10:35:39,081 - src.load - INFO - Inserting into people...
2025-12-01 10:35:39,082 - src.load - ERROR - Failed inserting people row: Pandas(person_id=1, name='Error Person', age=40, gender='M', blood_type='AB+')
Traceback (most recent call last):
  File "/Users/mattmurno/Desktop/Revature training files/etl_proj/src/load.py", line 173, in load
    cur.execute(
  File "/Users/mattmurno/Desktop/Revature training files/etl_proj/tests/test_load.py", line 18, in execute
    raise psycopg2.Error("Simulated DB error")
psycopg2.Error: Simulated DB error
2025-12-01 10:35:39,093 - src.load - ERROR - Error in load() while working with the database.
Traceback (most recent call last):
  File "/Users/mattmurno/Desktop/Revature training files/etl_proj/src/load.py", line 173, in load
    cur.execute(
  File "/Users/mattmurno/Desktop/Revature training files/etl_proj/tests/test_load.py", line 18, in execute
    raise psycopg2.Error("Simulated DB error")
psycopg2.Error: Simulated DB error
2025-12-01 10:35:39,093 - src.load - INFO - Transaction rolled back due to error.
2025-12-01 10:35:39,094 - src.load - INFO - Database connection closed. End of load().
2025-12-01 10:35:39,098 - src.transform - INFO - Starting transform(): input df has 2 rows x 15 columns
2025-12-01 10:35:39,207 - src.transform - INFO - Built people_df: 2 rows x 5 columns
2025-12-01 10:35:39,211 - src.transform - INFO - Built doctors_df (pre-hospital merge): 2 rows x 3 columns
2025-12-01 10:35:39,218 - src.transform - INFO - Built hospitals_df: 2 rows x 2 columns
2025-12-01 10:35:39,242 - src.transform - INFO - Updated doctors_df after hospital merge: 2 rows x 4 columns
2025-12-01 10:35:39,246 - src.transform - INFO - Built conditions_df: 2 rows x 2 columns
2025-12-01 10:35:39,248 - src.transform - INFO - Built insurance_df: 1 rows x 2 columns
2025-12-01 10:35:39,280 - src.transform - INFO - Built test_results_df: 2 rows x 2 columns
2025-12-01 10:35:39,282 - src.transform - INFO - Built admission_types_df: 2 rows x 2 columns
2025-12-01 10:35:39,282 - src.transform - INFO - Merging people into base df...
2025-12-01 10:35:39,298 - src.transform - INFO - Merging doctors into base df...
2025-12-01 10:35:39,301 - src.transform - INFO - Merging conditions into base df...
2025-12-01 10:35:39,303 - src.transform - INFO - Merging insurance into base df...
2025-12-01 10:35:39,307 - src.transform - INFO - Merging test_results into base df...
2025-12-01 10:35:39,314 - src.transform - INFO - Merging admission_types into base df...
2025-12-01 10:35:39,316 - src.transform - INFO - Finished merges; df is now 2 rows x 27 columns
2025-12-01 10:35:39,340 - src.transform - INFO - Built admissions_df: 2 rows x 12 columns
2025-12-01 10:35:39,341 - src.transform - INFO - After reject split: 2 valid admissions, 0 rejected rows
2025-12-01 10:35:39,341 - src.transform - INFO - transform() completed successfully. Output tables: {'people': (2, 5), 'doctors': (2, 4), 'hospitals': (2, 2), 'conditions': (2, 2), 'insurance': (1, 2), 'admission_types': (2, 2), 'test_results': (2, 2), 'admissions': (2, 12), 'rejects': (0, 16)}
2025-12-01 10:35:39,367 - src.transform - INFO - Starting transform(): input df has 3 rows x 15 columns
2025-12-01 10:35:39,369 - src.transform - INFO - Built people_df: 2 rows x 5 columns
2025-12-01 10:35:39,371 - src.transform - INFO - Built doctors_df (pre-hospital merge): 2 rows x 3 columns
2025-12-01 10:35:39,373 - src.transform - INFO - Built hospitals_df: 2 rows x 2 columns
2025-12-01 10:35:39,376 - src.transform - INFO - Updated doctors_df after hospital merge: 2 rows x 4 columns
2025-12-01 10:35:39,386 - src.transform - INFO - Built conditions_df: 2 rows x 2 columns
2025-12-01 10:35:39,389 - src.transform - INFO - Built insurance_df: 1 rows x 2 columns
2025-12-01 10:35:39,391 - src.transform - WARNING - test_results_df: 1 invalid or null result_label value(s) dropped before dimension build
2025-12-01 10:35:39,393 - src.transform - INFO - Built test_results_df: 2 rows x 2 columns
2025-12-01 10:35:39,395 - src.transform - INFO - Built admission_types_df: 2 rows x 2 columns
2025-12-01 10:35:39,395 - src.transform - INFO - Merging people into base df...
2025-12-01 10:35:39,398 - src.transform - INFO - Merging doctors into base df...
2025-12-01 10:35:39,403 - src.transform - INFO - Merging conditions into base df...
2025-12-01 10:35:39,405 - src.transform - INFO - Merging insurance into base df...
2025-12-01 10:35:39,407 - src.transform - INFO - Merging test_results into base df...
2025-12-01 10:35:39,409 - src.transform - INFO - Merging admission_types into base df...
2025-12-01 10:35:39,412 - src.transform - INFO - Finished merges; df is now 3 rows x 27 columns
2025-12-01 10:35:39,418 - src.transform - INFO - Built admissions_df: 2 rows x 12 columns
2025-12-01 10:35:39,418 - src.transform - INFO - After reject split: 2 valid admissions, 1 rejected rows
2025-12-01 10:35:39,418 - src.transform - INFO - transform() completed successfully. Output tables: {'people': (2, 5), 'doctors': (2, 4), 'hospitals': (2, 2), 'conditions': (2, 2), 'insurance': (1, 2), 'admission_types': (2, 2), 'test_results': (2, 2), 'admissions': (2, 12), 'rejects': (1, 16)}
2025-12-01 10:35:39,423 - src.transform - INFO - Starting transform(): input df has 1 rows x 14 columns
2025-12-01 10:35:39,423 - src.transform - ERROR - transform() failed.
Traceback (most recent call last):
  File "/Users/mattmurno/Desktop/Revature training files/etl_proj/src/transform.py", line 16, in transform
    df[["name", "age", "gender", "blood_type"]]
    ~~^^^^^^^^^^^^^^^^^^^^^^^^^^^^^^^^^^^^^^^^^
  File "/Users/mattmurno/Desktop/Revature training files/etl_proj/venv/lib/python3.11/site-packages/pandas/core/frame.py", line 4119, in __getitem__
    indexer = self.columns._get_indexer_strict(key, "columns")[1]
              ^^^^^^^^^^^^^^^^^^^^^^^^^^^^^^^^^^^^^^^^^^^^^^^^
  File "/Users/mattmurno/Desktop/Revature training files/etl_proj/venv/lib/python3.11/site-packages/pandas/core/indexes/base.py", line 6212, in _get_indexer_strict
    self._raise_if_missing(keyarr, indexer, axis_name)
  File "/Users/mattmurno/Desktop/Revature training files/etl_proj/venv/lib/python3.11/site-packages/pandas/core/indexes/base.py", line 6264, in _raise_if_missing
    raise KeyError(f"{not_found} not in index")
KeyError: "['name'] not in index"
2025-12-01 10:39:51,821 - src.read - INFO - Starting read() for type=csv, path=data/healthcare_dataset_dirty.csv
2025-12-01 10:39:51,821 - src.read - INFO - Reading CSV file from data/healthcare_dataset_dirty.csv
2025-12-01 10:39:52,156 - src.read - INFO - Successfully read CSV: 57165 rows x 15 columns
2025-12-01 10:39:52,156 - src.clean - INFO - Starting clean(): input df has 57165 rows x 15 columns
2025-12-01 10:39:52,176 - src.clean - INFO - Normalized column names. Before: ['Name', 'Age', 'Gender', 'Blood Type', 'Medical Condition', 'Date of Admission', 'Doctor', 'Hospital', 'Insurance Provider', 'Billing Amount', 'Room Number', 'Admission Type', 'Discharge Date', 'Medication', 'Test Results'] | After: ['name', 'age', 'gender', 'blood_type', 'medical_condition', 'date_of_admission', 'doctor', 'hospital', 'insurance_provider', 'billing_amount', 'room_number', 'admission_type', 'discharge_date', 'medication', 'test_results']
2025-12-01 10:39:52,211 - src.clean - INFO - Stripping whitespace from string columns: ['name', 'age', 'gender', 'blood_type', 'medical_condition', 'date_of_admission', 'doctor', 'hospital', 'insurance_provider', 'room_number', 'admission_type', 'discharge_date', 'medication', 'test_results']
2025-12-01 10:39:52,646 - src.clean - INFO - Standardized string columns where present.
2025-12-01 10:39:52,685 - src.clean - WARNING - Column age: 285 value(s) could not be converted to numeric and were set to NaN
2025-12-01 10:39:52,786 - src.clean - INFO - Column billing_amount converted to numeric successfully.
2025-12-01 10:39:52,821 - src.clean - WARNING - Column room_number: 394 value(s) could not be converted to numeric and were set to NaN
2025-12-01 10:39:52,824 - src.clean - INFO - Age range before validation: min=0.0, max=150.0
2025-12-01 10:39:52,825 - src.clean - WARNING - Age: 144 value(s) outside valid range (0–120); setting to NA
2025-12-01 10:39:52,838 - src.clean - INFO - Room_number range before validation: min=101.0, max=500.0
2025-12-01 10:39:52,847 - src.clean - INFO - Rounded billing_amount to 2 decimal places.
2025-12-01 10:39:52,874 - src.clean - WARNING - Column date_of_admission: 2858 value(s) could not be parsed as datetime and were set to NaT
2025-12-01 10:39:52,916 - src.clean - WARNING - Column discharge_date: 2858 value(s) could not be parsed as datetime and were set to NaT
2025-12-01 10:39:52,916 - src.clean - INFO - clean() completed. Output df has 57165 rows x 15 columns
2025-12-01 10:39:52,917 - src.transform - INFO - Starting transform(): input df has 57165 rows x 15 columns
2025-12-01 10:39:53,046 - src.transform - INFO - Built people_df: 55143 rows x 5 columns
2025-12-01 10:39:53,105 - src.transform - INFO - Built doctors_df (pre-hospital merge): 51460 rows x 3 columns
2025-12-01 10:39:53,120 - src.transform - INFO - Built hospitals_df: 39008 rows x 2 columns
2025-12-01 10:39:53,151 - src.transform - INFO - Updated doctors_df after hospital merge: 51460 rows x 4 columns
2025-12-01 10:39:53,163 - src.transform - INFO - Built conditions_df: 7 rows x 2 columns
2025-12-01 10:39:53,174 - src.transform - INFO - Built insurance_df: 7 rows x 2 columns
2025-12-01 10:39:53,184 - src.transform - WARNING - test_results_df: 2839 invalid or null result_label value(s) dropped before dimension build
2025-12-01 10:39:53,192 - src.transform - INFO - Built test_results_df: 3 rows x 2 columns
2025-12-01 10:39:53,206 - src.transform - INFO - Built admission_types_df: 4 rows x 2 columns
2025-12-01 10:39:53,207 - src.transform - INFO - Merging people into base df...
2025-12-01 10:39:53,311 - src.transform - INFO - Merging doctors into base df...
2025-12-01 10:39:53,373 - src.transform - INFO - Merging conditions into base df...
2025-12-01 10:39:53,430 - src.transform - INFO - Merging insurance into base df...
2025-12-01 10:39:53,597 - src.transform - INFO - Merging test_results into base df...
2025-12-01 10:39:53,663 - src.transform - INFO - Merging admission_types into base df...
2025-12-01 10:39:53,715 - src.transform - INFO - Finished merges; df is now 57165 rows x 27 columns
2025-12-01 10:39:55,081 - src.transform - INFO - Built admissions_df: 39539 rows x 12 columns
2025-12-01 10:39:55,081 - src.transform - INFO - After reject split: 39539 valid admissions, 17626 rejected rows
2025-12-01 10:39:55,082 - src.transform - INFO - transform() completed successfully. Output tables: {'people': (55143, 5), 'doctors': (51460, 4), 'hospitals': (39008, 2), 'conditions': (7, 2), 'insurance': (7, 2), 'admission_types': (4, 2), 'test_results': (3, 2), 'admissions': (39539, 12), 'rejects': (17626, 16)}
2025-12-01 10:39:55,093 - src.load - INFO - Starting load()
2025-12-01 10:39:55,093 - src.load - INFO - Row counts - people=55143, hospitals=39008, doctors=51460, conditions=7, insurance=7, test_results=3, admission_types=4, admissions=39539, rejects=17626
2025-12-01 10:39:55,093 - src.load - INFO - Connecting to database...
2025-12-01 10:39:55,112 - src.load - ERROR - Error in load() while working with the database.
Traceback (most recent call last):
  File "/Users/mattmurno/Desktop/Revature training files/etl_proj/src/load.py", line 37, in load
    conn = psycopg2.connect(db_url)
           ^^^^^^^^^^^^^^^^^^^^^^^^
  File "/Users/mattmurno/Desktop/Revature training files/etl_proj/venv/lib/python3.11/site-packages/psycopg2/__init__.py", line 121, in connect
    dsn = _ext.make_dsn(dsn, **kwargs)
          ^^^^^^^^^^^^^^^^^^^^^^^^^^^^
  File "/Users/mattmurno/Desktop/Revature training files/etl_proj/venv/lib/python3.11/site-packages/psycopg2/extensions.py", line 145, in make_dsn
    parse_dsn(dsn)
psycopg2.ProgrammingError: invalid dsn: missing "=" after "${DB_URL}" in connection info string

2025-12-01 10:39:55,127 - src.load - INFO - Database connection closed. End of load().
2025-12-01 10:40:56,621 - src.read - INFO - Starting read() for type=csv, path=data/healthcare_dataset_dirty.csv
2025-12-01 10:40:56,621 - src.read - INFO - Reading CSV file from data/healthcare_dataset_dirty.csv
2025-12-01 10:40:56,952 - src.read - INFO - Successfully read CSV: 57165 rows x 15 columns
2025-12-01 10:40:56,953 - src.clean - INFO - Starting clean(): input df has 57165 rows x 15 columns
2025-12-01 10:40:56,969 - src.clean - INFO - Normalized column names. Before: ['Name', 'Age', 'Gender', 'Blood Type', 'Medical Condition', 'Date of Admission', 'Doctor', 'Hospital', 'Insurance Provider', 'Billing Amount', 'Room Number', 'Admission Type', 'Discharge Date', 'Medication', 'Test Results'] | After: ['name', 'age', 'gender', 'blood_type', 'medical_condition', 'date_of_admission', 'doctor', 'hospital', 'insurance_provider', 'billing_amount', 'room_number', 'admission_type', 'discharge_date', 'medication', 'test_results']
2025-12-01 10:40:57,010 - src.clean - INFO - Stripping whitespace from string columns: ['name', 'age', 'gender', 'blood_type', 'medical_condition', 'date_of_admission', 'doctor', 'hospital', 'insurance_provider', 'room_number', 'admission_type', 'discharge_date', 'medication', 'test_results']
2025-12-01 10:40:57,491 - src.clean - INFO - Standardized string columns where present.
2025-12-01 10:40:57,537 - src.clean - WARNING - Column age: 285 value(s) could not be converted to numeric and were set to NaN
2025-12-01 10:40:57,639 - src.clean - INFO - Column billing_amount converted to numeric successfully.
2025-12-01 10:40:57,674 - src.clean - WARNING - Column room_number: 394 value(s) could not be converted to numeric and were set to NaN
2025-12-01 10:40:57,674 - src.clean - INFO - Age range before validation: min=0.0, max=150.0
2025-12-01 10:40:57,675 - src.clean - WARNING - Age: 144 value(s) outside valid range (0–120); setting to NA
2025-12-01 10:40:57,676 - src.clean - INFO - Room_number range before validation: min=101.0, max=500.0
2025-12-01 10:40:57,678 - src.clean - INFO - Rounded billing_amount to 2 decimal places.
2025-12-01 10:40:57,706 - src.clean - WARNING - Column date_of_admission: 2858 value(s) could not be parsed as datetime and were set to NaT
2025-12-01 10:40:57,721 - src.clean - WARNING - Column discharge_date: 2858 value(s) could not be parsed as datetime and were set to NaT
2025-12-01 10:40:57,721 - src.clean - INFO - clean() completed. Output df has 57165 rows x 15 columns
2025-12-01 10:40:57,721 - src.transform - INFO - Starting transform(): input df has 57165 rows x 15 columns
2025-12-01 10:40:57,775 - src.transform - INFO - Built people_df: 55143 rows x 5 columns
2025-12-01 10:40:57,816 - src.transform - INFO - Built doctors_df (pre-hospital merge): 51460 rows x 3 columns
2025-12-01 10:40:57,829 - src.transform - INFO - Built hospitals_df: 39008 rows x 2 columns
2025-12-01 10:40:57,973 - src.transform - INFO - Updated doctors_df after hospital merge: 51460 rows x 4 columns
2025-12-01 10:40:57,982 - src.transform - INFO - Built conditions_df: 7 rows x 2 columns
2025-12-01 10:40:57,991 - src.transform - INFO - Built insurance_df: 7 rows x 2 columns
2025-12-01 10:40:58,003 - src.transform - WARNING - test_results_df: 2839 invalid or null result_label value(s) dropped before dimension build
2025-12-01 10:40:58,014 - src.transform - INFO - Built test_results_df: 3 rows x 2 columns
2025-12-01 10:40:58,020 - src.transform - INFO - Built admission_types_df: 4 rows x 2 columns
2025-12-01 10:40:58,023 - src.transform - INFO - Merging people into base df...
2025-12-01 10:40:58,106 - src.transform - INFO - Merging doctors into base df...
2025-12-01 10:40:58,165 - src.transform - INFO - Merging conditions into base df...
2025-12-01 10:40:58,215 - src.transform - INFO - Merging insurance into base df...
2025-12-01 10:40:58,272 - src.transform - INFO - Merging test_results into base df...
2025-12-01 10:40:58,323 - src.transform - INFO - Merging admission_types into base df...
2025-12-01 10:40:58,377 - src.transform - INFO - Finished merges; df is now 57165 rows x 27 columns
2025-12-01 10:40:59,887 - src.transform - INFO - Built admissions_df: 39539 rows x 12 columns
2025-12-01 10:40:59,888 - src.transform - INFO - After reject split: 39539 valid admissions, 17626 rejected rows
2025-12-01 10:40:59,889 - src.transform - INFO - transform() completed successfully. Output tables: {'people': (55143, 5), 'doctors': (51460, 4), 'hospitals': (39008, 2), 'conditions': (7, 2), 'insurance': (7, 2), 'admission_types': (4, 2), 'test_results': (3, 2), 'admissions': (39539, 12), 'rejects': (17626, 16)}
2025-12-01 10:40:59,913 - src.load - INFO - Starting load()
2025-12-01 10:40:59,915 - src.load - INFO - Row counts - people=55143, hospitals=39008, doctors=51460, conditions=7, insurance=7, test_results=3, admission_types=4, admissions=39539, rejects=17626
2025-12-01 10:40:59,915 - src.load - INFO - Connecting to database...
2025-12-01 10:41:00,093 - src.load - INFO - Database connection established.
2025-12-01 10:41:00,093 - src.load - INFO - Creating tables if they do not exist...
2025-12-01 10:41:00,140 - src.load - INFO - Tables created/verified successfully.
2025-12-01 10:41:00,142 - src.load - INFO - Truncating tables and resetting identities...
2025-12-01 10:41:00,366 - src.load - INFO - Tables truncated.
2025-12-01 10:41:00,366 - src.load - INFO - Inserting into people...
2025-12-01 10:41:08,161 - src.load - INFO - Inserting into hospitals...
2025-12-01 10:41:12,969 - src.load - INFO - Inserting into doctors...
2025-12-01 10:41:20,421 - src.load - INFO - Inserting into conditions...
2025-12-01 10:41:20,434 - src.load - INFO - Inserting into insurance...
2025-12-01 10:41:20,450 - src.load - INFO - Inserting into test_results...
2025-12-01 10:41:20,598 - src.load - INFO - Inserting into admission_types...
2025-12-01 10:41:20,623 - src.load - INFO - Inserting into admission_data...
2025-12-01 10:41:31,738 - src.load - INFO - Inserting into rejects...
2025-12-01 10:41:36,221 - src.load - INFO - Load completed successfully.
2025-12-01 10:41:36,221 - src.load - INFO - Database connection closed. End of load().
2025-12-01 10:54:46,990 - src.read - INFO - Starting read() for type=csv, path=data/healthcare_dataset_dirty.csv
2025-12-01 10:54:46,990 - src.read - INFO - Reading CSV file from data/healthcare_dataset_dirty.csv
2025-12-01 10:54:47,344 - src.read - INFO - Successfully read CSV: 57165 rows x 15 columns
2025-12-01 10:54:47,344 - src.clean - INFO - Starting clean(): input df has 57165 rows x 15 columns
2025-12-01 10:54:47,359 - src.clean - INFO - Normalized column names. Before: ['Name', 'Age', 'Gender', 'Blood Type', 'Medical Condition', 'Date of Admission', 'Doctor', 'Hospital', 'Insurance Provider', 'Billing Amount', 'Room Number', 'Admission Type', 'Discharge Date', 'Medication', 'Test Results'] | After: ['name', 'age', 'gender', 'blood_type', 'medical_condition', 'date_of_admission', 'doctor', 'hospital', 'insurance_provider', 'billing_amount', 'room_number', 'admission_type', 'discharge_date', 'medication', 'test_results']
2025-12-01 10:54:47,380 - src.clean - INFO - Stripping whitespace from string columns: ['name', 'age', 'gender', 'blood_type', 'medical_condition', 'date_of_admission', 'doctor', 'hospital', 'insurance_provider', 'room_number', 'admission_type', 'discharge_date', 'medication', 'test_results']
2025-12-01 10:54:47,796 - src.clean - INFO - Standardized string columns where present.
2025-12-01 10:54:47,830 - src.clean - WARNING - Column age: 285 value(s) could not be converted to numeric and were set to NaN
2025-12-01 10:54:47,933 - src.clean - INFO - Column billing_amount converted to numeric successfully.
2025-12-01 10:54:47,979 - src.clean - WARNING - Column room_number: 394 value(s) could not be converted to numeric and were set to NaN
2025-12-01 10:54:47,980 - src.clean - INFO - Age range before validation: min=0.0, max=150.0
2025-12-01 10:54:47,986 - src.clean - WARNING - Age: 144 value(s) outside valid range (0–120); setting to NA
2025-12-01 10:54:47,992 - src.clean - INFO - Room_number range before validation: min=101.0, max=500.0
2025-12-01 10:54:47,996 - src.clean - INFO - Rounded billing_amount to 2 decimal places.
2025-12-01 10:54:48,021 - src.clean - WARNING - Column date_of_admission: 2858 value(s) could not be parsed as datetime and were set to NaT
2025-12-01 10:54:48,038 - src.clean - WARNING - Column discharge_date: 2858 value(s) could not be parsed as datetime and were set to NaT
2025-12-01 10:54:48,039 - src.clean - INFO - clean() completed. Output df has 57165 rows x 15 columns
2025-12-01 10:54:48,039 - src.transform - INFO - Starting transform(): input df has 57165 rows x 15 columns
2025-12-01 10:54:48,105 - src.transform - INFO - Built people_df (no nulls): 46802 rows x 5 columns
2025-12-01 10:54:48,139 - src.transform - INFO - Built doctors_df (pre-hospital merge, no nulls): 46283 rows x 3 columns
2025-12-01 10:54:48,228 - src.transform - INFO - Built hospitals_df (no nulls): 37437 rows x 2 columns
2025-12-01 10:54:48,294 - src.transform - INFO - Updated doctors_df after hospital merge: 46283 rows x 4 columns
2025-12-01 10:54:48,313 - src.transform - INFO - Built conditions_df (no nulls): 6 rows x 2 columns
2025-12-01 10:54:48,340 - src.transform - INFO - Built insurance_df (no nulls): 6 rows x 2 columns
2025-12-01 10:54:48,347 - src.transform - WARNING - test_results_df: 2839 invalid or null result_label value(s) dropped before dimension build
2025-12-01 10:54:48,353 - src.transform - INFO - Built test_results_df (no nulls): 3 rows x 2 columns
2025-12-01 10:54:48,369 - src.transform - INFO - Built admission_types_df (no nulls): 3 rows x 2 columns
2025-12-01 10:54:48,370 - src.transform - INFO - Merging people into base df...
2025-12-01 10:54:48,457 - src.transform - INFO - Merging doctors into base df...
2025-12-01 10:54:48,607 - src.transform - INFO - Merging conditions into base df...
2025-12-01 10:54:48,663 - src.transform - INFO - Merging insurance into base df...
2025-12-01 10:54:48,975 - src.transform - INFO - Merging test_results into base df...
2025-12-01 10:54:49,151 - src.transform - INFO - Merging admission_types into base df...
2025-12-01 10:54:49,193 - src.transform - INFO - Finished merges; df is now 57165 rows x 27 columns
2025-12-01 10:54:50,761 - src.transform - INFO - Built admissions_df: 25973 rows x 12 columns
2025-12-01 10:54:50,761 - src.transform - INFO - After reject split: 25973 valid admissions, 31192 rejected rows
2025-12-01 10:54:50,761 - src.transform - INFO - transform() completed successfully. Output tables: {'people': (46802, 5), 'doctors': (46283, 4), 'hospitals': (37437, 2), 'conditions': (6, 2), 'insurance': (6, 2), 'admission_types': (3, 2), 'test_results': (3, 2), 'admissions': (25973, 12), 'rejects': (31192, 16)}
2025-12-01 10:54:50,768 - src.load - INFO - Starting load()
2025-12-01 10:54:50,768 - src.load - INFO - Row counts - people=46802, hospitals=37437, doctors=46283, conditions=6, insurance=6, test_results=3, admission_types=3, admissions=25973, rejects=31192
2025-12-01 10:54:50,768 - src.load - INFO - Connecting to database...
2025-12-01 10:54:50,952 - src.load - INFO - Database connection established.
2025-12-01 10:54:50,953 - src.load - INFO - Creating tables if they do not exist...
2025-12-01 10:54:51,122 - src.load - INFO - Tables created/verified successfully.
2025-12-01 10:54:51,122 - src.load - INFO - Truncating tables and resetting identities...
2025-12-01 10:54:51,164 - src.load - INFO - Tables truncated.
2025-12-01 10:54:51,164 - src.load - INFO - Inserting into people...
2025-12-01 10:54:56,840 - src.load - INFO - Inserting into hospitals...
2025-12-01 10:55:00,963 - src.load - INFO - Inserting into doctors...
2025-12-01 10:55:07,082 - src.load - INFO - Inserting into conditions...
2025-12-01 10:55:07,084 - src.load - INFO - Inserting into insurance...
2025-12-01 10:55:07,098 - src.load - INFO - Inserting into test_results...
2025-12-01 10:55:07,101 - src.load - INFO - Inserting into admission_types...
2025-12-01 10:55:07,102 - src.load - INFO - Inserting into admission_data...
2025-12-01 10:55:14,016 - src.load - INFO - Inserting into rejects...
2025-12-01 10:55:19,857 - src.load - INFO - Load completed successfully.
2025-12-01 10:55:19,858 - src.load - INFO - Database connection closed. End of load().
2025-12-01 15:19:35,180 - src.clean - INFO - Starting clean(): input df has 2 rows x 3 columns
2025-12-01 15:19:35,181 - src.clean - INFO - Normalized column names. Before: [' Name ', 'GENDER', 'hospitAL'] | After: ['name', 'gender', 'hospital']
2025-12-01 15:19:35,199 - src.clean - INFO - Stripping whitespace from string columns: ['name', 'gender', 'hospital']
2025-12-01 15:19:35,274 - src.clean - INFO - Standardized string columns where present.
2025-12-01 15:19:35,274 - src.clean - INFO - clean() completed. Output df has 2 rows x 3 columns
2025-12-01 15:19:35,279 - src.clean - INFO - Starting clean(): input df has 1 rows x 2 columns
2025-12-01 15:19:35,279 - src.clean - INFO - Normalized column names. Before: ['NAME', 'GENDER'] | After: ['name', 'gender']
2025-12-01 15:19:35,280 - src.clean - INFO - Stripping whitespace from string columns: ['name', 'gender']
2025-12-01 15:19:35,285 - src.clean - INFO - Standardized string columns where present.
2025-12-01 15:19:35,285 - src.clean - INFO - clean() completed. Output df has 1 rows x 2 columns
2025-12-01 15:19:35,405 - src.load - INFO - Starting load()
2025-12-01 15:19:35,406 - src.load - INFO - Row counts - people=1, hospitals=1, doctors=1, conditions=1, insurance=1, test_results=1, admission_types=1, admissions=1, rejects=1
2025-12-01 15:19:35,407 - src.load - INFO - Connecting to database...
2025-12-01 15:19:35,407 - src.load - INFO - Database connection established.
2025-12-01 15:19:35,407 - src.load - INFO - Creating tables if they do not exist...
2025-12-01 15:19:35,407 - src.load - INFO - Tables created/verified successfully.
2025-12-01 15:19:35,407 - src.load - INFO - Truncating tables and resetting identities...
2025-12-01 15:19:35,407 - src.load - INFO - Tables truncated.
2025-12-01 15:19:35,407 - src.load - INFO - Inserting into people...
2025-12-01 15:19:35,409 - src.load - INFO - Inserting into hospitals...
2025-12-01 15:19:35,410 - src.load - INFO - Inserting into doctors...
2025-12-01 15:19:35,411 - src.load - INFO - Inserting into conditions...
2025-12-01 15:19:35,412 - src.load - INFO - Inserting into insurance...
2025-12-01 15:19:35,412 - src.load - INFO - Inserting into test_results...
2025-12-01 15:19:35,413 - src.load - INFO - Inserting into admission_types...
2025-12-01 15:19:35,414 - src.load - INFO - Inserting into admission_data...
2025-12-01 15:19:35,417 - src.load - INFO - Inserting into rejects...
2025-12-01 15:19:35,421 - src.load - INFO - Load completed successfully.
2025-12-01 15:19:35,422 - src.load - INFO - Database connection closed. End of load().
2025-12-01 15:19:35,443 - src.load - INFO - Starting load()
2025-12-01 15:19:35,443 - src.load - INFO - Row counts - people=3, hospitals=1, doctors=1, conditions=1, insurance=1, test_results=1, admission_types=1, admissions=1, rejects=1
2025-12-01 15:19:35,443 - src.load - INFO - Connecting to database...
2025-12-01 15:19:35,444 - src.load - INFO - Database connection established.
2025-12-01 15:19:35,444 - src.load - INFO - Creating tables if they do not exist...
2025-12-01 15:19:35,444 - src.load - INFO - Tables created/verified successfully.
2025-12-01 15:19:35,444 - src.load - INFO - Truncating tables and resetting identities...
2025-12-01 15:19:35,444 - src.load - INFO - Tables truncated.
2025-12-01 15:19:35,444 - src.load - INFO - Inserting into people...
2025-12-01 15:19:35,445 - src.load - WARNING - Invalid age 150 for person Too Old; setting age to NULL before insert
2025-12-01 15:19:35,446 - src.load - INFO - Inserting into hospitals...
2025-12-01 15:19:35,446 - src.load - INFO - Inserting into doctors...
2025-12-01 15:19:35,447 - src.load - INFO - Inserting into conditions...
2025-12-01 15:19:35,448 - src.load - INFO - Inserting into insurance...
2025-12-01 15:19:35,448 - src.load - INFO - Inserting into test_results...
2025-12-01 15:19:35,449 - src.load - INFO - Inserting into admission_types...
2025-12-01 15:19:35,449 - src.load - INFO - Inserting into admission_data...
2025-12-01 15:19:35,452 - src.load - INFO - Inserting into rejects...
2025-12-01 15:19:35,455 - src.load - INFO - Load completed successfully.
2025-12-01 15:19:35,455 - src.load - INFO - Database connection closed. End of load().
2025-12-01 15:19:35,471 - src.load - INFO - Starting load()
2025-12-01 15:19:35,471 - src.load - INFO - Row counts - people=1, hospitals=1, doctors=1, conditions=1, insurance=1, test_results=1, admission_types=1, admissions=1, rejects=1
2025-12-01 15:19:35,471 - src.load - INFO - Connecting to database...
2025-12-01 15:19:35,471 - src.load - INFO - Database connection established.
2025-12-01 15:19:35,472 - src.load - INFO - Creating tables if they do not exist...
2025-12-01 15:19:35,472 - src.load - INFO - Tables created/verified successfully.
2025-12-01 15:19:35,472 - src.load - INFO - Truncating tables and resetting identities...
2025-12-01 15:19:35,472 - src.load - INFO - Tables truncated.
2025-12-01 15:19:35,472 - src.load - INFO - Inserting into people...
2025-12-01 15:19:35,474 - src.load - ERROR - Failed inserting people row: Pandas(person_id=1, name='Error Person', age=40, gender='M', blood_type='AB+')
Traceback (most recent call last):
  File "/Users/mattmurno/Desktop/Revature training files/etl_proj/src/load.py", line 173, in load
    cur.execute(
  File "/Users/mattmurno/Desktop/Revature training files/etl_proj/tests/test_load.py", line 18, in execute
    raise psycopg2.Error("Simulated DB error")
psycopg2.Error: Simulated DB error
2025-12-01 15:19:35,477 - src.load - ERROR - Error in load() while working with the database.
Traceback (most recent call last):
  File "/Users/mattmurno/Desktop/Revature training files/etl_proj/src/load.py", line 173, in load
    cur.execute(
  File "/Users/mattmurno/Desktop/Revature training files/etl_proj/tests/test_load.py", line 18, in execute
    raise psycopg2.Error("Simulated DB error")
psycopg2.Error: Simulated DB error
2025-12-01 15:19:35,478 - src.load - INFO - Transaction rolled back due to error.
2025-12-01 15:19:35,478 - src.load - INFO - Database connection closed. End of load().
2025-12-01 15:19:35,488 - src.transform - INFO - Starting transform(): input df has 2 rows x 15 columns
2025-12-01 15:19:35,528 - src.transform - INFO - Built people_df (no nulls): 2 rows x 5 columns
2025-12-01 15:19:35,532 - src.transform - INFO - Built doctors_df (pre-hospital merge, no nulls): 2 rows x 3 columns
2025-12-01 15:19:35,536 - src.transform - INFO - Built hospitals_df (no nulls): 2 rows x 2 columns
2025-12-01 15:19:35,552 - src.transform - INFO - Updated doctors_df after hospital merge: 2 rows x 4 columns
2025-12-01 15:19:35,556 - src.transform - INFO - Built conditions_df (no nulls): 2 rows x 2 columns
2025-12-01 15:19:35,559 - src.transform - INFO - Built insurance_df (no nulls): 1 rows x 2 columns
2025-12-01 15:19:35,600 - src.transform - INFO - Built test_results_df (no nulls): 2 rows x 2 columns
2025-12-01 15:19:35,604 - src.transform - INFO - Built admission_types_df (no nulls): 2 rows x 2 columns
2025-12-01 15:19:35,604 - src.transform - INFO - Merging people into base df...
2025-12-01 15:19:35,606 - src.transform - INFO - Merging doctors into base df...
2025-12-01 15:19:35,609 - src.transform - INFO - Merging conditions into base df...
2025-12-01 15:19:35,611 - src.transform - INFO - Merging insurance into base df...
2025-12-01 15:19:35,621 - src.transform - INFO - Merging test_results into base df...
2025-12-01 15:19:35,624 - src.transform - INFO - Merging admission_types into base df...
2025-12-01 15:19:35,626 - src.transform - INFO - Finished merges; df is now 2 rows x 27 columns
2025-12-01 15:19:35,638 - src.transform - INFO - Built admissions_df: 2 rows x 12 columns
2025-12-01 15:19:35,638 - src.transform - INFO - After reject split: 2 valid admissions, 0 rejected rows
2025-12-01 15:19:35,638 - src.transform - INFO - transform() completed successfully. Output tables: {'people': (2, 5), 'doctors': (2, 4), 'hospitals': (2, 2), 'conditions': (2, 2), 'insurance': (1, 2), 'admission_types': (2, 2), 'test_results': (2, 2), 'admissions': (2, 12), 'rejects': (0, 16)}
2025-12-01 15:19:35,644 - src.transform - INFO - Starting transform(): input df has 3 rows x 15 columns
2025-12-01 15:19:35,647 - src.transform - INFO - Built people_df (no nulls): 2 rows x 5 columns
2025-12-01 15:19:35,650 - src.transform - INFO - Built doctors_df (pre-hospital merge, no nulls): 2 rows x 3 columns
2025-12-01 15:19:35,657 - src.transform - INFO - Built hospitals_df (no nulls): 2 rows x 2 columns
2025-12-01 15:19:35,661 - src.transform - INFO - Updated doctors_df after hospital merge: 2 rows x 4 columns
2025-12-01 15:19:35,664 - src.transform - INFO - Built conditions_df (no nulls): 2 rows x 2 columns
2025-12-01 15:19:35,667 - src.transform - INFO - Built insurance_df (no nulls): 1 rows x 2 columns
2025-12-01 15:19:35,669 - src.transform - WARNING - test_results_df: 1 invalid or null result_label value(s) dropped before dimension build
2025-12-01 15:19:35,670 - src.transform - INFO - Built test_results_df (no nulls): 2 rows x 2 columns
2025-12-01 15:19:35,674 - src.transform - INFO - Built admission_types_df (no nulls): 2 rows x 2 columns
2025-12-01 15:19:35,674 - src.transform - INFO - Merging people into base df...
2025-12-01 15:19:35,677 - src.transform - INFO - Merging doctors into base df...
2025-12-01 15:19:35,680 - src.transform - INFO - Merging conditions into base df...
2025-12-01 15:19:35,682 - src.transform - INFO - Merging insurance into base df...
2025-12-01 15:19:35,684 - src.transform - INFO - Merging test_results into base df...
2025-12-01 15:19:35,686 - src.transform - INFO - Merging admission_types into base df...
2025-12-01 15:19:35,688 - src.transform - INFO - Finished merges; df is now 3 rows x 27 columns
2025-12-01 15:19:35,695 - src.transform - INFO - Built admissions_df: 2 rows x 12 columns
2025-12-01 15:19:35,695 - src.transform - INFO - After reject split: 2 valid admissions, 1 rejected rows
2025-12-01 15:19:35,695 - src.transform - INFO - transform() completed successfully. Output tables: {'people': (2, 5), 'doctors': (2, 4), 'hospitals': (2, 2), 'conditions': (2, 2), 'insurance': (1, 2), 'admission_types': (2, 2), 'test_results': (2, 2), 'admissions': (2, 12), 'rejects': (1, 16)}
2025-12-01 15:19:35,699 - src.transform - INFO - Starting transform(): input df has 1 rows x 14 columns
2025-12-01 15:19:35,703 - src.transform - ERROR - transform() failed.
Traceback (most recent call last):
  File "/Users/mattmurno/Desktop/Revature training files/etl_proj/src/transform.py", line 16, in transform
    df[["name", "age", "gender", "blood_type"]]
    ~~^^^^^^^^^^^^^^^^^^^^^^^^^^^^^^^^^^^^^^^^^
  File "/Users/mattmurno/Desktop/Revature training files/etl_proj/venv/lib/python3.11/site-packages/pandas/core/frame.py", line 4119, in __getitem__
    indexer = self.columns._get_indexer_strict(key, "columns")[1]
              ^^^^^^^^^^^^^^^^^^^^^^^^^^^^^^^^^^^^^^^^^^^^^^^^
  File "/Users/mattmurno/Desktop/Revature training files/etl_proj/venv/lib/python3.11/site-packages/pandas/core/indexes/base.py", line 6212, in _get_indexer_strict
    self._raise_if_missing(keyarr, indexer, axis_name)
  File "/Users/mattmurno/Desktop/Revature training files/etl_proj/venv/lib/python3.11/site-packages/pandas/core/indexes/base.py", line 6264, in _raise_if_missing
    raise KeyError(f"{not_found} not in index")
KeyError: "['name'] not in index"
2025-12-01 15:20:16,306 - src.clean - INFO - Starting clean(): input df has 2 rows x 3 columns
2025-12-01 15:20:16,308 - src.clean - INFO - Normalized column names. Before: [' Name ', 'GENDER', 'hospitAL'] | After: ['name', 'gender', 'hospital']
2025-12-01 15:20:16,343 - src.clean - INFO - Stripping whitespace from string columns: ['name', 'gender', 'hospital']
2025-12-01 15:20:16,476 - src.clean - INFO - Standardized string columns where present.
2025-12-01 15:20:16,476 - src.clean - INFO - clean() completed. Output df has 2 rows x 3 columns
2025-12-01 15:20:16,480 - src.clean - INFO - Starting clean(): input df has 1 rows x 2 columns
2025-12-01 15:20:16,480 - src.clean - INFO - Normalized column names. Before: ['NAME', 'GENDER'] | After: ['name', 'gender']
2025-12-01 15:20:16,481 - src.clean - INFO - Stripping whitespace from string columns: ['name', 'gender']
2025-12-01 15:20:16,490 - src.clean - INFO - Standardized string columns where present.
2025-12-01 15:20:16,490 - src.clean - INFO - clean() completed. Output df has 1 rows x 2 columns
2025-12-01 15:20:16,528 - src.load - INFO - Starting load()
2025-12-01 15:20:16,528 - src.load - INFO - Row counts - people=1, hospitals=1, doctors=1, conditions=1, insurance=1, test_results=1, admission_types=1, admissions=1, rejects=1
2025-12-01 15:20:16,528 - src.load - INFO - Connecting to database...
2025-12-01 15:20:16,528 - src.load - INFO - Database connection established.
2025-12-01 15:20:16,528 - src.load - INFO - Creating tables if they do not exist...
2025-12-01 15:20:16,529 - src.load - INFO - Tables created/verified successfully.
2025-12-01 15:20:16,529 - src.load - INFO - Truncating tables and resetting identities...
2025-12-01 15:20:16,529 - src.load - INFO - Tables truncated.
2025-12-01 15:20:16,529 - src.load - INFO - Inserting into people...
2025-12-01 15:20:16,530 - src.load - INFO - Inserting into hospitals...
2025-12-01 15:20:16,530 - src.load - INFO - Inserting into doctors...
2025-12-01 15:20:16,531 - src.load - INFO - Inserting into conditions...
2025-12-01 15:20:16,532 - src.load - INFO - Inserting into insurance...
2025-12-01 15:20:16,532 - src.load - INFO - Inserting into test_results...
2025-12-01 15:20:16,533 - src.load - INFO - Inserting into admission_types...
2025-12-01 15:20:16,534 - src.load - INFO - Inserting into admission_data...
2025-12-01 15:20:16,542 - src.load - INFO - Inserting into rejects...
2025-12-01 15:20:16,544 - src.load - INFO - Load completed successfully.
2025-12-01 15:20:16,544 - src.load - INFO - Database connection closed. End of load().
2025-12-01 15:20:16,552 - src.load - INFO - Starting load()
2025-12-01 15:20:16,552 - src.load - INFO - Row counts - people=3, hospitals=1, doctors=1, conditions=1, insurance=1, test_results=1, admission_types=1, admissions=1, rejects=1
2025-12-01 15:20:16,552 - src.load - INFO - Connecting to database...
2025-12-01 15:20:16,553 - src.load - INFO - Database connection established.
2025-12-01 15:20:16,553 - src.load - INFO - Creating tables if they do not exist...
2025-12-01 15:20:16,553 - src.load - INFO - Tables created/verified successfully.
2025-12-01 15:20:16,553 - src.load - INFO - Truncating tables and resetting identities...
2025-12-01 15:20:16,554 - src.load - INFO - Tables truncated.
2025-12-01 15:20:16,554 - src.load - INFO - Inserting into people...
2025-12-01 15:20:16,555 - src.load - WARNING - Invalid age 150 for person Too Old; setting age to NULL before insert
2025-12-01 15:20:16,555 - src.load - INFO - Inserting into hospitals...
2025-12-01 15:20:16,556 - src.load - INFO - Inserting into doctors...
2025-12-01 15:20:16,556 - src.load - INFO - Inserting into conditions...
2025-12-01 15:20:16,557 - src.load - INFO - Inserting into insurance...
2025-12-01 15:20:16,558 - src.load - INFO - Inserting into test_results...
2025-12-01 15:20:16,558 - src.load - INFO - Inserting into admission_types...
2025-12-01 15:20:16,559 - src.load - INFO - Inserting into admission_data...
2025-12-01 15:20:16,561 - src.load - INFO - Inserting into rejects...
2025-12-01 15:20:16,564 - src.load - INFO - Load completed successfully.
2025-12-01 15:20:16,565 - src.load - INFO - Database connection closed. End of load().
2025-12-01 15:20:16,572 - src.load - INFO - Starting load()
2025-12-01 15:20:16,572 - src.load - INFO - Row counts - people=1, hospitals=1, doctors=1, conditions=1, insurance=1, test_results=1, admission_types=1, admissions=1, rejects=1
2025-12-01 15:20:16,572 - src.load - INFO - Connecting to database...
2025-12-01 15:20:16,572 - src.load - INFO - Database connection established.
2025-12-01 15:20:16,572 - src.load - INFO - Creating tables if they do not exist...
2025-12-01 15:20:16,573 - src.load - INFO - Tables created/verified successfully.
2025-12-01 15:20:16,573 - src.load - INFO - Truncating tables and resetting identities...
2025-12-01 15:20:16,573 - src.load - INFO - Tables truncated.
2025-12-01 15:20:16,573 - src.load - INFO - Inserting into people...
2025-12-01 15:20:16,574 - src.load - ERROR - Failed inserting people row: Pandas(person_id=1, name='Error Person', age=40, gender='M', blood_type='AB+')
Traceback (most recent call last):
  File "/Users/mattmurno/Desktop/Revature training files/etl_proj/src/load.py", line 173, in load
    cur.execute(
  File "/Users/mattmurno/Desktop/Revature training files/etl_proj/tests/test_load.py", line 18, in execute
    raise psycopg2.Error("Simulated DB error")
psycopg2.Error: Simulated DB error
2025-12-01 15:20:16,577 - src.load - ERROR - Error in load() while working with the database.
Traceback (most recent call last):
  File "/Users/mattmurno/Desktop/Revature training files/etl_proj/src/load.py", line 173, in load
    cur.execute(
  File "/Users/mattmurno/Desktop/Revature training files/etl_proj/tests/test_load.py", line 18, in execute
    raise psycopg2.Error("Simulated DB error")
psycopg2.Error: Simulated DB error
2025-12-01 15:20:16,578 - src.load - INFO - Transaction rolled back due to error.
2025-12-01 15:20:16,578 - src.load - INFO - Database connection closed. End of load().
2025-12-01 15:20:16,583 - src.transform - INFO - Starting transform(): input df has 2 rows x 15 columns
2025-12-01 15:20:16,613 - src.transform - INFO - Built people_df (no nulls): 2 rows x 5 columns
2025-12-01 15:20:16,619 - src.transform - INFO - Built doctors_df (pre-hospital merge, no nulls): 2 rows x 3 columns
2025-12-01 15:20:16,622 - src.transform - INFO - Built hospitals_df (no nulls): 2 rows x 2 columns
2025-12-01 15:20:16,640 - src.transform - INFO - Updated doctors_df after hospital merge: 2 rows x 4 columns
2025-12-01 15:20:16,646 - src.transform - INFO - Built conditions_df (no nulls): 2 rows x 2 columns
2025-12-01 15:20:16,649 - src.transform - INFO - Built insurance_df (no nulls): 1 rows x 2 columns
2025-12-01 15:20:16,652 - src.transform - INFO - Built test_results_df (no nulls): 2 rows x 2 columns
2025-12-01 15:20:16,656 - src.transform - INFO - Built admission_types_df (no nulls): 2 rows x 2 columns
2025-12-01 15:20:16,656 - src.transform - INFO - Merging people into base df...
2025-12-01 15:20:16,659 - src.transform - INFO - Merging doctors into base df...
2025-12-01 15:20:16,663 - src.transform - INFO - Merging conditions into base df...
2025-12-01 15:20:16,664 - src.transform - INFO - Merging insurance into base df...
2025-12-01 15:20:16,673 - src.transform - INFO - Merging test_results into base df...
2025-12-01 15:20:16,675 - src.transform - INFO - Merging admission_types into base df...
2025-12-01 15:20:16,677 - src.transform - INFO - Finished merges; df is now 2 rows x 27 columns
2025-12-01 15:20:16,690 - src.transform - INFO - Built admissions_df: 2 rows x 12 columns
2025-12-01 15:20:16,690 - src.transform - INFO - After reject split: 2 valid admissions, 0 rejected rows
2025-12-01 15:20:16,690 - src.transform - INFO - transform() completed successfully. Output tables: {'people': (2, 5), 'doctors': (2, 4), 'hospitals': (2, 2), 'conditions': (2, 2), 'insurance': (1, 2), 'admission_types': (2, 2), 'test_results': (2, 2), 'admissions': (2, 12), 'rejects': (0, 16)}
2025-12-01 15:20:16,698 - src.transform - INFO - Starting transform(): input df has 3 rows x 15 columns
2025-12-01 15:20:16,707 - src.transform - INFO - Built people_df (no nulls): 2 rows x 5 columns
2025-12-01 15:20:16,710 - src.transform - INFO - Built doctors_df (pre-hospital merge, no nulls): 2 rows x 3 columns
2025-12-01 15:20:16,714 - src.transform - INFO - Built hospitals_df (no nulls): 2 rows x 2 columns
2025-12-01 15:20:16,717 - src.transform - INFO - Updated doctors_df after hospital merge: 2 rows x 4 columns
2025-12-01 15:20:16,721 - src.transform - INFO - Built conditions_df (no nulls): 2 rows x 2 columns
2025-12-01 15:20:16,724 - src.transform - INFO - Built insurance_df (no nulls): 1 rows x 2 columns
2025-12-01 15:20:16,726 - src.transform - WARNING - test_results_df: 1 invalid or null result_label value(s) dropped before dimension build
2025-12-01 15:20:16,727 - src.transform - INFO - Built test_results_df (no nulls): 2 rows x 2 columns
2025-12-01 15:20:16,730 - src.transform - INFO - Built admission_types_df (no nulls): 2 rows x 2 columns
2025-12-01 15:20:16,730 - src.transform - INFO - Merging people into base df...
2025-12-01 15:20:16,734 - src.transform - INFO - Merging doctors into base df...
2025-12-01 15:20:16,738 - src.transform - INFO - Merging conditions into base df...
2025-12-01 15:20:16,739 - src.transform - INFO - Merging insurance into base df...
2025-12-01 15:20:16,741 - src.transform - INFO - Merging test_results into base df...
2025-12-01 15:20:16,743 - src.transform - INFO - Merging admission_types into base df...
2025-12-01 15:20:16,745 - src.transform - INFO - Finished merges; df is now 3 rows x 27 columns
2025-12-01 15:20:16,752 - src.transform - INFO - Built admissions_df: 2 rows x 12 columns
2025-12-01 15:20:16,752 - src.transform - INFO - After reject split: 2 valid admissions, 1 rejected rows
2025-12-01 15:20:16,753 - src.transform - INFO - transform() completed successfully. Output tables: {'people': (2, 5), 'doctors': (2, 4), 'hospitals': (2, 2), 'conditions': (2, 2), 'insurance': (1, 2), 'admission_types': (2, 2), 'test_results': (2, 2), 'admissions': (2, 12), 'rejects': (1, 16)}
2025-12-01 15:20:16,757 - src.transform - INFO - Starting transform(): input df has 1 rows x 14 columns
2025-12-01 15:20:16,757 - src.transform - ERROR - transform() failed.
Traceback (most recent call last):
  File "/Users/mattmurno/Desktop/Revature training files/etl_proj/src/transform.py", line 16, in transform
    df[["name", "age", "gender", "blood_type"]]
    ~~^^^^^^^^^^^^^^^^^^^^^^^^^^^^^^^^^^^^^^^^^
  File "/Users/mattmurno/Desktop/Revature training files/etl_proj/venv/lib/python3.11/site-packages/pandas/core/frame.py", line 4119, in __getitem__
    indexer = self.columns._get_indexer_strict(key, "columns")[1]
              ^^^^^^^^^^^^^^^^^^^^^^^^^^^^^^^^^^^^^^^^^^^^^^^^
  File "/Users/mattmurno/Desktop/Revature training files/etl_proj/venv/lib/python3.11/site-packages/pandas/core/indexes/base.py", line 6212, in _get_indexer_strict
    self._raise_if_missing(keyarr, indexer, axis_name)
  File "/Users/mattmurno/Desktop/Revature training files/etl_proj/venv/lib/python3.11/site-packages/pandas/core/indexes/base.py", line 6264, in _raise_if_missing
    raise KeyError(f"{not_found} not in index")
KeyError: "['name'] not in index"
2025-12-01 15:20:53,925 - src.clean - INFO - Starting clean(): input df has 2 rows x 3 columns
2025-12-01 15:20:53,927 - src.clean - INFO - Normalized column names. Before: [' Name ', 'GENDER', 'hospitAL'] | After: ['name', 'gender', 'hospital']
2025-12-01 15:20:53,937 - src.clean - INFO - Stripping whitespace from string columns: ['name', 'gender', 'hospital']
2025-12-01 15:20:53,956 - src.clean - INFO - Standardized string columns where present.
2025-12-01 15:20:53,956 - src.clean - INFO - clean() completed. Output df has 2 rows x 3 columns
2025-12-01 15:20:53,960 - src.clean - INFO - Starting clean(): input df has 1 rows x 2 columns
2025-12-01 15:20:53,961 - src.clean - INFO - Normalized column names. Before: ['NAME', 'GENDER'] | After: ['name', 'gender']
2025-12-01 15:20:53,961 - src.clean - INFO - Stripping whitespace from string columns: ['name', 'gender']
2025-12-01 15:20:53,974 - src.clean - INFO - Standardized string columns where present.
2025-12-01 15:20:53,975 - src.clean - INFO - clean() completed. Output df has 1 rows x 2 columns
2025-12-01 15:20:53,992 - src.load - INFO - Starting load()
2025-12-01 15:20:53,995 - src.load - INFO - Row counts - people=1, hospitals=1, doctors=1, conditions=1, insurance=1, test_results=1, admission_types=1, admissions=1, rejects=1
2025-12-01 15:20:53,995 - src.load - INFO - Connecting to database...
2025-12-01 15:20:53,996 - src.load - INFO - Database connection established.
2025-12-01 15:20:53,996 - src.load - INFO - Creating tables if they do not exist...
2025-12-01 15:20:53,996 - src.load - INFO - Tables created/verified successfully.
2025-12-01 15:20:53,996 - src.load - INFO - Truncating tables and resetting identities...
2025-12-01 15:20:53,996 - src.load - INFO - Tables truncated.
2025-12-01 15:20:53,996 - src.load - INFO - Inserting into people...
2025-12-01 15:20:53,997 - src.load - INFO - Inserting into hospitals...
2025-12-01 15:20:53,998 - src.load - INFO - Inserting into doctors...
2025-12-01 15:20:54,001 - src.load - INFO - Inserting into conditions...
2025-12-01 15:20:54,002 - src.load - INFO - Inserting into insurance...
2025-12-01 15:20:54,012 - src.load - INFO - Inserting into test_results...
2025-12-01 15:20:54,012 - src.load - INFO - Inserting into admission_types...
2025-12-01 15:20:54,013 - src.load - INFO - Inserting into admission_data...
2025-12-01 15:20:54,016 - src.load - INFO - Inserting into rejects...
2025-12-01 15:20:54,019 - src.load - INFO - Load completed successfully.
2025-12-01 15:20:54,019 - src.load - INFO - Database connection closed. End of load().
2025-12-01 15:20:54,037 - src.load - INFO - Starting load()
2025-12-01 15:20:54,038 - src.load - INFO - Row counts - people=3, hospitals=1, doctors=1, conditions=1, insurance=1, test_results=1, admission_types=1, admissions=1, rejects=1
2025-12-01 15:20:54,039 - src.load - INFO - Connecting to database...
2025-12-01 15:20:54,039 - src.load - INFO - Database connection established.
2025-12-01 15:20:54,039 - src.load - INFO - Creating tables if they do not exist...
2025-12-01 15:20:54,039 - src.load - INFO - Tables created/verified successfully.
2025-12-01 15:20:54,039 - src.load - INFO - Truncating tables and resetting identities...
2025-12-01 15:20:54,039 - src.load - INFO - Tables truncated.
2025-12-01 15:20:54,039 - src.load - INFO - Inserting into people...
2025-12-01 15:20:54,041 - src.load - WARNING - Invalid age 150 for person Too Old; setting age to NULL before insert
2025-12-01 15:20:54,044 - src.load - INFO - Inserting into hospitals...
2025-12-01 15:20:54,044 - src.load - INFO - Inserting into doctors...
2025-12-01 15:20:54,045 - src.load - INFO - Inserting into conditions...
2025-12-01 15:20:54,046 - src.load - INFO - Inserting into insurance...
2025-12-01 15:20:54,046 - src.load - INFO - Inserting into test_results...
2025-12-01 15:20:54,046 - src.load - INFO - Inserting into admission_types...
2025-12-01 15:20:54,047 - src.load - INFO - Inserting into admission_data...
2025-12-01 15:20:54,049 - src.load - INFO - Inserting into rejects...
2025-12-01 15:20:54,050 - src.load - INFO - Load completed successfully.
2025-12-01 15:20:54,051 - src.load - INFO - Database connection closed. End of load().
2025-12-01 15:20:54,063 - src.load - INFO - Starting load()
2025-12-01 15:20:54,063 - src.load - INFO - Row counts - people=1, hospitals=1, doctors=1, conditions=1, insurance=1, test_results=1, admission_types=1, admissions=1, rejects=1
2025-12-01 15:20:54,064 - src.load - INFO - Connecting to database...
2025-12-01 15:20:54,064 - src.load - INFO - Database connection established.
2025-12-01 15:20:54,064 - src.load - INFO - Creating tables if they do not exist...
2025-12-01 15:20:54,064 - src.load - INFO - Tables created/verified successfully.
2025-12-01 15:20:54,064 - src.load - INFO - Truncating tables and resetting identities...
2025-12-01 15:20:54,064 - src.load - INFO - Tables truncated.
2025-12-01 15:20:54,064 - src.load - INFO - Inserting into people...
2025-12-01 15:20:54,065 - src.load - ERROR - Failed inserting people row: Pandas(person_id=1, name='Error Person', age=40, gender='M', blood_type='AB+')
Traceback (most recent call last):
  File "/Users/mattmurno/Desktop/Revature training files/etl_proj/src/load.py", line 173, in load
    cur.execute(
  File "/Users/mattmurno/Desktop/Revature training files/etl_proj/tests/test_load.py", line 18, in execute
    raise psycopg2.Error("Simulated DB error")
psycopg2.Error: Simulated DB error
2025-12-01 15:20:54,068 - src.load - ERROR - Error in load() while working with the database.
Traceback (most recent call last):
  File "/Users/mattmurno/Desktop/Revature training files/etl_proj/src/load.py", line 173, in load
    cur.execute(
  File "/Users/mattmurno/Desktop/Revature training files/etl_proj/tests/test_load.py", line 18, in execute
    raise psycopg2.Error("Simulated DB error")
psycopg2.Error: Simulated DB error
2025-12-01 15:20:54,079 - src.load - INFO - Transaction rolled back due to error.
2025-12-01 15:20:54,079 - src.load - INFO - Database connection closed. End of load().
2025-12-01 15:20:54,102 - src.transform - INFO - Starting transform(): input df has 2 rows x 15 columns
2025-12-01 15:20:54,118 - src.transform - INFO - Built people_df (no nulls): 2 rows x 5 columns
2025-12-01 15:20:54,128 - src.transform - INFO - Built doctors_df (pre-hospital merge, no nulls): 2 rows x 3 columns
2025-12-01 15:20:54,133 - src.transform - INFO - Built hospitals_df (no nulls): 2 rows x 2 columns
2025-12-01 15:20:54,264 - src.transform - INFO - Updated doctors_df after hospital merge: 2 rows x 4 columns
2025-12-01 15:20:54,270 - src.transform - INFO - Built conditions_df (no nulls): 2 rows x 2 columns
2025-12-01 15:20:54,276 - src.transform - INFO - Built insurance_df (no nulls): 1 rows x 2 columns
2025-12-01 15:20:54,281 - src.transform - INFO - Built test_results_df (no nulls): 2 rows x 2 columns
2025-12-01 15:20:54,296 - src.transform - INFO - Built admission_types_df (no nulls): 2 rows x 2 columns
2025-12-01 15:20:54,296 - src.transform - INFO - Merging people into base df...
2025-12-01 15:20:54,323 - src.transform - INFO - Merging doctors into base df...
2025-12-01 15:20:54,327 - src.transform - INFO - Merging conditions into base df...
2025-12-01 15:20:54,328 - src.transform - INFO - Merging insurance into base df...
2025-12-01 15:20:54,332 - src.transform - INFO - Merging test_results into base df...
2025-12-01 15:20:54,334 - src.transform - INFO - Merging admission_types into base df...
2025-12-01 15:20:54,336 - src.transform - INFO - Finished merges; df is now 2 rows x 27 columns
2025-12-01 15:20:54,344 - src.transform - INFO - Built admissions_df: 2 rows x 12 columns
2025-12-01 15:20:54,344 - src.transform - INFO - After reject split: 2 valid admissions, 0 rejected rows
2025-12-01 15:20:54,344 - src.transform - INFO - transform() completed successfully. Output tables: {'people': (2, 5), 'doctors': (2, 4), 'hospitals': (2, 2), 'conditions': (2, 2), 'insurance': (1, 2), 'admission_types': (2, 2), 'test_results': (2, 2), 'admissions': (2, 12), 'rejects': (0, 16)}
2025-12-01 15:20:54,360 - src.transform - INFO - Starting transform(): input df has 3 rows x 15 columns
2025-12-01 15:20:54,365 - src.transform - INFO - Built people_df (no nulls): 2 rows x 5 columns
2025-12-01 15:20:54,379 - src.transform - INFO - Built doctors_df (pre-hospital merge, no nulls): 2 rows x 3 columns
2025-12-01 15:20:54,414 - src.transform - INFO - Built hospitals_df (no nulls): 2 rows x 2 columns
2025-12-01 15:20:54,440 - src.transform - INFO - Updated doctors_df after hospital merge: 2 rows x 4 columns
2025-12-01 15:20:54,451 - src.transform - INFO - Built conditions_df (no nulls): 2 rows x 2 columns
2025-12-01 15:20:54,460 - src.transform - INFO - Built insurance_df (no nulls): 1 rows x 2 columns
2025-12-01 15:20:54,465 - src.transform - WARNING - test_results_df: 1 invalid or null result_label value(s) dropped before dimension build
2025-12-01 15:20:54,472 - src.transform - INFO - Built test_results_df (no nulls): 2 rows x 2 columns
2025-12-01 15:20:54,480 - src.transform - INFO - Built admission_types_df (no nulls): 2 rows x 2 columns
2025-12-01 15:20:54,480 - src.transform - INFO - Merging people into base df...
2025-12-01 15:20:54,485 - src.transform - INFO - Merging doctors into base df...
2025-12-01 15:20:54,490 - src.transform - INFO - Merging conditions into base df...
2025-12-01 15:20:54,506 - src.transform - INFO - Merging insurance into base df...
2025-12-01 15:20:54,594 - src.transform - INFO - Merging test_results into base df...
2025-12-01 15:20:54,650 - src.transform - INFO - Merging admission_types into base df...
2025-12-01 15:20:55,510 - src.transform - INFO - Finished merges; df is now 3 rows x 27 columns
2025-12-01 15:20:55,895 - src.transform - INFO - Built admissions_df: 2 rows x 12 columns
2025-12-01 15:20:55,919 - src.transform - INFO - After reject split: 2 valid admissions, 1 rejected rows
2025-12-01 15:20:55,919 - src.transform - INFO - transform() completed successfully. Output tables: {'people': (2, 5), 'doctors': (2, 4), 'hospitals': (2, 2), 'conditions': (2, 2), 'insurance': (1, 2), 'admission_types': (2, 2), 'test_results': (2, 2), 'admissions': (2, 12), 'rejects': (1, 16)}
2025-12-01 15:20:55,925 - src.transform - INFO - Starting transform(): input df has 1 rows x 14 columns
2025-12-01 15:20:55,926 - src.transform - ERROR - transform() failed.
Traceback (most recent call last):
  File "/Users/mattmurno/Desktop/Revature training files/etl_proj/src/transform.py", line 16, in transform
    df[["name", "age", "gender", "blood_type"]]
    ~~^^^^^^^^^^^^^^^^^^^^^^^^^^^^^^^^^^^^^^^^^
  File "/Users/mattmurno/Desktop/Revature training files/etl_proj/venv/lib/python3.11/site-packages/pandas/core/frame.py", line 4119, in __getitem__
    indexer = self.columns._get_indexer_strict(key, "columns")[1]
              ^^^^^^^^^^^^^^^^^^^^^^^^^^^^^^^^^^^^^^^^^^^^^^^^
  File "/Users/mattmurno/Desktop/Revature training files/etl_proj/venv/lib/python3.11/site-packages/pandas/core/indexes/base.py", line 6212, in _get_indexer_strict
    self._raise_if_missing(keyarr, indexer, axis_name)
  File "/Users/mattmurno/Desktop/Revature training files/etl_proj/venv/lib/python3.11/site-packages/pandas/core/indexes/base.py", line 6264, in _raise_if_missing
    raise KeyError(f"{not_found} not in index")
KeyError: "['name'] not in index"
2025-12-04 09:19:13,212 - src.clean - INFO - Starting clean(): input df has 2 rows x 3 columns
2025-12-04 09:19:13,214 - src.clean - INFO - Normalized column names. Before: [' Name ', 'GENDER', 'hospitAL'] | After: ['name', 'gender', 'hospital']
2025-12-04 09:19:13,231 - src.clean - INFO - Stripping whitespace from string columns: ['name', 'gender', 'hospital']
2025-12-04 09:19:13,359 - src.clean - INFO - Standardized string columns where present.
2025-12-04 09:19:13,359 - src.clean - INFO - clean() completed. Output df has 2 rows x 3 columns
2025-12-04 09:19:13,364 - src.clean - INFO - Starting clean(): input df has 1 rows x 2 columns
2025-12-04 09:19:13,364 - src.clean - INFO - Normalized column names. Before: ['NAME', 'GENDER'] | After: ['name', 'gender']
2025-12-04 09:19:13,365 - src.clean - INFO - Stripping whitespace from string columns: ['name', 'gender']
2025-12-04 09:19:13,371 - src.clean - INFO - Standardized string columns where present.
2025-12-04 09:19:13,371 - src.clean - INFO - clean() completed. Output df has 1 rows x 2 columns
2025-12-04 09:19:13,387 - src.load - INFO - Starting load()
2025-12-04 09:19:13,387 - src.load - INFO - Row counts - people=1, hospitals=1, doctors=1, conditions=1, insurance=1, test_results=1, admission_types=1, admissions=1, rejects=1
2025-12-04 09:19:13,387 - src.load - INFO - Connecting to database...
2025-12-04 09:19:13,388 - src.load - INFO - Database connection established.
2025-12-04 09:19:13,388 - src.load - INFO - Creating tables if they do not exist...
2025-12-04 09:19:13,388 - src.load - INFO - Tables created/verified successfully.
2025-12-04 09:19:13,388 - src.load - INFO - Truncating tables and resetting identities...
2025-12-04 09:19:13,388 - src.load - INFO - Tables truncated.
2025-12-04 09:19:13,388 - src.load - INFO - Inserting into people...
2025-12-04 09:19:13,389 - src.load - INFO - Inserting into hospitals...
2025-12-04 09:19:13,390 - src.load - INFO - Inserting into doctors...
2025-12-04 09:19:13,390 - src.load - INFO - Inserting into conditions...
2025-12-04 09:19:13,391 - src.load - INFO - Inserting into insurance...
2025-12-04 09:19:13,391 - src.load - INFO - Inserting into test_results...
2025-12-04 09:19:13,392 - src.load - INFO - Inserting into admission_types...
2025-12-04 09:19:13,392 - src.load - INFO - Inserting into admission_data...
2025-12-04 09:19:13,396 - src.load - INFO - Inserting into rejects...
2025-12-04 09:19:13,398 - src.load - INFO - Load completed successfully.
2025-12-04 09:19:13,398 - src.load - INFO - Database connection closed. End of load().
2025-12-04 09:19:13,405 - src.load - INFO - Starting load()
2025-12-04 09:19:13,405 - src.load - INFO - Row counts - people=3, hospitals=1, doctors=1, conditions=1, insurance=1, test_results=1, admission_types=1, admissions=1, rejects=1
2025-12-04 09:19:13,405 - src.load - INFO - Connecting to database...
2025-12-04 09:19:13,405 - src.load - INFO - Database connection established.
2025-12-04 09:19:13,405 - src.load - INFO - Creating tables if they do not exist...
2025-12-04 09:19:13,405 - src.load - INFO - Tables created/verified successfully.
2025-12-04 09:19:13,405 - src.load - INFO - Truncating tables and resetting identities...
2025-12-04 09:19:13,406 - src.load - INFO - Tables truncated.
2025-12-04 09:19:13,406 - src.load - INFO - Inserting into people...
2025-12-04 09:19:13,409 - src.load - WARNING - Invalid age 150 for person Too Old; setting age to NULL before insert
2025-12-04 09:19:13,410 - src.load - INFO - Inserting into hospitals...
2025-12-04 09:19:13,410 - src.load - INFO - Inserting into doctors...
2025-12-04 09:19:13,411 - src.load - INFO - Inserting into conditions...
2025-12-04 09:19:13,411 - src.load - INFO - Inserting into insurance...
2025-12-04 09:19:13,412 - src.load - INFO - Inserting into test_results...
2025-12-04 09:19:13,416 - src.load - INFO - Inserting into admission_types...
2025-12-04 09:19:13,423 - src.load - INFO - Inserting into admission_data...
2025-12-04 09:19:13,436 - src.load - INFO - Inserting into rejects...
2025-12-04 09:19:13,439 - src.load - INFO - Load completed successfully.
2025-12-04 09:19:13,439 - src.load - INFO - Database connection closed. End of load().
2025-12-04 09:19:13,451 - src.load - INFO - Starting load()
2025-12-04 09:19:13,452 - src.load - INFO - Row counts - people=1, hospitals=1, doctors=1, conditions=1, insurance=1, test_results=1, admission_types=1, admissions=1, rejects=1
2025-12-04 09:19:13,452 - src.load - INFO - Connecting to database...
2025-12-04 09:19:13,452 - src.load - INFO - Database connection established.
2025-12-04 09:19:13,452 - src.load - INFO - Creating tables if they do not exist...
2025-12-04 09:19:13,452 - src.load - INFO - Tables created/verified successfully.
2025-12-04 09:19:13,453 - src.load - INFO - Truncating tables and resetting identities...
2025-12-04 09:19:13,453 - src.load - INFO - Tables truncated.
2025-12-04 09:19:13,453 - src.load - INFO - Inserting into people...
2025-12-04 09:19:13,454 - src.load - ERROR - Failed inserting people row: Pandas(person_id=1, name='Error Person', age=40, gender='M', blood_type='AB+')
Traceback (most recent call last):
  File "/Users/mattmurno/Desktop/Revature training files/etl_proj/src/load.py", line 173, in load
    cur.execute(
  File "/Users/mattmurno/Desktop/Revature training files/etl_proj/tests/test_load.py", line 18, in execute
    raise psycopg2.Error("Simulated DB error")
psycopg2.Error: Simulated DB error
2025-12-04 09:19:13,460 - src.load - ERROR - Error in load() while working with the database.
Traceback (most recent call last):
  File "/Users/mattmurno/Desktop/Revature training files/etl_proj/src/load.py", line 173, in load
    cur.execute(
  File "/Users/mattmurno/Desktop/Revature training files/etl_proj/tests/test_load.py", line 18, in execute
    raise psycopg2.Error("Simulated DB error")
psycopg2.Error: Simulated DB error
2025-12-04 09:19:13,460 - src.load - INFO - Transaction rolled back due to error.
2025-12-04 09:19:13,464 - src.load - INFO - Database connection closed. End of load().
2025-12-04 09:19:13,471 - src.transform - INFO - Starting transform(): input df has 2 rows x 15 columns
2025-12-04 09:19:13,522 - src.transform - INFO - Built people_df (no nulls): 2 rows x 5 columns
2025-12-04 09:19:13,526 - src.transform - INFO - Built doctors_df (pre-hospital merge, no nulls): 2 rows x 3 columns
2025-12-04 09:19:13,548 - src.transform - INFO - Built hospitals_df (no nulls): 2 rows x 2 columns
2025-12-04 09:19:13,603 - src.transform - INFO - Updated doctors_df after hospital merge: 2 rows x 4 columns
2025-12-04 09:19:13,607 - src.transform - INFO - Built conditions_df (no nulls): 2 rows x 2 columns
2025-12-04 09:19:13,611 - src.transform - INFO - Built insurance_df (no nulls): 1 rows x 2 columns
2025-12-04 09:19:13,614 - src.transform - INFO - Built test_results_df (no nulls): 2 rows x 2 columns
2025-12-04 09:19:13,618 - src.transform - INFO - Built admission_types_df (no nulls): 2 rows x 2 columns
2025-12-04 09:19:13,618 - src.transform - INFO - Merging people into base df...
2025-12-04 09:19:13,634 - src.transform - INFO - Merging doctors into base df...
2025-12-04 09:19:13,637 - src.transform - INFO - Merging conditions into base df...
2025-12-04 09:19:13,639 - src.transform - INFO - Merging insurance into base df...
2025-12-04 09:19:13,649 - src.transform - INFO - Merging test_results into base df...
2025-12-04 09:19:13,651 - src.transform - INFO - Merging admission_types into base df...
2025-12-04 09:19:13,654 - src.transform - INFO - Finished merges; df is now 2 rows x 27 columns
2025-12-04 09:19:13,684 - src.transform - INFO - Built admissions_df: 2 rows x 12 columns
2025-12-04 09:19:13,684 - src.transform - INFO - After reject split: 2 valid admissions, 0 rejected rows
2025-12-04 09:19:13,684 - src.transform - INFO - transform() completed successfully. Output tables: {'people': (2, 5), 'doctors': (2, 4), 'hospitals': (2, 2), 'conditions': (2, 2), 'insurance': (1, 2), 'admission_types': (2, 2), 'test_results': (2, 2), 'admissions': (2, 12), 'rejects': (0, 16)}
2025-12-04 09:19:13,690 - src.transform - INFO - Starting transform(): input df has 3 rows x 15 columns
2025-12-04 09:19:13,694 - src.transform - INFO - Built people_df (no nulls): 2 rows x 5 columns
2025-12-04 09:19:13,698 - src.transform - INFO - Built doctors_df (pre-hospital merge, no nulls): 2 rows x 3 columns
2025-12-04 09:19:13,701 - src.transform - INFO - Built hospitals_df (no nulls): 2 rows x 2 columns
2025-12-04 09:19:13,704 - src.transform - INFO - Updated doctors_df after hospital merge: 2 rows x 4 columns
2025-12-04 09:19:13,707 - src.transform - INFO - Built conditions_df (no nulls): 2 rows x 2 columns
2025-12-04 09:19:13,711 - src.transform - INFO - Built insurance_df (no nulls): 1 rows x 2 columns
2025-12-04 09:19:13,714 - src.transform - WARNING - test_results_df: 1 invalid or null result_label value(s) dropped before dimension build
2025-12-04 09:19:13,716 - src.transform - INFO - Built test_results_df (no nulls): 2 rows x 2 columns
2025-12-04 09:19:13,719 - src.transform - INFO - Built admission_types_df (no nulls): 2 rows x 2 columns
2025-12-04 09:19:13,720 - src.transform - INFO - Merging people into base df...
2025-12-04 09:19:13,722 - src.transform - INFO - Merging doctors into base df...
2025-12-04 09:19:13,725 - src.transform - INFO - Merging conditions into base df...
2025-12-04 09:19:13,727 - src.transform - INFO - Merging insurance into base df...
2025-12-04 09:19:13,729 - src.transform - INFO - Merging test_results into base df...
2025-12-04 09:19:13,731 - src.transform - INFO - Merging admission_types into base df...
2025-12-04 09:19:13,733 - src.transform - INFO - Finished merges; df is now 3 rows x 27 columns
2025-12-04 09:19:13,740 - src.transform - INFO - Built admissions_df: 2 rows x 12 columns
2025-12-04 09:19:13,740 - src.transform - INFO - After reject split: 2 valid admissions, 1 rejected rows
2025-12-04 09:19:13,740 - src.transform - INFO - transform() completed successfully. Output tables: {'people': (2, 5), 'doctors': (2, 4), 'hospitals': (2, 2), 'conditions': (2, 2), 'insurance': (1, 2), 'admission_types': (2, 2), 'test_results': (2, 2), 'admissions': (2, 12), 'rejects': (1, 16)}
2025-12-04 09:19:13,744 - src.transform - INFO - Starting transform(): input df has 1 rows x 14 columns
2025-12-04 09:19:13,746 - src.transform - ERROR - transform() failed.
Traceback (most recent call last):
  File "/Users/mattmurno/Desktop/Revature training files/etl_proj/src/transform.py", line 16, in transform
    df[["name", "age", "gender", "blood_type"]]
    ~~^^^^^^^^^^^^^^^^^^^^^^^^^^^^^^^^^^^^^^^^^
  File "/Users/mattmurno/Desktop/Revature training files/etl_proj/venv/lib/python3.11/site-packages/pandas/core/frame.py", line 4119, in __getitem__
    indexer = self.columns._get_indexer_strict(key, "columns")[1]
              ^^^^^^^^^^^^^^^^^^^^^^^^^^^^^^^^^^^^^^^^^^^^^^^^
  File "/Users/mattmurno/Desktop/Revature training files/etl_proj/venv/lib/python3.11/site-packages/pandas/core/indexes/base.py", line 6212, in _get_indexer_strict
    self._raise_if_missing(keyarr, indexer, axis_name)
  File "/Users/mattmurno/Desktop/Revature training files/etl_proj/venv/lib/python3.11/site-packages/pandas/core/indexes/base.py", line 6264, in _raise_if_missing
    raise KeyError(f"{not_found} not in index")
KeyError: "['name'] not in index"
2025-12-04 09:23:14,725 - src.clean - INFO - Starting clean(): input df has 2 rows x 3 columns
2025-12-04 09:23:14,728 - src.clean - INFO - Normalized column names. Before: [' Name ', 'GENDER', 'hospitAL'] | After: ['name', 'gender', 'hospital']
2025-12-04 09:23:14,736 - src.clean - INFO - Stripping whitespace from string columns: ['name', 'gender', 'hospital']
2025-12-04 09:23:14,805 - src.clean - INFO - Standardized string columns where present.
2025-12-04 09:23:14,806 - src.clean - INFO - clean() completed. Output df has 2 rows x 3 columns
2025-12-04 09:23:14,812 - src.clean - INFO - Starting clean(): input df has 1 rows x 2 columns
2025-12-04 09:23:14,812 - src.clean - INFO - Normalized column names. Before: ['NAME', 'GENDER'] | After: ['name', 'gender']
2025-12-04 09:23:14,813 - src.clean - INFO - Stripping whitespace from string columns: ['name', 'gender']
2025-12-04 09:23:14,818 - src.clean - INFO - Standardized string columns where present.
2025-12-04 09:23:14,818 - src.clean - INFO - clean() completed. Output df has 1 rows x 2 columns
2025-12-04 09:23:14,863 - src.load - INFO - Starting load()
2025-12-04 09:23:14,863 - src.load - INFO - Row counts - people=1, hospitals=1, doctors=1, conditions=1, insurance=1, test_results=1, admission_types=1, admissions=1, rejects=1
2025-12-04 09:23:14,863 - src.load - INFO - Connecting to database...
2025-12-04 09:23:14,863 - src.load - INFO - Database connection established.
2025-12-04 09:23:14,863 - src.load - INFO - Creating tables if they do not exist...
2025-12-04 09:23:14,863 - src.load - INFO - Tables created/verified successfully.
2025-12-04 09:23:14,864 - src.load - INFO - Truncating tables and resetting identities...
2025-12-04 09:23:14,864 - src.load - INFO - Tables truncated.
2025-12-04 09:23:14,864 - src.load - INFO - Inserting into people...
2025-12-04 09:23:14,865 - src.load - INFO - Inserting into hospitals...
2025-12-04 09:23:14,865 - src.load - INFO - Inserting into doctors...
2025-12-04 09:23:14,866 - src.load - INFO - Inserting into conditions...
2025-12-04 09:23:14,866 - src.load - INFO - Inserting into insurance...
2025-12-04 09:23:14,867 - src.load - INFO - Inserting into test_results...
2025-12-04 09:23:14,867 - src.load - INFO - Inserting into admission_types...
2025-12-04 09:23:14,868 - src.load - INFO - Inserting into admission_data...
2025-12-04 09:23:14,875 - src.load - INFO - Inserting into rejects...
2025-12-04 09:23:14,878 - src.load - INFO - Load completed successfully.
2025-12-04 09:23:14,878 - src.load - INFO - Database connection closed. End of load().
2025-12-04 09:23:14,884 - src.load - INFO - Starting load()
2025-12-04 09:23:14,884 - src.load - INFO - Row counts - people=3, hospitals=1, doctors=1, conditions=1, insurance=1, test_results=1, admission_types=1, admissions=1, rejects=1
2025-12-04 09:23:14,885 - src.load - INFO - Connecting to database...
2025-12-04 09:23:14,885 - src.load - INFO - Database connection established.
2025-12-04 09:23:14,885 - src.load - INFO - Creating tables if they do not exist...
2025-12-04 09:23:14,885 - src.load - INFO - Tables created/verified successfully.
2025-12-04 09:23:14,885 - src.load - INFO - Truncating tables and resetting identities...
2025-12-04 09:23:14,885 - src.load - INFO - Tables truncated.
2025-12-04 09:23:14,885 - src.load - INFO - Inserting into people...
2025-12-04 09:23:14,886 - src.load - WARNING - Invalid age 150 for person Too Old; setting age to NULL before insert
2025-12-04 09:23:14,887 - src.load - INFO - Inserting into hospitals...
2025-12-04 09:23:14,887 - src.load - INFO - Inserting into doctors...
2025-12-04 09:23:14,888 - src.load - INFO - Inserting into conditions...
2025-12-04 09:23:14,888 - src.load - INFO - Inserting into insurance...
2025-12-04 09:23:14,888 - src.load - INFO - Inserting into test_results...
2025-12-04 09:23:14,889 - src.load - INFO - Inserting into admission_types...
2025-12-04 09:23:14,890 - src.load - INFO - Inserting into admission_data...
2025-12-04 09:23:14,891 - src.load - INFO - Inserting into rejects...
2025-12-04 09:23:14,894 - src.load - INFO - Load completed successfully.
2025-12-04 09:23:14,897 - src.load - INFO - Database connection closed. End of load().
2025-12-04 09:23:14,919 - src.load - INFO - Starting load()
2025-12-04 09:23:14,920 - src.load - INFO - Row counts - people=1, hospitals=1, doctors=1, conditions=1, insurance=1, test_results=1, admission_types=1, admissions=1, rejects=1
2025-12-04 09:23:14,920 - src.load - INFO - Connecting to database...
2025-12-04 09:23:14,920 - src.load - INFO - Database connection established.
2025-12-04 09:23:14,920 - src.load - INFO - Creating tables if they do not exist...
2025-12-04 09:23:14,920 - src.load - INFO - Tables created/verified successfully.
2025-12-04 09:23:14,920 - src.load - INFO - Truncating tables and resetting identities...
2025-12-04 09:23:14,920 - src.load - INFO - Tables truncated.
2025-12-04 09:23:14,920 - src.load - INFO - Inserting into people...
2025-12-04 09:23:14,922 - src.load - ERROR - Failed inserting people row: Pandas(person_id=1, name='Error Person', age=40, gender='M', blood_type='AB+')
Traceback (most recent call last):
  File "/Users/mattmurno/Desktop/Revature training files/etl_proj/src/load.py", line 173, in load
    cur.execute(
  File "/Users/mattmurno/Desktop/Revature training files/etl_proj/tests/test_load.py", line 18, in execute
    raise psycopg2.Error("Simulated DB error")
psycopg2.Error: Simulated DB error
2025-12-04 09:23:14,933 - src.load - ERROR - Error in load() while working with the database.
Traceback (most recent call last):
  File "/Users/mattmurno/Desktop/Revature training files/etl_proj/src/load.py", line 173, in load
    cur.execute(
  File "/Users/mattmurno/Desktop/Revature training files/etl_proj/tests/test_load.py", line 18, in execute
    raise psycopg2.Error("Simulated DB error")
psycopg2.Error: Simulated DB error
2025-12-04 09:23:14,934 - src.load - INFO - Transaction rolled back due to error.
2025-12-04 09:23:14,934 - src.load - INFO - Database connection closed. End of load().
2025-12-04 09:23:14,965 - src.read - INFO - Reading CSV file from /private/var/folders/45/mms0wwj51255z_fqrdsfrqzh0000gn/T/pytest-of-mattmurno/pytest-0/test_read_csv_success0/test.csv
2025-12-04 09:23:14,973 - src.read - INFO - Successfully read CSV: 2 rows x 2 columns
2025-12-04 09:23:14,987 - src.read - INFO - Reading JSON file from /private/var/folders/45/mms0wwj51255z_fqrdsfrqzh0000gn/T/pytest-of-mattmurno/pytest-0/test_read_json_success0/test.json
2025-12-04 09:23:15,002 - src.read - INFO - Successfully read JSON: 2 rows x 2 columns
2025-12-04 09:23:15,013 - src.read - INFO - Starting read() for type=csv, path=/private/var/folders/45/mms0wwj51255z_fqrdsfrqzh0000gn/T/pytest-of-mattmurno/pytest-0/test_read_dispatches_to_csv0/test.csv
2025-12-04 09:23:15,013 - src.read - INFO - Reading CSV file from /private/var/folders/45/mms0wwj51255z_fqrdsfrqzh0000gn/T/pytest-of-mattmurno/pytest-0/test_read_dispatches_to_csv0/test.csv
2025-12-04 09:23:15,016 - src.read - INFO - Successfully read CSV: 2 rows x 2 columns
2025-12-04 09:23:15,022 - src.read - INFO - Starting read() for type=json, path=/private/var/folders/45/mms0wwj51255z_fqrdsfrqzh0000gn/T/pytest-of-mattmurno/pytest-0/test_read_dispatches_to_json0/test.json
2025-12-04 09:23:15,022 - src.read - INFO - Reading JSON file from /private/var/folders/45/mms0wwj51255z_fqrdsfrqzh0000gn/T/pytest-of-mattmurno/pytest-0/test_read_dispatches_to_json0/test.json
2025-12-04 09:23:15,032 - src.read - INFO - Successfully read JSON: 2 rows x 2 columns
2025-12-04 09:23:15,038 - src.read - INFO - Reading CSV file from /private/var/folders/45/mms0wwj51255z_fqrdsfrqzh0000gn/T/pytest-of-mattmurno/pytest-0/test_read_csv_missing_file_rai0/does_not_exist.csv
2025-12-04 09:23:15,038 - src.read - ERROR - Failed to read CSV file from /private/var/folders/45/mms0wwj51255z_fqrdsfrqzh0000gn/T/pytest-of-mattmurno/pytest-0/test_read_csv_missing_file_rai0/does_not_exist.csv
Traceback (most recent call last):
  File "/Users/mattmurno/Desktop/Revature training files/etl_proj/src/read.py", line 11, in read_csv
    df = pd.read_csv(filepath)
         ^^^^^^^^^^^^^^^^^^^^^
  File "/Users/mattmurno/Desktop/Revature training files/etl_proj/venv/lib/python3.11/site-packages/pandas/io/parsers/readers.py", line 1026, in read_csv
    return _read(filepath_or_buffer, kwds)
           ^^^^^^^^^^^^^^^^^^^^^^^^^^^^^^^
  File "/Users/mattmurno/Desktop/Revature training files/etl_proj/venv/lib/python3.11/site-packages/pandas/io/parsers/readers.py", line 620, in _read
    parser = TextFileReader(filepath_or_buffer, **kwds)
             ^^^^^^^^^^^^^^^^^^^^^^^^^^^^^^^^^^^^^^^^^^
  File "/Users/mattmurno/Desktop/Revature training files/etl_proj/venv/lib/python3.11/site-packages/pandas/io/parsers/readers.py", line 1620, in __init__
    self._engine = self._make_engine(f, self.engine)
                   ^^^^^^^^^^^^^^^^^^^^^^^^^^^^^^^^^
  File "/Users/mattmurno/Desktop/Revature training files/etl_proj/venv/lib/python3.11/site-packages/pandas/io/parsers/readers.py", line 1880, in _make_engine
    self.handles = get_handle(
                   ^^^^^^^^^^^
  File "/Users/mattmurno/Desktop/Revature training files/etl_proj/venv/lib/python3.11/site-packages/pandas/io/common.py", line 873, in get_handle
    handle = open(
             ^^^^^
FileNotFoundError: [Errno 2] No such file or directory: '/private/var/folders/45/mms0wwj51255z_fqrdsfrqzh0000gn/T/pytest-of-mattmurno/pytest-0/test_read_csv_missing_file_rai0/does_not_exist.csv'
2025-12-04 09:23:15,055 - src.read - INFO - Reading JSON file from /private/var/folders/45/mms0wwj51255z_fqrdsfrqzh0000gn/T/pytest-of-mattmurno/pytest-0/test_read_json_missing_file_ra0/does_not_exist.json
2025-12-04 09:23:15,055 - src.read - ERROR - Failed to read JSON file from /private/var/folders/45/mms0wwj51255z_fqrdsfrqzh0000gn/T/pytest-of-mattmurno/pytest-0/test_read_json_missing_file_ra0/does_not_exist.json
Traceback (most recent call last):
  File "/Users/mattmurno/Desktop/Revature training files/etl_proj/src/read.py", line 22, in read_json
    df = pd.read_json(filepath)
         ^^^^^^^^^^^^^^^^^^^^^^
  File "/Users/mattmurno/Desktop/Revature training files/etl_proj/venv/lib/python3.11/site-packages/pandas/io/json/_json.py", line 791, in read_json
    json_reader = JsonReader(
                  ^^^^^^^^^^^
  File "/Users/mattmurno/Desktop/Revature training files/etl_proj/venv/lib/python3.11/site-packages/pandas/io/json/_json.py", line 904, in __init__
    data = self._get_data_from_filepath(filepath_or_buffer)
           ^^^^^^^^^^^^^^^^^^^^^^^^^^^^^^^^^^^^^^^^^^^^^^^^
  File "/Users/mattmurno/Desktop/Revature training files/etl_proj/venv/lib/python3.11/site-packages/pandas/io/json/_json.py", line 960, in _get_data_from_filepath
    raise FileNotFoundError(f"File {filepath_or_buffer} does not exist")
FileNotFoundError: File /private/var/folders/45/mms0wwj51255z_fqrdsfrqzh0000gn/T/pytest-of-mattmurno/pytest-0/test_read_json_missing_file_ra0/does_not_exist.json does not exist
2025-12-04 09:23:15,064 - src.read - INFO - Starting read() for type=xml, path=some/path/file.xml
2025-12-04 09:23:15,064 - src.read - ERROR - Unsupported source type in read(): xml
2025-12-04 09:23:15,072 - src.transform - INFO - Starting transform(): input df has 2 rows x 15 columns
2025-12-04 09:23:15,097 - src.transform - INFO - Built people_df (no nulls): 2 rows x 5 columns
2025-12-04 09:23:15,103 - src.transform - INFO - Built doctors_df (pre-hospital merge, no nulls): 2 rows x 3 columns
2025-12-04 09:23:15,107 - src.transform - INFO - Built hospitals_df (no nulls): 2 rows x 2 columns
2025-12-04 09:23:15,178 - src.transform - INFO - Updated doctors_df after hospital merge: 2 rows x 4 columns
2025-12-04 09:23:15,182 - src.transform - INFO - Built conditions_df (no nulls): 2 rows x 2 columns
2025-12-04 09:23:15,198 - src.transform - INFO - Built insurance_df (no nulls): 1 rows x 2 columns
2025-12-04 09:23:15,237 - src.transform - INFO - Built test_results_df (no nulls): 2 rows x 2 columns
2025-12-04 09:23:15,241 - src.transform - INFO - Built admission_types_df (no nulls): 2 rows x 2 columns
2025-12-04 09:23:15,242 - src.transform - INFO - Merging people into base df...
2025-12-04 09:23:15,245 - src.transform - INFO - Merging doctors into base df...
2025-12-04 09:23:15,248 - src.transform - INFO - Merging conditions into base df...
2025-12-04 09:23:15,250 - src.transform - INFO - Merging insurance into base df...
2025-12-04 09:23:15,256 - src.transform - INFO - Merging test_results into base df...
2025-12-04 09:23:15,258 - src.transform - INFO - Merging admission_types into base df...
2025-12-04 09:23:15,260 - src.transform - INFO - Finished merges; df is now 2 rows x 27 columns
2025-12-04 09:23:15,300 - src.transform - INFO - Built admissions_df: 2 rows x 12 columns
2025-12-04 09:23:15,300 - src.transform - INFO - After reject split: 2 valid admissions, 0 rejected rows
2025-12-04 09:23:15,300 - src.transform - INFO - transform() completed successfully. Output tables: {'people': (2, 5), 'doctors': (2, 4), 'hospitals': (2, 2), 'conditions': (2, 2), 'insurance': (1, 2), 'admission_types': (2, 2), 'test_results': (2, 2), 'admissions': (2, 12), 'rejects': (0, 16)}
2025-12-04 09:23:15,306 - src.transform - INFO - Starting transform(): input df has 3 rows x 15 columns
2025-12-04 09:23:15,310 - src.transform - INFO - Built people_df (no nulls): 2 rows x 5 columns
2025-12-04 09:23:15,313 - src.transform - INFO - Built doctors_df (pre-hospital merge, no nulls): 2 rows x 3 columns
2025-12-04 09:23:15,317 - src.transform - INFO - Built hospitals_df (no nulls): 2 rows x 2 columns
2025-12-04 09:23:15,320 - src.transform - INFO - Updated doctors_df after hospital merge: 2 rows x 4 columns
2025-12-04 09:23:15,324 - src.transform - INFO - Built conditions_df (no nulls): 2 rows x 2 columns
2025-12-04 09:23:15,327 - src.transform - INFO - Built insurance_df (no nulls): 1 rows x 2 columns
2025-12-04 09:23:15,330 - src.transform - WARNING - test_results_df: 1 invalid or null result_label value(s) dropped before dimension build
2025-12-04 09:23:15,331 - src.transform - INFO - Built test_results_df (no nulls): 2 rows x 2 columns
2025-12-04 09:23:15,335 - src.transform - INFO - Built admission_types_df (no nulls): 2 rows x 2 columns
2025-12-04 09:23:15,335 - src.transform - INFO - Merging people into base df...
2025-12-04 09:23:15,338 - src.transform - INFO - Merging doctors into base df...
2025-12-04 09:23:15,342 - src.transform - INFO - Merging conditions into base df...
2025-12-04 09:23:15,345 - src.transform - INFO - Merging insurance into base df...
2025-12-04 09:23:15,347 - src.transform - INFO - Merging test_results into base df...
2025-12-04 09:23:15,349 - src.transform - INFO - Merging admission_types into base df...
2025-12-04 09:23:15,351 - src.transform - INFO - Finished merges; df is now 3 rows x 27 columns
2025-12-04 09:23:15,358 - src.transform - INFO - Built admissions_df: 2 rows x 12 columns
2025-12-04 09:23:15,358 - src.transform - INFO - After reject split: 2 valid admissions, 1 rejected rows
2025-12-04 09:23:15,358 - src.transform - INFO - transform() completed successfully. Output tables: {'people': (2, 5), 'doctors': (2, 4), 'hospitals': (2, 2), 'conditions': (2, 2), 'insurance': (1, 2), 'admission_types': (2, 2), 'test_results': (2, 2), 'admissions': (2, 12), 'rejects': (1, 16)}
2025-12-04 09:23:15,362 - src.transform - INFO - Starting transform(): input df has 1 rows x 14 columns
2025-12-04 09:23:15,363 - src.transform - ERROR - transform() failed.
Traceback (most recent call last):
  File "/Users/mattmurno/Desktop/Revature training files/etl_proj/src/transform.py", line 16, in transform
    df[["name", "age", "gender", "blood_type"]]
    ~~^^^^^^^^^^^^^^^^^^^^^^^^^^^^^^^^^^^^^^^^^
  File "/Users/mattmurno/Desktop/Revature training files/etl_proj/venv/lib/python3.11/site-packages/pandas/core/frame.py", line 4119, in __getitem__
    indexer = self.columns._get_indexer_strict(key, "columns")[1]
              ^^^^^^^^^^^^^^^^^^^^^^^^^^^^^^^^^^^^^^^^^^^^^^^^
  File "/Users/mattmurno/Desktop/Revature training files/etl_proj/venv/lib/python3.11/site-packages/pandas/core/indexes/base.py", line 6212, in _get_indexer_strict
    self._raise_if_missing(keyarr, indexer, axis_name)
  File "/Users/mattmurno/Desktop/Revature training files/etl_proj/venv/lib/python3.11/site-packages/pandas/core/indexes/base.py", line 6264, in _raise_if_missing
    raise KeyError(f"{not_found} not in index")
KeyError: "['name'] not in index"
2025-12-04 09:42:15,815 - src.read - INFO - Starting read() for type=csv, path=data/healthcare_dataset_dirty.csv
2025-12-04 09:42:15,816 - src.read - INFO - Reading CSV file from data/healthcare_dataset_dirty.csv
2025-12-04 09:42:16,278 - src.read - INFO - Successfully read CSV: 57165 rows x 15 columns
2025-12-04 09:42:16,278 - src.clean - INFO - Starting clean(): input df has 57165 rows x 15 columns
2025-12-04 09:42:16,295 - src.clean - INFO - Normalized column names. Before: ['Name', 'Age', 'Gender', 'Blood Type', 'Medical Condition', 'Date of Admission', 'Doctor', 'Hospital', 'Insurance Provider', 'Billing Amount', 'Room Number', 'Admission Type', 'Discharge Date', 'Medication', 'Test Results'] | After: ['name', 'age', 'gender', 'blood_type', 'medical_condition', 'date_of_admission', 'doctor', 'hospital', 'insurance_provider', 'billing_amount', 'room_number', 'admission_type', 'discharge_date', 'medication', 'test_results']
2025-12-04 09:42:16,305 - src.clean - INFO - Stripping whitespace from string columns: ['name', 'age', 'gender', 'blood_type', 'medical_condition', 'date_of_admission', 'doctor', 'hospital', 'insurance_provider', 'room_number', 'admission_type', 'discharge_date', 'medication', 'test_results']
2025-12-04 09:42:16,789 - src.clean - INFO - Standardized string columns where present.
2025-12-04 09:42:16,821 - src.clean - WARNING - Column age: 285 value(s) could not be converted to numeric and were set to NaN
2025-12-04 09:42:17,048 - src.clean - INFO - Column billing_amount converted to numeric successfully.
2025-12-04 09:42:17,124 - src.clean - WARNING - Column room_number: 394 value(s) could not be converted to numeric and were set to NaN
2025-12-04 09:42:17,127 - src.clean - INFO - Age range before validation: min=0.0, max=150.0
2025-12-04 09:42:17,129 - src.clean - WARNING - Age: 144 value(s) outside valid range (0–120); setting to NA
2025-12-04 09:42:17,130 - src.clean - INFO - Room_number range before validation: min=101.0, max=500.0
2025-12-04 09:42:17,132 - src.clean - INFO - Rounded billing_amount to 2 decimal places.
2025-12-04 09:42:17,185 - src.clean - WARNING - Column date_of_admission: 2858 value(s) could not be parsed as datetime and were set to NaT
2025-12-04 09:42:17,201 - src.clean - WARNING - Column discharge_date: 2858 value(s) could not be parsed as datetime and were set to NaT
2025-12-04 09:42:17,201 - src.clean - INFO - clean() completed. Output df has 57165 rows x 15 columns
2025-12-04 09:42:17,201 - src.transform - INFO - Starting transform(): input df has 57165 rows x 15 columns
2025-12-04 09:42:17,267 - src.transform - INFO - Built people_df (no nulls): 46802 rows x 5 columns
2025-12-04 09:42:17,308 - src.transform - INFO - Built doctors_df (pre-hospital merge, no nulls): 46283 rows x 3 columns
2025-12-04 09:42:17,333 - src.transform - INFO - Built hospitals_df (no nulls): 37437 rows x 2 columns
2025-12-04 09:42:17,377 - src.transform - INFO - Updated doctors_df after hospital merge: 46283 rows x 4 columns
2025-12-04 09:42:17,397 - src.transform - INFO - Built conditions_df (no nulls): 6 rows x 2 columns
2025-12-04 09:42:17,408 - src.transform - INFO - Built insurance_df (no nulls): 6 rows x 2 columns
2025-12-04 09:42:17,426 - src.transform - WARNING - test_results_df: 2839 invalid or null result_label value(s) dropped before dimension build
2025-12-04 09:42:17,431 - src.transform - INFO - Built test_results_df (no nulls): 3 rows x 2 columns
2025-12-04 09:42:17,461 - src.transform - INFO - Built admission_types_df (no nulls): 3 rows x 2 columns
2025-12-04 09:42:17,462 - src.transform - INFO - Merging people into base df...
2025-12-04 09:42:17,600 - src.transform - INFO - Merging doctors into base df...
2025-12-04 09:42:17,671 - src.transform - INFO - Merging conditions into base df...
2025-12-04 09:42:17,749 - src.transform - INFO - Merging insurance into base df...
2025-12-04 09:42:17,817 - src.transform - INFO - Merging test_results into base df...
2025-12-04 09:42:17,881 - src.transform - INFO - Merging admission_types into base df...
2025-12-04 09:42:17,945 - src.transform - INFO - Finished merges; df is now 57165 rows x 27 columns
2025-12-04 09:42:19,284 - src.transform - INFO - Built admissions_df: 25973 rows x 12 columns
2025-12-04 09:42:19,285 - src.transform - INFO - After reject split: 25973 valid admissions, 31192 rejected rows
2025-12-04 09:42:19,285 - src.transform - INFO - transform() completed successfully. Output tables: {'people': (46802, 5), 'doctors': (46283, 4), 'hospitals': (37437, 2), 'conditions': (6, 2), 'insurance': (6, 2), 'admission_types': (3, 2), 'test_results': (3, 2), 'admissions': (25973, 12), 'rejects': (31192, 16)}
2025-12-04 09:42:19,291 - src.load - INFO - Starting load()
2025-12-04 09:42:19,291 - src.load - INFO - Row counts - people=46802, hospitals=37437, doctors=46283, conditions=6, insurance=6, test_results=3, admission_types=3, admissions=25973, rejects=31192
2025-12-04 09:42:19,291 - src.load - INFO - Connecting to database...
2025-12-04 09:42:19,525 - src.load - INFO - Database connection established.
2025-12-04 09:42:19,525 - src.load - INFO - Creating tables if they do not exist...
2025-12-04 09:42:19,597 - src.load - INFO - Tables created/verified successfully.
2025-12-04 09:42:19,597 - src.load - INFO - Truncating tables and resetting identities...
2025-12-04 09:42:19,872 - src.load - INFO - Tables truncated.
2025-12-04 09:42:19,872 - src.load - INFO - Inserting into people...
2025-12-04 09:42:25,731 - src.load - INFO - Inserting into hospitals...
2025-12-04 09:42:29,408 - src.load - INFO - Inserting into doctors...
2025-12-04 09:42:35,077 - src.load - INFO - Inserting into conditions...
2025-12-04 09:42:35,081 - src.load - INFO - Inserting into insurance...
2025-12-04 09:42:35,124 - src.load - INFO - Inserting into test_results...
2025-12-04 09:42:35,145 - src.load - INFO - Inserting into admission_types...
2025-12-04 09:42:35,174 - src.load - INFO - Inserting into admission_data...
2025-12-04 09:42:41,517 - src.load - INFO - Inserting into rejects...
2025-12-04 09:42:46,809 - src.load - INFO - Load completed successfully.
2025-12-04 09:42:46,809 - src.load - INFO - Database connection closed. End of load().
2025-12-04 09:45:05,851 - src.read - INFO - Starting read() for type=csv, path=data/healthcare_dataset_dirty.csv
2025-12-04 09:45:05,852 - src.read - INFO - Reading CSV file from data/healthcare_dataset_dirty.csv
2025-12-04 09:45:06,082 - src.read - INFO - Successfully read CSV: 57166 rows x 15 columns
2025-12-04 09:45:06,082 - src.clean - INFO - Starting clean(): input df has 57166 rows x 15 columns
2025-12-04 09:45:06,099 - src.clean - INFO - Normalized column names. Before: ['Name', 'Age', 'Gender', 'Blood Type', 'Medical Condition', 'Date of Admission', 'Doctor', 'Hospital', 'Insurance Provider', 'Billing Amount', 'Room Number', 'Admission Type', 'Discharge Date', 'Medication', 'Test Results'] | After: ['name', 'age', 'gender', 'blood_type', 'medical_condition', 'date_of_admission', 'doctor', 'hospital', 'insurance_provider', 'billing_amount', 'room_number', 'admission_type', 'discharge_date', 'medication', 'test_results']
2025-12-04 09:45:06,110 - src.clean - INFO - Stripping whitespace from string columns: ['name', 'age', 'gender', 'blood_type', 'medical_condition', 'date_of_admission', 'doctor', 'hospital', 'insurance_provider', 'room_number', 'admission_type', 'discharge_date', 'medication', 'test_results']
2025-12-04 09:45:06,525 - src.clean - INFO - Standardized string columns where present.
2025-12-04 09:45:06,666 - src.clean - WARNING - Column age: 285 value(s) could not be converted to numeric and were set to NaN
2025-12-04 09:45:06,756 - src.clean - INFO - Column billing_amount converted to numeric successfully.
2025-12-04 09:45:06,803 - src.clean - WARNING - Column room_number: 394 value(s) could not be converted to numeric and were set to NaN
2025-12-04 09:45:06,804 - src.clean - INFO - Age range before validation: min=0.0, max=150.0
2025-12-04 09:45:06,806 - src.clean - WARNING - Age: 144 value(s) outside valid range (0–120); setting to NA
2025-12-04 09:45:06,807 - src.clean - INFO - Room_number range before validation: min=101.0, max=500.0
2025-12-04 09:45:06,811 - src.clean - INFO - Rounded billing_amount to 2 decimal places.
2025-12-04 09:45:06,845 - src.clean - WARNING - Column date_of_admission: 2858 value(s) could not be parsed as datetime and were set to NaT
2025-12-04 09:45:06,883 - src.clean - WARNING - Column discharge_date: 2858 value(s) could not be parsed as datetime and were set to NaT
2025-12-04 09:45:06,883 - src.clean - INFO - clean() completed. Output df has 57166 rows x 15 columns
2025-12-04 09:45:06,883 - src.transform - INFO - Starting transform(): input df has 57166 rows x 15 columns
2025-12-04 09:45:07,039 - src.transform - INFO - Built people_df (no nulls): 46803 rows x 5 columns
2025-12-04 09:45:07,114 - src.transform - INFO - Built doctors_df (pre-hospital merge, no nulls): 46283 rows x 3 columns
2025-12-04 09:45:07,171 - src.transform - INFO - Built hospitals_df (no nulls): 37437 rows x 2 columns
2025-12-04 09:45:07,224 - src.transform - INFO - Updated doctors_df after hospital merge: 46283 rows x 4 columns
2025-12-04 09:45:07,370 - src.transform - INFO - Built conditions_df (no nulls): 6 rows x 2 columns
2025-12-04 09:45:07,414 - src.transform - INFO - Built insurance_df (no nulls): 6 rows x 2 columns
2025-12-04 09:45:07,436 - src.transform - WARNING - test_results_df: 2839 invalid or null result_label value(s) dropped before dimension build
2025-12-04 09:45:07,460 - src.transform - INFO - Built test_results_df (no nulls): 3 rows x 2 columns
2025-12-04 09:45:07,516 - src.transform - INFO - Built admission_types_df (no nulls): 3 rows x 2 columns
2025-12-04 09:45:07,516 - src.transform - INFO - Merging people into base df...
2025-12-04 09:45:07,621 - src.transform - INFO - Merging doctors into base df...
2025-12-04 09:45:07,720 - src.transform - INFO - Merging conditions into base df...
2025-12-04 09:45:07,797 - src.transform - INFO - Merging insurance into base df...
2025-12-04 09:45:07,856 - src.transform - INFO - Merging test_results into base df...
2025-12-04 09:45:07,924 - src.transform - INFO - Merging admission_types into base df...
2025-12-04 09:45:07,987 - src.transform - INFO - Finished merges; df is now 57166 rows x 27 columns
2025-12-04 09:45:09,326 - src.transform - INFO - Built admissions_df: 25974 rows x 12 columns
2025-12-04 09:45:09,326 - src.transform - INFO - After reject split: 25974 valid admissions, 31192 rejected rows
2025-12-04 09:45:09,326 - src.transform - INFO - transform() completed successfully. Output tables: {'people': (46803, 5), 'doctors': (46283, 4), 'hospitals': (37437, 2), 'conditions': (6, 2), 'insurance': (6, 2), 'admission_types': (3, 2), 'test_results': (3, 2), 'admissions': (25974, 12), 'rejects': (31192, 16)}
2025-12-04 09:45:09,333 - src.load - INFO - Starting load()
2025-12-04 09:45:09,333 - src.load - INFO - Row counts - people=46803, hospitals=37437, doctors=46283, conditions=6, insurance=6, test_results=3, admission_types=3, admissions=25974, rejects=31192
2025-12-04 09:45:09,333 - src.load - INFO - Connecting to database...
2025-12-04 09:45:09,490 - src.load - INFO - Database connection established.
2025-12-04 09:45:09,490 - src.load - INFO - Creating tables if they do not exist...
2025-12-04 09:45:09,496 - src.load - INFO - Tables created/verified successfully.
2025-12-04 09:45:09,496 - src.load - INFO - Truncating tables and resetting identities...
2025-12-04 09:45:09,579 - src.load - INFO - Tables truncated.
2025-12-04 09:45:09,579 - src.load - INFO - Inserting into people...
2025-12-04 09:45:14,487 - src.load - INFO - Inserting into hospitals...
2025-12-04 09:45:18,208 - src.load - INFO - Inserting into doctors...
2025-12-04 09:45:23,808 - src.load - INFO - Inserting into conditions...
2025-12-04 09:45:23,810 - src.load - INFO - Inserting into insurance...
2025-12-04 09:45:23,813 - src.load - INFO - Inserting into test_results...
2025-12-04 09:45:23,816 - src.load - INFO - Inserting into admission_types...
2025-12-04 09:45:23,830 - src.load - INFO - Inserting into admission_data...
2025-12-04 09:45:29,954 - src.load - INFO - Inserting into rejects...
2025-12-04 09:45:34,072 - src.load - INFO - Load completed successfully.
2025-12-04 09:45:34,072 - src.load - INFO - Database connection closed. End of load().
2025-12-04 10:06:44,466 - src.read - INFO - Starting read() for type=csv, path=data/healthcare_dataset_dirty.csv
2025-12-04 10:06:44,466 - src.read - INFO - Reading CSV file from data/healthcare_dataset_dirty.csv
2025-12-04 10:06:44,831 - src.read - INFO - Successfully read CSV: 57166 rows x 15 columns
2025-12-04 10:06:44,831 - src.clean - INFO - Starting clean(): input df has 57166 rows x 15 columns
2025-12-04 10:06:45,541 - src.clean - INFO - Standardized string columns where present.
2025-12-04 10:06:45,603 - src.clean - WARNING - Column age: 285 value(s) could not be converted to numeric and were set to NaN
2025-12-04 10:06:45,721 - src.clean - INFO - Column billing_amount converted to numeric successfully.
2025-12-04 10:06:45,774 - src.clean - WARNING - Column room_number: 394 value(s) could not be converted to numeric and were set to NaN
2025-12-04 10:06:45,776 - src.clean - INFO - Age range before validation: min=0.0, max=150.0
2025-12-04 10:06:45,778 - src.clean - WARNING - Age: 144 value(s) outside valid range (0–120); setting to NA
2025-12-04 10:06:45,779 - src.clean - INFO - Room_number range before validation: min=101.0, max=500.0
2025-12-04 10:06:45,794 - src.clean - INFO - Rounded billing_amount to 2 decimal places.
2025-12-04 10:06:45,961 - src.clean - WARNING - Column date_of_admission: 2858 value(s) could not be parsed as datetime and were set to NaT
2025-12-04 10:06:46,035 - src.clean - WARNING - Column discharge_date: 2858 value(s) could not be parsed as datetime and were set to NaT
2025-12-04 10:06:46,035 - src.clean - INFO - clean() completed. Output df has 57166 rows x 15 columns
2025-12-04 10:06:46,038 - src.transform - INFO - Starting transform(): input df has 57166 rows x 15 columns
2025-12-04 10:06:46,117 - src.transform - INFO - Built people_df (no nulls): 46803 rows x 5 columns
2025-12-04 10:06:46,153 - src.transform - INFO - Built doctors_df (pre-hospital merge, no nulls): 46283 rows x 3 columns
2025-12-04 10:06:46,294 - src.transform - INFO - Built hospitals_df (no nulls): 37437 rows x 2 columns
2025-12-04 10:06:46,322 - src.transform - INFO - Updated doctors_df after hospital merge: 46283 rows x 4 columns
2025-12-04 10:06:46,385 - src.transform - INFO - Built conditions_df (no nulls): 6 rows x 2 columns
2025-12-04 10:06:46,413 - src.transform - INFO - Built insurance_df (no nulls): 6 rows x 2 columns
2025-12-04 10:06:46,423 - src.transform - WARNING - test_results_df: 2839 invalid or null result_label value(s) dropped before dimension build
2025-12-04 10:06:46,431 - src.transform - INFO - Built test_results_df (no nulls): 3 rows x 2 columns
2025-12-04 10:06:46,452 - src.transform - INFO - Built admission_types_df (no nulls): 3 rows x 2 columns
2025-12-04 10:06:47,053 - src.transform - INFO - Finished merges; df is now 57166 rows x 27 columns
2025-12-04 10:06:48,416 - src.transform - INFO - Built admissions_df: 25974 rows x 12 columns
2025-12-04 10:06:48,416 - src.transform - INFO - After reject split: 25974 valid admissions, 31192 rejected rows
2025-12-04 10:06:48,416 - src.transform - INFO - transform() completed successfully. Output tables: {'people': (46803, 5), 'doctors': (46283, 4), 'hospitals': (37437, 2), 'conditions': (6, 2), 'insurance': (6, 2), 'admission_types': (3, 2), 'test_results': (3, 2), 'admissions': (25974, 12), 'rejects': (31192, 16)}
2025-12-04 10:06:48,421 - src.load - INFO - Starting load()
2025-12-04 10:06:48,421 - src.load - INFO - Row counts - people=46803, hospitals=37437, doctors=46283, conditions=6, insurance=6, test_results=3, admission_types=3, admissions=25974, rejects=31192
2025-12-04 10:06:48,421 - src.load - INFO - Connecting to database...
2025-12-04 10:06:48,521 - src.load - INFO - Database connection established.
2025-12-04 10:06:48,521 - src.load - INFO - Creating tables if they do not exist...
2025-12-04 10:06:48,554 - src.load - INFO - Tables created/verified successfully.
2025-12-04 10:06:48,554 - src.load - INFO - Truncating tables and resetting identities...
2025-12-04 10:06:48,757 - src.load - INFO - Tables truncated.
2025-12-04 10:07:23,293 - src.load - INFO - Load completed successfully.
2025-12-04 10:07:23,293 - src.load - INFO - Database connection closed. End of load().
2025-12-04 11:34:10,765 - src.read - INFO - Starting read() for type=csv, path=data/healthcare_dataset_dirty.csv
2025-12-04 11:34:10,766 - src.read - INFO - Reading CSV file from data/healthcare_dataset_dirty.csv
2025-12-04 11:34:11,263 - src.read - INFO - Successfully read CSV: 57166 rows x 15 columns
2025-12-04 11:34:11,264 - src.clean - INFO - Starting clean(): input df has 57166 rows x 15 columns
2025-12-04 11:34:11,708 - src.clean - INFO - Standardized string columns where present.
2025-12-04 11:34:11,747 - src.clean - WARNING - Column age: 285 value(s) could not be converted to numeric and were set to NaN
2025-12-04 11:34:11,940 - src.clean - INFO - Column billing_amount converted to numeric successfully.
2025-12-04 11:34:11,990 - src.clean - WARNING - Column room_number: 394 value(s) could not be converted to numeric and were set to NaN
2025-12-04 11:34:11,992 - src.clean - INFO - Age range before validation: min=0.0, max=150.0
2025-12-04 11:34:12,008 - src.clean - WARNING - Age: 144 value(s) outside valid range (0–120); setting to NA
2025-12-04 11:34:12,010 - src.clean - INFO - Room_number range before validation: min=101.0, max=500.0
2025-12-04 11:34:12,013 - src.clean - INFO - Rounded billing_amount to 2 decimal places.
2025-12-04 11:34:12,070 - src.clean - WARNING - Column date_of_admission: 2858 value(s) could not be parsed as datetime and were set to NaT
2025-12-04 11:34:12,095 - src.clean - WARNING - Column discharge_date: 2858 value(s) could not be parsed as datetime and were set to NaT
2025-12-04 11:34:12,095 - src.clean - INFO - clean() completed. Output df has 57166 rows x 15 columns
2025-12-04 11:34:12,100 - src.transform - INFO - Starting transform(): input df has 57166 rows x 15 columns
2025-12-04 11:34:12,457 - src.transform - INFO - Built people_df (no nulls): 46803 rows x 5 columns
2025-12-04 11:34:12,492 - src.transform - INFO - Built doctors_df (pre-hospital merge, no nulls): 46283 rows x 3 columns
2025-12-04 11:34:12,515 - src.transform - INFO - Built hospitals_df (no nulls): 37437 rows x 2 columns
2025-12-04 11:34:12,567 - src.transform - INFO - Updated doctors_df after hospital merge: 46283 rows x 4 columns
2025-12-04 11:34:12,590 - src.transform - INFO - Built conditions_df (no nulls): 6 rows x 2 columns
2025-12-04 11:34:12,608 - src.transform - INFO - Built insurance_df (no nulls): 6 rows x 2 columns
2025-12-04 11:34:12,625 - src.transform - WARNING - test_results_df: 2839 invalid or null result_label value(s) dropped before dimension build
2025-12-04 11:34:12,634 - src.transform - INFO - Built test_results_df (no nulls): 3 rows x 2 columns
2025-12-04 11:34:12,655 - src.transform - INFO - Built admission_types_df (no nulls): 3 rows x 2 columns
2025-12-04 11:34:13,004 - src.transform - INFO - Finished merges; df is now 57166 rows x 27 columns
2025-12-04 11:34:14,387 - src.transform - INFO - Built admissions_df: 25974 rows x 12 columns
2025-12-04 11:34:14,387 - src.transform - INFO - After reject split: 25974 valid admissions, 31192 rejected rows
2025-12-04 11:34:14,387 - src.transform - INFO - transform() completed successfully. Output tables: {'people': (46803, 5), 'doctors': (46283, 4), 'hospitals': (37437, 2), 'conditions': (6, 2), 'insurance': (6, 2), 'admission_types': (3, 2), 'test_results': (3, 2), 'admissions': (25974, 12), 'rejects': (31192, 16)}
2025-12-04 11:34:14,396 - src.load - INFO - Starting load()
2025-12-04 11:34:14,399 - src.load - INFO - Row counts - people=46803, hospitals=37437, doctors=46283, conditions=6, insurance=6, test_results=3, admission_types=3, admissions=25974, rejects=31192
2025-12-04 11:34:14,399 - src.load - INFO - Connecting to database...
2025-12-04 11:34:14,536 - src.load - INFO - Database connection established.
2025-12-04 11:34:14,537 - src.load - INFO - Creating tables if they do not exist...
2025-12-04 11:34:14,591 - src.load - INFO - Tables created/verified successfully.
2025-12-04 11:34:14,591 - src.load - INFO - Truncating tables and resetting identities...
2025-12-04 11:34:14,734 - src.load - INFO - Tables truncated.
2025-12-04 11:34:14,734 - src.load - INFO - Starting insertion.
2025-12-04 11:34:14,735 - src.load - INFO - Database connection closed. End of load().
2025-12-04 11:36:15,661 - src.read - INFO - Starting read() for type=csv, path=data/healthcare_dataset_dirty.csv
2025-12-04 11:36:15,662 - src.read - INFO - Reading CSV file from data/healthcare_dataset_dirty.csv
2025-12-04 11:36:15,958 - src.read - INFO - Successfully read CSV: 57166 rows x 15 columns
2025-12-04 11:36:15,958 - src.clean - INFO - Starting clean(): input df has 57166 rows x 15 columns
2025-12-04 11:36:16,424 - src.clean - INFO - Standardized string columns where present.
2025-12-04 11:36:16,474 - src.clean - WARNING - Column age: 285 value(s) could not be converted to numeric and were set to NaN
2025-12-04 11:36:16,884 - src.clean - INFO - Column billing_amount converted to numeric successfully.
2025-12-04 11:36:16,946 - src.clean - WARNING - Column room_number: 394 value(s) could not be converted to numeric and were set to NaN
2025-12-04 11:36:16,948 - src.clean - INFO - Age range before validation: min=0.0, max=150.0
2025-12-04 11:36:16,956 - src.clean - WARNING - Age: 144 value(s) outside valid range (0–120); setting to NA
2025-12-04 11:36:16,983 - src.clean - INFO - Room_number range before validation: min=101.0, max=500.0
2025-12-04 11:36:16,998 - src.clean - INFO - Rounded billing_amount to 2 decimal places.
2025-12-04 11:36:17,056 - src.clean - WARNING - Column date_of_admission: 2858 value(s) could not be parsed as datetime and were set to NaT
2025-12-04 11:36:17,231 - src.clean - WARNING - Column discharge_date: 2858 value(s) could not be parsed as datetime and were set to NaT
2025-12-04 11:36:17,231 - src.clean - INFO - clean() completed. Output df has 57166 rows x 15 columns
2025-12-04 11:36:17,232 - src.transform - INFO - Starting transform(): input df has 57166 rows x 15 columns
2025-12-04 11:36:17,602 - src.transform - INFO - Built people_df (no nulls): 46803 rows x 5 columns
2025-12-04 11:36:17,636 - src.transform - INFO - Built doctors_df (pre-hospital merge, no nulls): 46283 rows x 3 columns
2025-12-04 11:36:17,657 - src.transform - INFO - Built hospitals_df (no nulls): 37437 rows x 2 columns
2025-12-04 11:36:17,702 - src.transform - INFO - Updated doctors_df after hospital merge: 46283 rows x 4 columns
2025-12-04 11:36:17,723 - src.transform - INFO - Built conditions_df (no nulls): 6 rows x 2 columns
2025-12-04 11:36:17,824 - src.transform - INFO - Built insurance_df (no nulls): 6 rows x 2 columns
2025-12-04 11:36:17,840 - src.transform - WARNING - test_results_df: 2839 invalid or null result_label value(s) dropped before dimension build
2025-12-04 11:36:17,846 - src.transform - INFO - Built test_results_df (no nulls): 3 rows x 2 columns
2025-12-04 11:36:17,878 - src.transform - INFO - Built admission_types_df (no nulls): 3 rows x 2 columns
2025-12-04 11:36:18,256 - src.transform - INFO - Finished merges; df is now 57166 rows x 27 columns
2025-12-04 11:36:19,669 - src.transform - INFO - Built admissions_df: 25974 rows x 12 columns
2025-12-04 11:36:19,670 - src.transform - INFO - After reject split: 25974 valid admissions, 31192 rejected rows
2025-12-04 11:36:19,670 - src.transform - INFO - transform() completed successfully. Output tables: {'people': (46803, 5), 'doctors': (46283, 4), 'hospitals': (37437, 2), 'conditions': (6, 2), 'insurance': (6, 2), 'admission_types': (3, 2), 'test_results': (3, 2), 'admissions': (25974, 12), 'rejects': (31192, 16)}
2025-12-04 11:36:19,676 - src.load - INFO - Starting load()
2025-12-04 11:36:19,677 - src.load - INFO - Row counts - people=46803, hospitals=37437, doctors=46283, conditions=6, insurance=6, test_results=3, admission_types=3, admissions=25974, rejects=31192
2025-12-04 11:36:19,678 - src.load - INFO - Connecting to database...
2025-12-04 11:36:19,786 - src.load - INFO - Database connection established.
2025-12-04 11:36:19,786 - src.load - INFO - Creating tables if they do not exist...
2025-12-04 11:36:19,788 - src.load - INFO - Tables created/verified successfully.
2025-12-04 11:36:19,789 - src.load - INFO - Truncating tables and resetting identities...
2025-12-04 11:36:19,836 - src.load - INFO - Tables truncated.
2025-12-04 11:36:19,837 - src.load - INFO - Starting insertion.
2025-12-04 11:36:19,841 - src.load - ERROR - Failed inserting people row: Pandas(name='Bobby Jackson', age=30.0, gender='MALE', blood_type='B-', person_id='94c83fdd-af6c-46bb-8fc4-5220cdf1cb5e')
Traceback (most recent call last):
  File "/Users/mattmurno/Desktop/Revature training files/etl_proj/src/load.py", line 174, in load
    cur.execute(
psycopg2.errors.InvalidTextRepresentation: invalid input syntax for type integer: "94c83fdd-af6c-46bb-8fc4-5220cdf1cb5e"
LINE 3:                     VALUES ('94c83fdd-af6c-46bb-8fc4-5220cdf...
                                    ^

2025-12-04 11:36:19,841 - src.load - ERROR - Error in load() while working with the database.
Traceback (most recent call last):
  File "/Users/mattmurno/Desktop/Revature training files/etl_proj/src/load.py", line 174, in load
    cur.execute(
psycopg2.errors.InvalidTextRepresentation: invalid input syntax for type integer: "94c83fdd-af6c-46bb-8fc4-5220cdf1cb5e"
LINE 3:                     VALUES ('94c83fdd-af6c-46bb-8fc4-5220cdf...
                                    ^

2025-12-04 11:36:19,842 - src.load - INFO - Transaction rolled back due to error.
2025-12-04 11:36:19,842 - src.load - INFO - Database connection closed. End of load().
2025-12-04 11:42:00,763 - src.read - INFO - Starting read() for type=csv, path=data/healthcare_dataset_dirty.csv
2025-12-04 11:42:00,763 - src.read - INFO - Reading CSV file from data/healthcare_dataset_dirty.csv
2025-12-04 11:42:01,087 - src.read - INFO - Successfully read CSV: 57166 rows x 15 columns
2025-12-04 11:42:01,087 - src.clean - INFO - Starting clean(): input df has 57166 rows x 15 columns
2025-12-04 11:42:01,778 - src.clean - INFO - Standardized string columns where present.
2025-12-04 11:42:01,809 - src.clean - WARNING - Column age: 285 value(s) could not be converted to numeric and were set to NaN
2025-12-04 11:42:01,897 - src.clean - INFO - Column billing_amount converted to numeric successfully.
2025-12-04 11:42:01,935 - src.clean - WARNING - Column room_number: 394 value(s) could not be converted to numeric and were set to NaN
2025-12-04 11:42:01,968 - src.clean - INFO - Age range before validation: min=0.0, max=150.0
2025-12-04 11:42:01,975 - src.clean - WARNING - Age: 144 value(s) outside valid range (0–120); setting to NA
2025-12-04 11:42:01,979 - src.clean - INFO - Room_number range before validation: min=101.0, max=500.0
2025-12-04 11:42:01,981 - src.clean - INFO - Rounded billing_amount to 2 decimal places.
2025-12-04 11:42:02,099 - src.clean - WARNING - Column date_of_admission: 2858 value(s) could not be parsed as datetime and were set to NaT
2025-12-04 11:42:02,123 - src.clean - WARNING - Column discharge_date: 2858 value(s) could not be parsed as datetime and were set to NaT
2025-12-04 11:42:02,123 - src.clean - INFO - clean() completed. Output df has 57166 rows x 15 columns
2025-12-04 11:42:02,123 - src.transform - INFO - Starting transform(): input df has 57166 rows x 15 columns
2025-12-04 11:42:02,396 - src.transform - INFO - Built people_df (no nulls): 46803 rows x 5 columns
2025-12-04 11:42:02,434 - src.transform - INFO - Built doctors_df (pre-hospital merge, no nulls): 46283 rows x 3 columns
2025-12-04 11:42:02,455 - src.transform - INFO - Built hospitals_df (no nulls): 37437 rows x 2 columns
2025-12-04 11:42:02,493 - src.transform - INFO - Updated doctors_df after hospital merge: 46283 rows x 4 columns
2025-12-04 11:42:02,509 - src.transform - INFO - Built conditions_df (no nulls): 6 rows x 2 columns
2025-12-04 11:42:02,521 - src.transform - INFO - Built insurance_df (no nulls): 6 rows x 2 columns
2025-12-04 11:42:02,527 - src.transform - WARNING - test_results_df: 2839 invalid or null result_label value(s) dropped before dimension build
2025-12-04 11:42:02,539 - src.transform - INFO - Built test_results_df (no nulls): 3 rows x 2 columns
2025-12-04 11:42:02,563 - src.transform - INFO - Built admission_types_df (no nulls): 3 rows x 2 columns
2025-12-04 11:42:03,320 - src.transform - INFO - Finished merges; df is now 57166 rows x 27 columns
2025-12-04 11:42:04,967 - src.transform - INFO - Built admissions_df: 25974 rows x 12 columns
2025-12-04 11:42:04,967 - src.transform - INFO - After reject split: 25974 valid admissions, 31192 rejected rows
2025-12-04 11:42:04,967 - src.transform - INFO - transform() completed successfully. Output tables: {'people': (46803, 5), 'doctors': (46283, 4), 'hospitals': (37437, 2), 'conditions': (6, 2), 'insurance': (6, 2), 'admission_types': (3, 2), 'test_results': (3, 2), 'admissions': (25974, 12), 'rejects': (31192, 16)}
2025-12-04 11:42:04,973 - src.load - INFO - Starting load()
2025-12-04 11:42:04,974 - src.load - INFO - Row counts - people=46803, hospitals=37437, doctors=46283, conditions=6, insurance=6, test_results=3, admission_types=3, admissions=25974, rejects=31192
2025-12-04 11:42:04,974 - src.load - INFO - Connecting to database...
2025-12-04 11:42:05,175 - src.load - INFO - Database connection established.
2025-12-04 11:42:05,176 - src.load - INFO - Creating tables if they do not exist...
2025-12-04 11:42:05,178 - src.load - INFO - Tables created/verified successfully.
2025-12-04 11:42:05,179 - src.load - INFO - Truncating tables and resetting identities...
2025-12-04 11:42:05,272 - src.load - INFO - Tables truncated.
2025-12-04 11:42:05,272 - src.load - INFO - Starting insertion.
2025-12-04 11:42:05,273 - src.load - ERROR - Failed inserting people row: Pandas(name='Bobby Jackson', age=30.0, gender='MALE', blood_type='B-', person_id='413c7a76-6845-4871-99f5-4ebf608652d9')
Traceback (most recent call last):
  File "/Users/mattmurno/Desktop/Revature training files/etl_proj/src/load.py", line 175, in load
    cur.execute(
psycopg2.ProgrammingError: can't adapt type 'UUID'
2025-12-04 11:42:05,274 - src.load - ERROR - Error in load() while working with the database.
Traceback (most recent call last):
  File "/Users/mattmurno/Desktop/Revature training files/etl_proj/src/load.py", line 175, in load
    cur.execute(
psycopg2.ProgrammingError: can't adapt type 'UUID'
2025-12-04 11:42:05,274 - src.load - INFO - Transaction rolled back due to error.
2025-12-04 11:42:05,274 - src.load - INFO - Database connection closed. End of load().
2025-12-04 11:42:42,834 - src.read - INFO - Starting read() for type=csv, path=data/healthcare_dataset_dirty.csv
2025-12-04 11:42:42,907 - src.read - INFO - Reading CSV file from data/healthcare_dataset_dirty.csv
2025-12-04 11:42:43,466 - src.read - INFO - Successfully read CSV: 57166 rows x 15 columns
2025-12-04 11:42:43,469 - src.clean - INFO - Starting clean(): input df has 57166 rows x 15 columns
2025-12-04 11:42:43,908 - src.clean - INFO - Standardized string columns where present.
2025-12-04 11:42:43,943 - src.clean - WARNING - Column age: 285 value(s) could not be converted to numeric and were set to NaN
2025-12-04 11:42:44,041 - src.clean - INFO - Column billing_amount converted to numeric successfully.
2025-12-04 11:42:44,077 - src.clean - WARNING - Column room_number: 394 value(s) could not be converted to numeric and were set to NaN
2025-12-04 11:42:44,081 - src.clean - INFO - Age range before validation: min=0.0, max=150.0
2025-12-04 11:42:44,085 - src.clean - WARNING - Age: 144 value(s) outside valid range (0–120); setting to NA
2025-12-04 11:42:44,087 - src.clean - INFO - Room_number range before validation: min=101.0, max=500.0
2025-12-04 11:42:44,088 - src.clean - INFO - Rounded billing_amount to 2 decimal places.
2025-12-04 11:42:44,115 - src.clean - WARNING - Column date_of_admission: 2858 value(s) could not be parsed as datetime and were set to NaT
2025-12-04 11:42:44,133 - src.clean - WARNING - Column discharge_date: 2858 value(s) could not be parsed as datetime and were set to NaT
2025-12-04 11:42:44,133 - src.clean - INFO - clean() completed. Output df has 57166 rows x 15 columns
2025-12-04 11:42:44,133 - src.transform - INFO - Starting transform(): input df has 57166 rows x 15 columns
2025-12-04 11:42:44,398 - src.transform - INFO - Built people_df (no nulls): 46803 rows x 5 columns
2025-12-04 11:42:44,436 - src.transform - INFO - Built doctors_df (pre-hospital merge, no nulls): 46283 rows x 3 columns
2025-12-04 11:42:44,457 - src.transform - INFO - Built hospitals_df (no nulls): 37437 rows x 2 columns
2025-12-04 11:42:44,482 - src.transform - INFO - Updated doctors_df after hospital merge: 46283 rows x 4 columns
2025-12-04 11:42:44,504 - src.transform - INFO - Built conditions_df (no nulls): 6 rows x 2 columns
2025-12-04 11:42:44,524 - src.transform - INFO - Built insurance_df (no nulls): 6 rows x 2 columns
2025-12-04 11:42:44,538 - src.transform - WARNING - test_results_df: 2839 invalid or null result_label value(s) dropped before dimension build
2025-12-04 11:42:44,550 - src.transform - INFO - Built test_results_df (no nulls): 3 rows x 2 columns
2025-12-04 11:42:44,572 - src.transform - INFO - Built admission_types_df (no nulls): 3 rows x 2 columns
2025-12-04 11:42:44,937 - src.transform - INFO - Finished merges; df is now 57166 rows x 27 columns
2025-12-04 11:42:46,337 - src.transform - INFO - Built admissions_df: 25974 rows x 12 columns
2025-12-04 11:42:46,338 - src.transform - INFO - After reject split: 25974 valid admissions, 31192 rejected rows
2025-12-04 11:42:46,338 - src.transform - INFO - transform() completed successfully. Output tables: {'people': (46803, 5), 'doctors': (46283, 4), 'hospitals': (37437, 2), 'conditions': (6, 2), 'insurance': (6, 2), 'admission_types': (3, 2), 'test_results': (3, 2), 'admissions': (25974, 12), 'rejects': (31192, 16)}
2025-12-04 11:42:46,345 - src.load - INFO - Starting load()
2025-12-04 11:42:46,345 - src.load - INFO - Row counts - people=46803, hospitals=37437, doctors=46283, conditions=6, insurance=6, test_results=3, admission_types=3, admissions=25974, rejects=31192
2025-12-04 11:42:46,345 - src.load - INFO - Connecting to database...
2025-12-04 11:42:46,413 - src.load - INFO - Database connection established.
2025-12-04 11:42:46,413 - src.load - INFO - Creating tables if they do not exist...
2025-12-04 11:42:46,416 - src.load - INFO - Tables created/verified successfully.
2025-12-04 11:42:46,418 - src.load - INFO - Truncating tables and resetting identities...
2025-12-04 11:42:46,484 - src.load - INFO - Tables truncated.
2025-12-04 11:42:46,484 - src.load - INFO - Starting insertion.
2025-12-04 11:42:46,487 - src.load - ERROR - Failed inserting people row: Pandas(name='Bobby Jackson', age=30.0, gender='MALE', blood_type='B-', person_id='9e27eff0-955c-4b67-837b-6ba623fa0a16')
Traceback (most recent call last):
  File "/Users/mattmurno/Desktop/Revature training files/etl_proj/src/load.py", line 174, in load
    cur.execute(
psycopg2.errors.InvalidTextRepresentation: invalid input syntax for type integer: "9e27eff0-955c-4b67-837b-6ba623fa0a16"
LINE 3:                     VALUES ('9e27eff0-955c-4b67-837b-6ba623f...
                                    ^

2025-12-04 11:42:46,487 - src.load - ERROR - Error in load() while working with the database.
Traceback (most recent call last):
  File "/Users/mattmurno/Desktop/Revature training files/etl_proj/src/load.py", line 174, in load
    cur.execute(
psycopg2.errors.InvalidTextRepresentation: invalid input syntax for type integer: "9e27eff0-955c-4b67-837b-6ba623fa0a16"
LINE 3:                     VALUES ('9e27eff0-955c-4b67-837b-6ba623f...
                                    ^

2025-12-04 11:42:46,488 - src.load - INFO - Transaction rolled back due to error.
2025-12-04 11:42:46,489 - src.load - INFO - Database connection closed. End of load().
2025-12-04 11:45:28,949 - src.read - INFO - Starting read() for type=csv, path=data/healthcare_dataset_dirty.csv
2025-12-04 11:45:28,950 - src.read - INFO - Reading CSV file from data/healthcare_dataset_dirty.csv
2025-12-04 11:45:29,212 - src.read - INFO - Successfully read CSV: 57166 rows x 15 columns
2025-12-04 11:45:29,213 - src.clean - INFO - Starting clean(): input df has 57166 rows x 15 columns
2025-12-04 11:45:29,807 - src.clean - INFO - Standardized string columns where present.
2025-12-04 11:45:29,850 - src.clean - WARNING - Column age: 285 value(s) could not be converted to numeric and were set to NaN
2025-12-04 11:45:29,939 - src.clean - INFO - Column billing_amount converted to numeric successfully.
2025-12-04 11:45:29,987 - src.clean - WARNING - Column room_number: 394 value(s) could not be converted to numeric and were set to NaN
2025-12-04 11:45:29,989 - src.clean - INFO - Age range before validation: min=0.0, max=150.0
2025-12-04 11:45:29,990 - src.clean - WARNING - Age: 144 value(s) outside valid range (0–120); setting to NA
2025-12-04 11:45:29,991 - src.clean - INFO - Room_number range before validation: min=101.0, max=500.0
2025-12-04 11:45:29,993 - src.clean - INFO - Rounded billing_amount to 2 decimal places.
2025-12-04 11:45:30,028 - src.clean - WARNING - Column date_of_admission: 2858 value(s) could not be parsed as datetime and were set to NaT
2025-12-04 11:45:30,047 - src.clean - WARNING - Column discharge_date: 2858 value(s) could not be parsed as datetime and were set to NaT
2025-12-04 11:45:30,047 - src.clean - INFO - clean() completed. Output df has 57166 rows x 15 columns
2025-12-04 11:45:30,048 - src.transform - INFO - Starting transform(): input df has 57166 rows x 15 columns
2025-12-04 11:45:30,398 - src.transform - INFO - Built people_df (no nulls): 46803 rows x 5 columns
2025-12-04 11:45:30,446 - src.transform - INFO - Built doctors_df (pre-hospital merge, no nulls): 46283 rows x 3 columns
2025-12-04 11:45:30,466 - src.transform - INFO - Built hospitals_df (no nulls): 37437 rows x 2 columns
2025-12-04 11:45:30,507 - src.transform - INFO - Updated doctors_df after hospital merge: 46283 rows x 4 columns
2025-12-04 11:45:30,619 - src.transform - INFO - Built conditions_df (no nulls): 6 rows x 2 columns
2025-12-04 11:45:30,649 - src.transform - INFO - Built insurance_df (no nulls): 6 rows x 2 columns
2025-12-04 11:45:30,657 - src.transform - WARNING - test_results_df: 2839 invalid or null result_label value(s) dropped before dimension build
2025-12-04 11:45:30,668 - src.transform - INFO - Built test_results_df (no nulls): 3 rows x 2 columns
2025-12-04 11:45:30,686 - src.transform - INFO - Built admission_types_df (no nulls): 3 rows x 2 columns
2025-12-04 11:45:31,065 - src.transform - INFO - Finished merges; df is now 57166 rows x 27 columns
2025-12-04 11:45:32,367 - src.transform - INFO - Built admissions_df: 25974 rows x 12 columns
2025-12-04 11:45:32,367 - src.transform - INFO - After reject split: 25974 valid admissions, 31192 rejected rows
2025-12-04 11:45:32,367 - src.transform - INFO - transform() completed successfully. Output tables: {'people': (46803, 5), 'doctors': (46283, 4), 'hospitals': (37437, 2), 'conditions': (6, 2), 'insurance': (6, 2), 'admission_types': (3, 2), 'test_results': (3, 2), 'admissions': (25974, 12), 'rejects': (31192, 16)}
2025-12-04 11:45:32,374 - src.load - INFO - Starting load()
2025-12-04 11:45:32,374 - src.load - INFO - Row counts - people=46803, hospitals=37437, doctors=46283, conditions=6, insurance=6, test_results=3, admission_types=3, admissions=25974, rejects=31192
2025-12-04 11:45:32,375 - src.load - INFO - Connecting to database...
2025-12-04 11:45:32,485 - src.load - INFO - Database connection established.
2025-12-04 11:45:32,485 - src.load - INFO - Creating tables if they do not exist...
2025-12-04 11:45:32,610 - src.load - INFO - Tables created/verified successfully.
2025-12-04 11:45:32,610 - src.load - INFO - Truncating tables and resetting identities...
2025-12-04 11:45:32,666 - src.load - INFO - Tables truncated.
2025-12-04 11:45:32,667 - src.load - INFO - Starting insertion.
2025-12-04 11:45:59,043 - src.load - INFO - Load completed successfully.
2025-12-04 11:45:59,043 - src.load - INFO - Database connection closed. End of load().
2025-12-04 11:58:43,770 - src.read - INFO - Starting read() for type=csv, path=data/healthcare_dataset_dirty.csv
2025-12-04 11:58:43,771 - src.read - INFO - Reading CSV file from data/healthcare_dataset_dirty.csv
2025-12-04 11:58:44,052 - src.read - INFO - Successfully read CSV: 57166 rows x 15 columns
2025-12-04 11:58:44,052 - src.clean - INFO - Starting clean(): input df has 57166 rows x 15 columns
2025-12-04 11:58:44,504 - src.clean - INFO - Standardized string columns where present.
2025-12-04 11:58:44,536 - src.clean - WARNING - Column age: 285 value(s) could not be converted to numeric and were set to NaN
2025-12-04 11:58:44,732 - src.clean - INFO - Column billing_amount converted to numeric successfully.
2025-12-04 11:58:44,766 - src.clean - WARNING - Column room_number: 394 value(s) could not be converted to numeric and were set to NaN
2025-12-04 11:58:44,767 - src.clean - INFO - Age range before validation: min=0.0, max=150.0
2025-12-04 11:58:44,768 - src.clean - WARNING - Age: 144 value(s) outside valid range (0–120); setting to NA
2025-12-04 11:58:44,770 - src.clean - INFO - Room_number range before validation: min=101.0, max=500.0
2025-12-04 11:58:44,779 - src.clean - INFO - Rounded billing_amount to 2 decimal places.
2025-12-04 11:58:44,826 - src.clean - WARNING - Column date_of_admission: 2858 value(s) could not be parsed as datetime and were set to NaT
2025-12-04 11:58:44,849 - src.clean - WARNING - Column discharge_date: 2858 value(s) could not be parsed as datetime and were set to NaT
2025-12-04 11:58:44,850 - src.clean - INFO - clean() completed. Output df has 57166 rows x 15 columns
2025-12-04 11:58:44,850 - src.transform - INFO - Starting transform(): input df has 57166 rows x 15 columns
2025-12-04 11:58:45,180 - src.transform - INFO - Built people_df (no nulls): 46803 rows x 5 columns
2025-12-04 11:58:45,228 - src.transform - INFO - Built doctors_df (pre-hospital merge, no nulls): 46283 rows x 3 columns
2025-12-04 11:58:45,281 - src.transform - INFO - Built hospitals_df (no nulls): 37437 rows x 2 columns
2025-12-04 11:58:45,314 - src.transform - INFO - Updated doctors_df after hospital merge: 46283 rows x 4 columns
2025-12-04 11:58:45,334 - src.transform - INFO - Built conditions_df (no nulls): 6 rows x 2 columns
2025-12-04 11:58:45,356 - src.transform - INFO - Built insurance_df (no nulls): 6 rows x 2 columns
2025-12-04 11:58:45,377 - src.transform - WARNING - test_results_df: 2839 invalid or null result_label value(s) dropped before dimension build
2025-12-04 11:58:45,384 - src.transform - INFO - Built test_results_df (no nulls): 3 rows x 2 columns
2025-12-04 11:58:45,406 - src.transform - INFO - Built admission_types_df (no nulls): 3 rows x 2 columns
2025-12-04 11:58:45,739 - src.transform - INFO - Finished merges; df is now 57166 rows x 27 columns
2025-12-04 11:58:47,093 - src.transform - INFO - Built admissions_df: 25974 rows x 12 columns
2025-12-04 11:58:47,093 - src.transform - INFO - After reject split: 25974 valid admissions, 31192 rejected rows
2025-12-04 11:58:47,093 - src.transform - INFO - transform() completed successfully. Output tables: {'people': (46803, 5), 'doctors': (46283, 4), 'hospitals': (37437, 2), 'conditions': (6, 2), 'insurance': (6, 2), 'admission_types': (3, 2), 'test_results': (3, 2), 'admissions': (25974, 12), 'rejects': (31192, 16)}
2025-12-04 11:58:47,101 - src.load - INFO - Starting load()
2025-12-04 11:58:47,102 - src.load - INFO - Row counts - people=46803, hospitals=37437, doctors=46283, conditions=6, insurance=6, test_results=3, admission_types=3, admissions=25974, rejects=31192
2025-12-04 11:58:47,102 - src.load - INFO - Connecting to database...
2025-12-04 11:58:47,294 - src.load - INFO - Database connection established.
2025-12-04 11:58:47,294 - src.load - INFO - Creating tables if they do not exist...
2025-12-04 11:58:47,353 - src.load - INFO - Tables created/verified successfully.
2025-12-04 11:58:47,353 - src.load - INFO - Truncating tables and resetting identities...
2025-12-04 11:58:47,404 - src.load - INFO - Tables truncated.
2025-12-04 11:58:47,406 - src.load - INFO - Starting insertion.
2025-12-04 11:59:13,112 - src.load - INFO - Load completed successfully.
2025-12-04 11:59:13,118 - src.load - INFO - Database connection closed. End of load().
2025-12-04 13:13:07,525 - src.clean - INFO - Starting clean(): input df has 2 rows x 3 columns
2025-12-04 13:13:07,576 - src.clean - INFO - Standardized string columns where present.
2025-12-04 13:13:07,576 - src.clean - INFO - clean() completed. Output df has 2 rows x 3 columns
2025-12-04 13:13:07,583 - src.clean - INFO - Starting clean(): input df has 1 rows x 2 columns
2025-12-04 13:13:07,589 - src.clean - INFO - Standardized string columns where present.
2025-12-04 13:13:07,589 - src.clean - INFO - clean() completed. Output df has 1 rows x 2 columns
2025-12-04 13:13:07,628 - src.load - INFO - Starting load()
2025-12-04 13:13:07,629 - src.load - INFO - Row counts - people=1, hospitals=1, doctors=1, conditions=1, insurance=1, test_results=1, admission_types=1, admissions=1, rejects=1
2025-12-04 13:13:07,629 - src.load - INFO - Connecting to database...
2025-12-04 13:13:07,629 - src.load - INFO - Database connection established.
2025-12-04 13:13:07,629 - src.load - INFO - Creating tables if they do not exist...
2025-12-04 13:13:07,629 - src.load - INFO - Tables created/verified successfully.
2025-12-04 13:13:07,629 - src.load - INFO - Truncating tables and resetting identities...
2025-12-04 13:13:07,629 - src.load - INFO - Tables truncated.
2025-12-04 13:13:07,629 - src.load - INFO - Starting insertion.
2025-12-04 13:13:07,644 - src.load - INFO - Load completed successfully.
2025-12-04 13:13:07,644 - src.load - INFO - Database connection closed. End of load().
2025-12-04 13:13:07,653 - src.load - INFO - Starting load()
2025-12-04 13:13:07,654 - src.load - INFO - Row counts - people=3, hospitals=1, doctors=1, conditions=1, insurance=1, test_results=1, admission_types=1, admissions=1, rejects=1
2025-12-04 13:13:07,654 - src.load - INFO - Connecting to database...
2025-12-04 13:13:07,654 - src.load - INFO - Database connection established.
2025-12-04 13:13:07,654 - src.load - INFO - Creating tables if they do not exist...
2025-12-04 13:13:07,654 - src.load - INFO - Tables created/verified successfully.
2025-12-04 13:13:07,654 - src.load - INFO - Truncating tables and resetting identities...
2025-12-04 13:13:07,654 - src.load - INFO - Tables truncated.
2025-12-04 13:13:07,654 - src.load - INFO - Starting insertion.
2025-12-04 13:13:07,655 - src.load - WARNING - Invalid age 150 for person Too Old; setting age to NULL before insert
2025-12-04 13:13:07,664 - src.load - INFO - Load completed successfully.
2025-12-04 13:13:07,664 - src.load - INFO - Database connection closed. End of load().
2025-12-04 13:13:07,674 - src.load - INFO - Starting load()
2025-12-04 13:13:07,674 - src.load - INFO - Row counts - people=1, hospitals=1, doctors=1, conditions=1, insurance=1, test_results=1, admission_types=1, admissions=1, rejects=1
2025-12-04 13:13:07,675 - src.load - INFO - Connecting to database...
2025-12-04 13:13:07,675 - src.load - INFO - Database connection established.
2025-12-04 13:13:07,675 - src.load - INFO - Creating tables if they do not exist...
2025-12-04 13:13:07,675 - src.load - INFO - Tables created/verified successfully.
2025-12-04 13:13:07,675 - src.load - INFO - Truncating tables and resetting identities...
2025-12-04 13:13:07,675 - src.load - INFO - Tables truncated.
2025-12-04 13:13:07,675 - src.load - INFO - Starting insertion.
2025-12-04 13:13:07,677 - src.load - ERROR - Failed inserting people row: Pandas(person_id=1, name='Error Person', age=40, gender='M', blood_type='AB+')
Traceback (most recent call last):
  File "/Users/mattmurno/Desktop/Revature training files/etl_proj/src/load.py", line 174, in load
    cur.execute(
  File "/Users/mattmurno/Desktop/Revature training files/etl_proj/tests/test_load.py", line 18, in execute
    raise psycopg2.Error("Simulated DB error")
psycopg2.Error: Simulated DB error
2025-12-04 13:13:07,688 - src.load - ERROR - Error in load() while working with the database.
Traceback (most recent call last):
  File "/Users/mattmurno/Desktop/Revature training files/etl_proj/src/load.py", line 174, in load
    cur.execute(
  File "/Users/mattmurno/Desktop/Revature training files/etl_proj/tests/test_load.py", line 18, in execute
    raise psycopg2.Error("Simulated DB error")
psycopg2.Error: Simulated DB error
2025-12-04 13:13:07,689 - src.load - INFO - Transaction rolled back due to error.
2025-12-04 13:13:07,690 - src.load - INFO - Database connection closed. End of load().
2025-12-04 13:13:07,712 - src.read - INFO - Reading CSV file from /private/var/folders/45/mms0wwj51255z_fqrdsfrqzh0000gn/T/pytest-of-mattmurno/pytest-1/test_read_csv_success0/test.csv
2025-12-04 13:13:07,722 - src.read - INFO - Successfully read CSV: 2 rows x 2 columns
2025-12-04 13:13:07,761 - src.read - INFO - Reading JSON file from /private/var/folders/45/mms0wwj51255z_fqrdsfrqzh0000gn/T/pytest-of-mattmurno/pytest-1/test_read_json_success0/test.json
2025-12-04 13:13:07,818 - src.read - INFO - Successfully read JSON: 2 rows x 2 columns
2025-12-04 13:13:07,822 - src.read - INFO - Starting read() for type=csv, path=/private/var/folders/45/mms0wwj51255z_fqrdsfrqzh0000gn/T/pytest-of-mattmurno/pytest-1/test_read_dispatches_to_csv0/test.csv
2025-12-04 13:13:07,823 - src.read - INFO - Reading CSV file from /private/var/folders/45/mms0wwj51255z_fqrdsfrqzh0000gn/T/pytest-of-mattmurno/pytest-1/test_read_dispatches_to_csv0/test.csv
2025-12-04 13:13:07,825 - src.read - INFO - Successfully read CSV: 2 rows x 2 columns
2025-12-04 13:13:07,836 - src.read - INFO - Starting read() for type=json, path=/private/var/folders/45/mms0wwj51255z_fqrdsfrqzh0000gn/T/pytest-of-mattmurno/pytest-1/test_read_dispatches_to_json0/test.json
2025-12-04 13:13:07,837 - src.read - INFO - Reading JSON file from /private/var/folders/45/mms0wwj51255z_fqrdsfrqzh0000gn/T/pytest-of-mattmurno/pytest-1/test_read_dispatches_to_json0/test.json
2025-12-04 13:13:07,843 - src.read - INFO - Successfully read JSON: 2 rows x 2 columns
2025-12-04 13:13:07,848 - src.read - INFO - Reading CSV file from /private/var/folders/45/mms0wwj51255z_fqrdsfrqzh0000gn/T/pytest-of-mattmurno/pytest-1/test_read_csv_missing_file_rai0/does_not_exist.csv
2025-12-04 13:13:07,848 - src.read - ERROR - Failed to read CSV file from /private/var/folders/45/mms0wwj51255z_fqrdsfrqzh0000gn/T/pytest-of-mattmurno/pytest-1/test_read_csv_missing_file_rai0/does_not_exist.csv
Traceback (most recent call last):
  File "/Users/mattmurno/Desktop/Revature training files/etl_proj/src/read.py", line 11, in read_csv
    df = pd.read_csv(filepath)
         ^^^^^^^^^^^^^^^^^^^^^
  File "/Users/mattmurno/Desktop/Revature training files/etl_proj/venv/lib/python3.11/site-packages/pandas/io/parsers/readers.py", line 1026, in read_csv
    return _read(filepath_or_buffer, kwds)
           ^^^^^^^^^^^^^^^^^^^^^^^^^^^^^^^
  File "/Users/mattmurno/Desktop/Revature training files/etl_proj/venv/lib/python3.11/site-packages/pandas/io/parsers/readers.py", line 620, in _read
    parser = TextFileReader(filepath_or_buffer, **kwds)
             ^^^^^^^^^^^^^^^^^^^^^^^^^^^^^^^^^^^^^^^^^^
  File "/Users/mattmurno/Desktop/Revature training files/etl_proj/venv/lib/python3.11/site-packages/pandas/io/parsers/readers.py", line 1620, in __init__
    self._engine = self._make_engine(f, self.engine)
                   ^^^^^^^^^^^^^^^^^^^^^^^^^^^^^^^^^
  File "/Users/mattmurno/Desktop/Revature training files/etl_proj/venv/lib/python3.11/site-packages/pandas/io/parsers/readers.py", line 1880, in _make_engine
    self.handles = get_handle(
                   ^^^^^^^^^^^
  File "/Users/mattmurno/Desktop/Revature training files/etl_proj/venv/lib/python3.11/site-packages/pandas/io/common.py", line 873, in get_handle
    handle = open(
             ^^^^^
FileNotFoundError: [Errno 2] No such file or directory: '/private/var/folders/45/mms0wwj51255z_fqrdsfrqzh0000gn/T/pytest-of-mattmurno/pytest-1/test_read_csv_missing_file_rai0/does_not_exist.csv'
2025-12-04 13:13:07,887 - src.read - INFO - Reading JSON file from /private/var/folders/45/mms0wwj51255z_fqrdsfrqzh0000gn/T/pytest-of-mattmurno/pytest-1/test_read_json_missing_file_ra0/does_not_exist.json
2025-12-04 13:13:07,887 - src.read - ERROR - Failed to read JSON file from /private/var/folders/45/mms0wwj51255z_fqrdsfrqzh0000gn/T/pytest-of-mattmurno/pytest-1/test_read_json_missing_file_ra0/does_not_exist.json
Traceback (most recent call last):
  File "/Users/mattmurno/Desktop/Revature training files/etl_proj/src/read.py", line 22, in read_json
    df = pd.read_json(filepath)
         ^^^^^^^^^^^^^^^^^^^^^^
  File "/Users/mattmurno/Desktop/Revature training files/etl_proj/venv/lib/python3.11/site-packages/pandas/io/json/_json.py", line 791, in read_json
    json_reader = JsonReader(
                  ^^^^^^^^^^^
  File "/Users/mattmurno/Desktop/Revature training files/etl_proj/venv/lib/python3.11/site-packages/pandas/io/json/_json.py", line 904, in __init__
    data = self._get_data_from_filepath(filepath_or_buffer)
           ^^^^^^^^^^^^^^^^^^^^^^^^^^^^^^^^^^^^^^^^^^^^^^^^
  File "/Users/mattmurno/Desktop/Revature training files/etl_proj/venv/lib/python3.11/site-packages/pandas/io/json/_json.py", line 960, in _get_data_from_filepath
    raise FileNotFoundError(f"File {filepath_or_buffer} does not exist")
FileNotFoundError: File /private/var/folders/45/mms0wwj51255z_fqrdsfrqzh0000gn/T/pytest-of-mattmurno/pytest-1/test_read_json_missing_file_ra0/does_not_exist.json does not exist
2025-12-04 13:13:07,893 - src.read - INFO - Starting read() for type=xml, path=some/path/file.xml
2025-12-04 13:13:07,893 - src.read - ERROR - Unsupported source type in read(): xml
2025-12-04 13:13:07,904 - src.transform - INFO - Starting transform(): input df has 2 rows x 15 columns
2025-12-04 13:13:07,926 - src.transform - INFO - Built people_df (no nulls): 2 rows x 5 columns
2025-12-04 13:13:07,935 - src.transform - INFO - Built doctors_df (pre-hospital merge, no nulls): 2 rows x 3 columns
2025-12-04 13:13:07,941 - src.transform - INFO - Built hospitals_df (no nulls): 2 rows x 2 columns
2025-12-04 13:13:07,956 - src.transform - INFO - Updated doctors_df after hospital merge: 2 rows x 4 columns
2025-12-04 13:13:07,959 - src.transform - INFO - Built conditions_df (no nulls): 2 rows x 2 columns
2025-12-04 13:13:07,964 - src.transform - INFO - Built insurance_df (no nulls): 1 rows x 2 columns
2025-12-04 13:13:07,968 - src.transform - INFO - Built test_results_df (no nulls): 2 rows x 2 columns
2025-12-04 13:13:07,971 - src.transform - INFO - Built admission_types_df (no nulls): 2 rows x 2 columns
2025-12-04 13:13:07,991 - src.transform - INFO - Finished merges; df is now 2 rows x 27 columns
2025-12-04 13:13:08,001 - src.transform - INFO - Built admissions_df: 2 rows x 12 columns
2025-12-04 13:13:08,001 - src.transform - INFO - After reject split: 2 valid admissions, 0 rejected rows
2025-12-04 13:13:08,001 - src.transform - INFO - transform() completed successfully. Output tables: {'people': (2, 5), 'doctors': (2, 4), 'hospitals': (2, 2), 'conditions': (2, 2), 'insurance': (1, 2), 'admission_types': (2, 2), 'test_results': (2, 2), 'admissions': (2, 12), 'rejects': (0, 16)}
2025-12-04 13:13:08,186 - src.transform - INFO - Starting transform(): input df has 3 rows x 15 columns
2025-12-04 13:13:08,190 - src.transform - INFO - Built people_df (no nulls): 2 rows x 5 columns
2025-12-04 13:13:08,193 - src.transform - INFO - Built doctors_df (pre-hospital merge, no nulls): 2 rows x 3 columns
2025-12-04 13:13:08,198 - src.transform - INFO - Built hospitals_df (no nulls): 2 rows x 2 columns
2025-12-04 13:13:08,201 - src.transform - INFO - Updated doctors_df after hospital merge: 2 rows x 4 columns
2025-12-04 13:13:08,204 - src.transform - INFO - Built conditions_df (no nulls): 2 rows x 2 columns
2025-12-04 13:13:08,207 - src.transform - INFO - Built insurance_df (no nulls): 1 rows x 2 columns
2025-12-04 13:13:08,208 - src.transform - WARNING - test_results_df: 1 invalid or null result_label value(s) dropped before dimension build
2025-12-04 13:13:08,209 - src.transform - INFO - Built test_results_df (no nulls): 2 rows x 2 columns
2025-12-04 13:13:08,213 - src.transform - INFO - Built admission_types_df (no nulls): 2 rows x 2 columns
2025-12-04 13:13:08,227 - src.transform - INFO - Finished merges; df is now 3 rows x 27 columns
2025-12-04 13:13:08,233 - src.transform - INFO - Built admissions_df: 2 rows x 12 columns
2025-12-04 13:13:08,233 - src.transform - INFO - After reject split: 2 valid admissions, 1 rejected rows
2025-12-04 13:13:08,233 - src.transform - INFO - transform() completed successfully. Output tables: {'people': (2, 5), 'doctors': (2, 4), 'hospitals': (2, 2), 'conditions': (2, 2), 'insurance': (1, 2), 'admission_types': (2, 2), 'test_results': (2, 2), 'admissions': (2, 12), 'rejects': (1, 16)}
2025-12-04 13:13:08,237 - src.transform - INFO - Starting transform(): input df has 1 rows x 14 columns
2025-12-04 13:13:08,237 - src.transform - ERROR - transform() failed.
Traceback (most recent call last):
  File "/Users/mattmurno/Desktop/Revature training files/etl_proj/src/transform.py", line 17, in transform
    df[["name", "age", "gender", "blood_type"]]
    ~~^^^^^^^^^^^^^^^^^^^^^^^^^^^^^^^^^^^^^^^^^
  File "/Users/mattmurno/Desktop/Revature training files/etl_proj/venv/lib/python3.11/site-packages/pandas/core/frame.py", line 4119, in __getitem__
    indexer = self.columns._get_indexer_strict(key, "columns")[1]
              ^^^^^^^^^^^^^^^^^^^^^^^^^^^^^^^^^^^^^^^^^^^^^^^^
  File "/Users/mattmurno/Desktop/Revature training files/etl_proj/venv/lib/python3.11/site-packages/pandas/core/indexes/base.py", line 6212, in _get_indexer_strict
    self._raise_if_missing(keyarr, indexer, axis_name)
  File "/Users/mattmurno/Desktop/Revature training files/etl_proj/venv/lib/python3.11/site-packages/pandas/core/indexes/base.py", line 6264, in _raise_if_missing
    raise KeyError(f"{not_found} not in index")
KeyError: "['name'] not in index"
2025-12-04 13:19:11,086 - src.clean - INFO - Starting clean(): input df has 2 rows x 3 columns
2025-12-04 13:19:11,130 - src.clean - INFO - Standardized string columns where present.
2025-12-04 13:19:11,130 - src.clean - INFO - clean() completed. Output df has 2 rows x 3 columns
2025-12-04 13:19:11,133 - src.clean - INFO - Starting clean(): input df has 1 rows x 2 columns
2025-12-04 13:19:11,136 - src.clean - INFO - Standardized string columns where present.
2025-12-04 13:19:11,137 - src.clean - INFO - clean() completed. Output df has 1 rows x 2 columns
2025-12-04 13:19:11,150 - src.load - INFO - Starting load()
2025-12-04 13:19:11,150 - src.load - INFO - Row counts - people=1, hospitals=1, doctors=1, conditions=1, insurance=1, test_results=1, admission_types=1, admissions=1, rejects=1
2025-12-04 13:19:11,150 - src.load - INFO - Connecting to database...
2025-12-04 13:19:11,150 - src.load - INFO - Database connection established.
2025-12-04 13:19:11,150 - src.load - INFO - Creating tables if they do not exist...
2025-12-04 13:19:11,150 - src.load - INFO - Tables created/verified successfully.
2025-12-04 13:19:11,150 - src.load - INFO - Truncating tables and resetting identities...
2025-12-04 13:19:11,150 - src.load - INFO - Tables truncated.
2025-12-04 13:19:11,150 - src.load - INFO - Starting insertion.
2025-12-04 13:19:11,158 - src.load - INFO - Load completed successfully.
2025-12-04 13:19:11,159 - src.load - INFO - Database connection closed. End of load().
2025-12-04 13:19:11,178 - src.load - INFO - Starting load()
2025-12-04 13:19:11,178 - src.load - INFO - Row counts - people=3, hospitals=1, doctors=1, conditions=1, insurance=1, test_results=1, admission_types=1, admissions=1, rejects=1
2025-12-04 13:19:11,178 - src.load - INFO - Connecting to database...
2025-12-04 13:19:11,178 - src.load - INFO - Database connection established.
2025-12-04 13:19:11,178 - src.load - INFO - Creating tables if they do not exist...
2025-12-04 13:19:11,178 - src.load - INFO - Tables created/verified successfully.
2025-12-04 13:19:11,178 - src.load - INFO - Truncating tables and resetting identities...
2025-12-04 13:19:11,178 - src.load - INFO - Tables truncated.
2025-12-04 13:19:11,178 - src.load - INFO - Starting insertion.
2025-12-04 13:19:11,179 - src.load - WARNING - Invalid age 150 for person Too Old; setting age to NULL before insert
2025-12-04 13:19:11,186 - src.load - INFO - Load completed successfully.
2025-12-04 13:19:11,186 - src.load - INFO - Database connection closed. End of load().
2025-12-04 13:19:11,218 - src.load - INFO - Starting load()
2025-12-04 13:19:11,218 - src.load - INFO - Row counts - people=1, hospitals=1, doctors=1, conditions=1, insurance=1, test_results=1, admission_types=1, admissions=1, rejects=1
2025-12-04 13:19:11,218 - src.load - INFO - Connecting to database...
2025-12-04 13:19:11,218 - src.load - INFO - Database connection established.
2025-12-04 13:19:11,218 - src.load - INFO - Creating tables if they do not exist...
2025-12-04 13:19:11,218 - src.load - INFO - Tables created/verified successfully.
2025-12-04 13:19:11,218 - src.load - INFO - Truncating tables and resetting identities...
2025-12-04 13:19:11,218 - src.load - INFO - Tables truncated.
2025-12-04 13:19:11,218 - src.load - INFO - Starting insertion.
2025-12-04 13:19:11,219 - src.load - ERROR - Failed inserting people row: Pandas(person_id=1, name='Error Person', age=40, gender='M', blood_type='AB+')
Traceback (most recent call last):
  File "/Users/mattmurno/Desktop/Revature training files/etl_proj/src/load.py", line 174, in load
    cur.execute(
  File "/Users/mattmurno/Desktop/Revature training files/etl_proj/tests/test_load.py", line 18, in execute
    raise psycopg2.Error("Simulated DB error")
psycopg2.Error: Simulated DB error
2025-12-04 13:19:11,233 - src.load - ERROR - Error in load() while working with the database.
Traceback (most recent call last):
  File "/Users/mattmurno/Desktop/Revature training files/etl_proj/src/load.py", line 174, in load
    cur.execute(
  File "/Users/mattmurno/Desktop/Revature training files/etl_proj/tests/test_load.py", line 18, in execute
    raise psycopg2.Error("Simulated DB error")
psycopg2.Error: Simulated DB error
2025-12-04 13:19:11,233 - src.load - INFO - Transaction rolled back due to error.
2025-12-04 13:19:11,234 - src.load - INFO - Database connection closed. End of load().
2025-12-04 13:19:11,288 - src.read - INFO - Reading CSV file from /private/var/folders/45/mms0wwj51255z_fqrdsfrqzh0000gn/T/pytest-of-mattmurno/pytest-2/test_read_csv_success0/test.csv
2025-12-04 13:19:11,317 - src.read - INFO - Successfully read CSV: 2 rows x 2 columns
2025-12-04 13:19:11,324 - src.read - INFO - Reading JSON file from /private/var/folders/45/mms0wwj51255z_fqrdsfrqzh0000gn/T/pytest-of-mattmurno/pytest-2/test_read_json_success0/test.json
2025-12-04 13:19:11,342 - src.read - INFO - Successfully read JSON: 2 rows x 2 columns
2025-12-04 13:19:11,349 - src.read - INFO - Starting read() for type=csv, path=/private/var/folders/45/mms0wwj51255z_fqrdsfrqzh0000gn/T/pytest-of-mattmurno/pytest-2/test_read_dispatches_to_csv0/test.csv
2025-12-04 13:19:11,349 - src.read - INFO - Reading CSV file from /private/var/folders/45/mms0wwj51255z_fqrdsfrqzh0000gn/T/pytest-of-mattmurno/pytest-2/test_read_dispatches_to_csv0/test.csv
2025-12-04 13:19:11,353 - src.read - INFO - Successfully read CSV: 2 rows x 2 columns
2025-12-04 13:19:11,367 - src.read - INFO - Starting read() for type=json, path=/private/var/folders/45/mms0wwj51255z_fqrdsfrqzh0000gn/T/pytest-of-mattmurno/pytest-2/test_read_dispatches_to_json0/test.json
2025-12-04 13:19:11,367 - src.read - INFO - Reading JSON file from /private/var/folders/45/mms0wwj51255z_fqrdsfrqzh0000gn/T/pytest-of-mattmurno/pytest-2/test_read_dispatches_to_json0/test.json
2025-12-04 13:19:11,370 - src.read - INFO - Successfully read JSON: 2 rows x 2 columns
2025-12-04 13:19:11,373 - src.read - INFO - Reading CSV file from /private/var/folders/45/mms0wwj51255z_fqrdsfrqzh0000gn/T/pytest-of-mattmurno/pytest-2/test_read_csv_missing_file_rai0/does_not_exist.csv
2025-12-04 13:19:11,373 - src.read - ERROR - Failed to read CSV file from /private/var/folders/45/mms0wwj51255z_fqrdsfrqzh0000gn/T/pytest-of-mattmurno/pytest-2/test_read_csv_missing_file_rai0/does_not_exist.csv
Traceback (most recent call last):
  File "/Users/mattmurno/Desktop/Revature training files/etl_proj/src/read.py", line 11, in read_csv
    df = pd.read_csv(filepath)
         ^^^^^^^^^^^^^^^^^^^^^
  File "/Users/mattmurno/Desktop/Revature training files/etl_proj/venv/lib/python3.11/site-packages/pandas/io/parsers/readers.py", line 1026, in read_csv
    return _read(filepath_or_buffer, kwds)
           ^^^^^^^^^^^^^^^^^^^^^^^^^^^^^^^
  File "/Users/mattmurno/Desktop/Revature training files/etl_proj/venv/lib/python3.11/site-packages/pandas/io/parsers/readers.py", line 620, in _read
    parser = TextFileReader(filepath_or_buffer, **kwds)
             ^^^^^^^^^^^^^^^^^^^^^^^^^^^^^^^^^^^^^^^^^^
  File "/Users/mattmurno/Desktop/Revature training files/etl_proj/venv/lib/python3.11/site-packages/pandas/io/parsers/readers.py", line 1620, in __init__
    self._engine = self._make_engine(f, self.engine)
                   ^^^^^^^^^^^^^^^^^^^^^^^^^^^^^^^^^
  File "/Users/mattmurno/Desktop/Revature training files/etl_proj/venv/lib/python3.11/site-packages/pandas/io/parsers/readers.py", line 1880, in _make_engine
    self.handles = get_handle(
                   ^^^^^^^^^^^
  File "/Users/mattmurno/Desktop/Revature training files/etl_proj/venv/lib/python3.11/site-packages/pandas/io/common.py", line 873, in get_handle
    handle = open(
             ^^^^^
FileNotFoundError: [Errno 2] No such file or directory: '/private/var/folders/45/mms0wwj51255z_fqrdsfrqzh0000gn/T/pytest-of-mattmurno/pytest-2/test_read_csv_missing_file_rai0/does_not_exist.csv'
2025-12-04 13:19:11,391 - src.read - INFO - Reading JSON file from /private/var/folders/45/mms0wwj51255z_fqrdsfrqzh0000gn/T/pytest-of-mattmurno/pytest-2/test_read_json_missing_file_ra0/does_not_exist.json
2025-12-04 13:19:11,391 - src.read - ERROR - Failed to read JSON file from /private/var/folders/45/mms0wwj51255z_fqrdsfrqzh0000gn/T/pytest-of-mattmurno/pytest-2/test_read_json_missing_file_ra0/does_not_exist.json
Traceback (most recent call last):
  File "/Users/mattmurno/Desktop/Revature training files/etl_proj/src/read.py", line 22, in read_json
    df = pd.read_json(filepath)
         ^^^^^^^^^^^^^^^^^^^^^^
  File "/Users/mattmurno/Desktop/Revature training files/etl_proj/venv/lib/python3.11/site-packages/pandas/io/json/_json.py", line 791, in read_json
    json_reader = JsonReader(
                  ^^^^^^^^^^^
  File "/Users/mattmurno/Desktop/Revature training files/etl_proj/venv/lib/python3.11/site-packages/pandas/io/json/_json.py", line 904, in __init__
    data = self._get_data_from_filepath(filepath_or_buffer)
           ^^^^^^^^^^^^^^^^^^^^^^^^^^^^^^^^^^^^^^^^^^^^^^^^
  File "/Users/mattmurno/Desktop/Revature training files/etl_proj/venv/lib/python3.11/site-packages/pandas/io/json/_json.py", line 960, in _get_data_from_filepath
    raise FileNotFoundError(f"File {filepath_or_buffer} does not exist")
FileNotFoundError: File /private/var/folders/45/mms0wwj51255z_fqrdsfrqzh0000gn/T/pytest-of-mattmurno/pytest-2/test_read_json_missing_file_ra0/does_not_exist.json does not exist
2025-12-04 13:19:11,405 - src.read - INFO - Starting read() for type=xml, path=some/path/file.xml
2025-12-04 13:19:11,406 - src.read - ERROR - Unsupported source type in read(): xml
2025-12-04 13:19:11,409 - src.transform - INFO - Starting transform(): input df has 2 rows x 15 columns
2025-12-04 13:19:11,416 - src.transform - INFO - Built people_df (no nulls): 2 rows x 5 columns
2025-12-04 13:19:11,419 - src.transform - INFO - Built doctors_df (pre-hospital merge, no nulls): 2 rows x 3 columns
2025-12-04 13:19:11,423 - src.transform - INFO - Built hospitals_df (no nulls): 2 rows x 2 columns
2025-12-04 13:19:11,427 - src.transform - INFO - Updated doctors_df after hospital merge: 2 rows x 4 columns
2025-12-04 13:19:11,430 - src.transform - INFO - Built conditions_df (no nulls): 2 rows x 2 columns
2025-12-04 13:19:11,433 - src.transform - INFO - Built insurance_df (no nulls): 1 rows x 2 columns
2025-12-04 13:19:11,444 - src.transform - INFO - Built test_results_df (no nulls): 2 rows x 2 columns
2025-12-04 13:19:11,448 - src.transform - INFO - Built admission_types_df (no nulls): 2 rows x 2 columns
2025-12-04 13:19:11,457 - src.transform - INFO - Finished merges; df is now 2 rows x 27 columns
2025-12-04 13:19:11,470 - src.transform - INFO - Built admissions_df: 2 rows x 12 columns
2025-12-04 13:19:11,470 - src.transform - INFO - After reject split: 2 valid admissions, 0 rejected rows
2025-12-04 13:19:11,470 - src.transform - INFO - transform() completed successfully. Output tables: {'people': (2, 5), 'doctors': (2, 4), 'hospitals': (2, 2), 'conditions': (2, 2), 'insurance': (1, 2), 'admission_types': (2, 2), 'test_results': (2, 2), 'admissions': (2, 12), 'rejects': (0, 16)}
2025-12-04 13:19:11,596 - src.transform - INFO - Starting transform(): input df has 3 rows x 15 columns
2025-12-04 13:19:11,598 - src.transform - INFO - Built people_df (no nulls): 2 rows x 5 columns
2025-12-04 13:19:11,600 - src.transform - INFO - Built doctors_df (pre-hospital merge, no nulls): 2 rows x 3 columns
2025-12-04 13:19:11,604 - src.transform - INFO - Built hospitals_df (no nulls): 2 rows x 2 columns
2025-12-04 13:19:11,606 - src.transform - INFO - Updated doctors_df after hospital merge: 2 rows x 4 columns
2025-12-04 13:19:11,608 - src.transform - INFO - Built conditions_df (no nulls): 2 rows x 2 columns
2025-12-04 13:19:11,611 - src.transform - INFO - Built insurance_df (no nulls): 1 rows x 2 columns
2025-12-04 13:19:11,611 - src.transform - WARNING - test_results_df: 1 invalid or null result_label value(s) dropped before dimension build
2025-12-04 13:19:11,612 - src.transform - INFO - Built test_results_df (no nulls): 2 rows x 2 columns
2025-12-04 13:19:11,617 - src.transform - INFO - Built admission_types_df (no nulls): 2 rows x 2 columns
2025-12-04 13:19:11,625 - src.transform - INFO - Finished merges; df is now 3 rows x 27 columns
2025-12-04 13:19:11,631 - src.transform - INFO - Built admissions_df: 2 rows x 12 columns
2025-12-04 13:19:11,631 - src.transform - INFO - After reject split: 2 valid admissions, 1 rejected rows
2025-12-04 13:19:11,631 - src.transform - INFO - transform() completed successfully. Output tables: {'people': (2, 5), 'doctors': (2, 4), 'hospitals': (2, 2), 'conditions': (2, 2), 'insurance': (1, 2), 'admission_types': (2, 2), 'test_results': (2, 2), 'admissions': (2, 12), 'rejects': (1, 16)}
2025-12-04 13:19:11,633 - src.transform - INFO - Starting transform(): input df has 1 rows x 14 columns
2025-12-04 13:19:11,634 - src.transform - ERROR - transform() failed.
Traceback (most recent call last):
  File "/Users/mattmurno/Desktop/Revature training files/etl_proj/src/transform.py", line 17, in transform
    df[["name", "age", "gender", "blood_type"]]
    ~~^^^^^^^^^^^^^^^^^^^^^^^^^^^^^^^^^^^^^^^^^
  File "/Users/mattmurno/Desktop/Revature training files/etl_proj/venv/lib/python3.11/site-packages/pandas/core/frame.py", line 4119, in __getitem__
    indexer = self.columns._get_indexer_strict(key, "columns")[1]
              ^^^^^^^^^^^^^^^^^^^^^^^^^^^^^^^^^^^^^^^^^^^^^^^^
  File "/Users/mattmurno/Desktop/Revature training files/etl_proj/venv/lib/python3.11/site-packages/pandas/core/indexes/base.py", line 6212, in _get_indexer_strict
    self._raise_if_missing(keyarr, indexer, axis_name)
  File "/Users/mattmurno/Desktop/Revature training files/etl_proj/venv/lib/python3.11/site-packages/pandas/core/indexes/base.py", line 6264, in _raise_if_missing
    raise KeyError(f"{not_found} not in index")
KeyError: "['name'] not in index"
2025-12-04 13:22:58,289 - src.clean - INFO - Starting clean(): input df has 2 rows x 3 columns
2025-12-04 13:22:58,321 - src.clean - INFO - Standardized string columns where present.
2025-12-04 13:22:58,322 - src.clean - INFO - clean() completed. Output df has 2 rows x 3 columns
2025-12-04 13:22:58,333 - src.clean - INFO - Starting clean(): input df has 1 rows x 2 columns
2025-12-04 13:22:58,382 - src.clean - INFO - Standardized string columns where present.
2025-12-04 13:22:58,384 - src.clean - INFO - clean() completed. Output df has 1 rows x 2 columns
2025-12-04 13:22:58,409 - src.load - INFO - Starting load()
2025-12-04 13:22:58,409 - src.load - INFO - Row counts - people=1, hospitals=1, doctors=1, conditions=1, insurance=1, test_results=1, admission_types=1, admissions=1, rejects=1
2025-12-04 13:22:58,410 - src.load - INFO - Connecting to database...
2025-12-04 13:22:58,410 - src.load - INFO - Database connection established.
2025-12-04 13:22:58,410 - src.load - INFO - Creating tables if they do not exist...
2025-12-04 13:22:58,410 - src.load - INFO - Tables created/verified successfully.
2025-12-04 13:22:58,410 - src.load - INFO - Truncating tables and resetting identities...
2025-12-04 13:22:58,410 - src.load - INFO - Tables truncated.
2025-12-04 13:22:58,410 - src.load - INFO - Starting insertion.
2025-12-04 13:22:58,430 - src.load - INFO - Load completed successfully.
2025-12-04 13:22:58,431 - src.load - INFO - Database connection closed. End of load().
2025-12-04 13:22:58,442 - src.load - INFO - Starting load()
2025-12-04 13:22:58,443 - src.load - INFO - Row counts - people=3, hospitals=1, doctors=1, conditions=1, insurance=1, test_results=1, admission_types=1, admissions=1, rejects=1
2025-12-04 13:22:58,443 - src.load - INFO - Connecting to database...
2025-12-04 13:22:58,443 - src.load - INFO - Database connection established.
2025-12-04 13:22:58,443 - src.load - INFO - Creating tables if they do not exist...
2025-12-04 13:22:58,445 - src.load - INFO - Tables created/verified successfully.
2025-12-04 13:22:58,446 - src.load - INFO - Truncating tables and resetting identities...
2025-12-04 13:22:58,446 - src.load - INFO - Tables truncated.
2025-12-04 13:22:58,446 - src.load - INFO - Starting insertion.
2025-12-04 13:22:58,450 - src.load - WARNING - Invalid age 150 for person Too Old; setting age to NULL before insert
2025-12-04 13:22:58,457 - src.load - INFO - Load completed successfully.
2025-12-04 13:22:58,457 - src.load - INFO - Database connection closed. End of load().
2025-12-04 13:22:58,471 - src.load - INFO - Starting load()
2025-12-04 13:22:58,472 - src.load - INFO - Row counts - people=1, hospitals=1, doctors=1, conditions=1, insurance=1, test_results=1, admission_types=1, admissions=1, rejects=1
2025-12-04 13:22:58,472 - src.load - INFO - Connecting to database...
2025-12-04 13:22:58,472 - src.load - INFO - Database connection established.
2025-12-04 13:22:58,472 - src.load - INFO - Creating tables if they do not exist...
2025-12-04 13:22:58,472 - src.load - INFO - Tables created/verified successfully.
2025-12-04 13:22:58,472 - src.load - INFO - Truncating tables and resetting identities...
2025-12-04 13:22:58,472 - src.load - INFO - Tables truncated.
2025-12-04 13:22:58,472 - src.load - INFO - Starting insertion.
2025-12-04 13:22:58,473 - src.load - ERROR - Failed inserting people row: Pandas(person_id=1, name='Error Person', age=40, gender='M', blood_type='AB+')
Traceback (most recent call last):
  File "/Users/mattmurno/Desktop/Revature training files/etl_proj/src/load.py", line 174, in load
    cur.execute(
  File "/Users/mattmurno/Desktop/Revature training files/etl_proj/tests/test_load.py", line 18, in execute
    raise psycopg2.Error("Simulated DB error")
psycopg2.Error: Simulated DB error
2025-12-04 13:22:58,478 - src.load - ERROR - Error in load() while working with the database.
Traceback (most recent call last):
  File "/Users/mattmurno/Desktop/Revature training files/etl_proj/src/load.py", line 174, in load
    cur.execute(
  File "/Users/mattmurno/Desktop/Revature training files/etl_proj/tests/test_load.py", line 18, in execute
    raise psycopg2.Error("Simulated DB error")
psycopg2.Error: Simulated DB error
2025-12-04 13:22:58,480 - src.load - INFO - Transaction rolled back due to error.
2025-12-04 13:22:58,480 - src.load - INFO - Database connection closed. End of load().
2025-12-04 13:22:58,505 - src.read - INFO - Reading CSV file from /private/var/folders/45/mms0wwj51255z_fqrdsfrqzh0000gn/T/pytest-of-mattmurno/pytest-3/test_read_csv_success0/test.csv
2025-12-04 13:22:58,522 - src.read - INFO - Successfully read CSV: 2 rows x 2 columns
2025-12-04 13:22:58,539 - src.read - INFO - Reading JSON file from /private/var/folders/45/mms0wwj51255z_fqrdsfrqzh0000gn/T/pytest-of-mattmurno/pytest-3/test_read_json_success0/test.json
2025-12-04 13:22:58,565 - src.read - INFO - Successfully read JSON: 2 rows x 2 columns
2025-12-04 13:22:58,575 - src.read - INFO - Starting read() for type=csv, path=/private/var/folders/45/mms0wwj51255z_fqrdsfrqzh0000gn/T/pytest-of-mattmurno/pytest-3/test_read_dispatches_to_csv0/test.csv
2025-12-04 13:22:58,576 - src.read - INFO - Reading CSV file from /private/var/folders/45/mms0wwj51255z_fqrdsfrqzh0000gn/T/pytest-of-mattmurno/pytest-3/test_read_dispatches_to_csv0/test.csv
2025-12-04 13:22:58,582 - src.read - INFO - Successfully read CSV: 2 rows x 2 columns
2025-12-04 13:22:58,598 - src.read - INFO - Starting read() for type=json, path=/private/var/folders/45/mms0wwj51255z_fqrdsfrqzh0000gn/T/pytest-of-mattmurno/pytest-3/test_read_dispatches_to_json0/test.json
2025-12-04 13:22:58,598 - src.read - INFO - Reading JSON file from /private/var/folders/45/mms0wwj51255z_fqrdsfrqzh0000gn/T/pytest-of-mattmurno/pytest-3/test_read_dispatches_to_json0/test.json
2025-12-04 13:22:58,604 - src.read - INFO - Successfully read JSON: 2 rows x 2 columns
2025-12-04 13:22:58,608 - src.read - INFO - Reading CSV file from /private/var/folders/45/mms0wwj51255z_fqrdsfrqzh0000gn/T/pytest-of-mattmurno/pytest-3/test_read_csv_missing_file_rai0/does_not_exist.csv
2025-12-04 13:22:58,609 - src.read - ERROR - Failed to read CSV file from /private/var/folders/45/mms0wwj51255z_fqrdsfrqzh0000gn/T/pytest-of-mattmurno/pytest-3/test_read_csv_missing_file_rai0/does_not_exist.csv
Traceback (most recent call last):
  File "/Users/mattmurno/Desktop/Revature training files/etl_proj/src/read.py", line 11, in read_csv
    df = pd.read_csv(filepath)
         ^^^^^^^^^^^^^^^^^^^^^
  File "/Users/mattmurno/Desktop/Revature training files/etl_proj/venv/lib/python3.11/site-packages/pandas/io/parsers/readers.py", line 1026, in read_csv
    return _read(filepath_or_buffer, kwds)
           ^^^^^^^^^^^^^^^^^^^^^^^^^^^^^^^
  File "/Users/mattmurno/Desktop/Revature training files/etl_proj/venv/lib/python3.11/site-packages/pandas/io/parsers/readers.py", line 620, in _read
    parser = TextFileReader(filepath_or_buffer, **kwds)
             ^^^^^^^^^^^^^^^^^^^^^^^^^^^^^^^^^^^^^^^^^^
  File "/Users/mattmurno/Desktop/Revature training files/etl_proj/venv/lib/python3.11/site-packages/pandas/io/parsers/readers.py", line 1620, in __init__
    self._engine = self._make_engine(f, self.engine)
                   ^^^^^^^^^^^^^^^^^^^^^^^^^^^^^^^^^
  File "/Users/mattmurno/Desktop/Revature training files/etl_proj/venv/lib/python3.11/site-packages/pandas/io/parsers/readers.py", line 1880, in _make_engine
    self.handles = get_handle(
                   ^^^^^^^^^^^
  File "/Users/mattmurno/Desktop/Revature training files/etl_proj/venv/lib/python3.11/site-packages/pandas/io/common.py", line 873, in get_handle
    handle = open(
             ^^^^^
FileNotFoundError: [Errno 2] No such file or directory: '/private/var/folders/45/mms0wwj51255z_fqrdsfrqzh0000gn/T/pytest-of-mattmurno/pytest-3/test_read_csv_missing_file_rai0/does_not_exist.csv'
2025-12-04 13:22:58,625 - src.read - INFO - Reading JSON file from /private/var/folders/45/mms0wwj51255z_fqrdsfrqzh0000gn/T/pytest-of-mattmurno/pytest-3/test_read_json_missing_file_ra0/does_not_exist.json
2025-12-04 13:22:58,625 - src.read - ERROR - Failed to read JSON file from /private/var/folders/45/mms0wwj51255z_fqrdsfrqzh0000gn/T/pytest-of-mattmurno/pytest-3/test_read_json_missing_file_ra0/does_not_exist.json
Traceback (most recent call last):
  File "/Users/mattmurno/Desktop/Revature training files/etl_proj/src/read.py", line 22, in read_json
    df = pd.read_json(filepath)
         ^^^^^^^^^^^^^^^^^^^^^^
  File "/Users/mattmurno/Desktop/Revature training files/etl_proj/venv/lib/python3.11/site-packages/pandas/io/json/_json.py", line 791, in read_json
    json_reader = JsonReader(
                  ^^^^^^^^^^^
  File "/Users/mattmurno/Desktop/Revature training files/etl_proj/venv/lib/python3.11/site-packages/pandas/io/json/_json.py", line 904, in __init__
    data = self._get_data_from_filepath(filepath_or_buffer)
           ^^^^^^^^^^^^^^^^^^^^^^^^^^^^^^^^^^^^^^^^^^^^^^^^
  File "/Users/mattmurno/Desktop/Revature training files/etl_proj/venv/lib/python3.11/site-packages/pandas/io/json/_json.py", line 960, in _get_data_from_filepath
    raise FileNotFoundError(f"File {filepath_or_buffer} does not exist")
FileNotFoundError: File /private/var/folders/45/mms0wwj51255z_fqrdsfrqzh0000gn/T/pytest-of-mattmurno/pytest-3/test_read_json_missing_file_ra0/does_not_exist.json does not exist
2025-12-04 13:22:58,632 - src.read - INFO - Starting read() for type=xml, path=some/path/file.xml
2025-12-04 13:22:58,633 - src.read - ERROR - Unsupported source type in read(): xml
2025-12-04 13:22:58,636 - src.transform - INFO - Starting transform(): input df has 2 rows x 15 columns
2025-12-04 13:22:58,661 - src.transform - INFO - Built people_df (no nulls): 2 rows x 5 columns
2025-12-04 13:22:58,664 - src.transform - INFO - Built doctors_df (pre-hospital merge, no nulls): 2 rows x 3 columns
2025-12-04 13:22:58,669 - src.transform - INFO - Built hospitals_df (no nulls): 2 rows x 2 columns
2025-12-04 13:22:58,686 - src.transform - INFO - Updated doctors_df after hospital merge: 2 rows x 4 columns
2025-12-04 13:22:58,689 - src.transform - INFO - Built conditions_df (no nulls): 2 rows x 2 columns
2025-12-04 13:22:58,695 - src.transform - INFO - Built insurance_df (no nulls): 1 rows x 2 columns
2025-12-04 13:22:58,700 - src.transform - INFO - Built test_results_df (no nulls): 2 rows x 2 columns
2025-12-04 13:22:58,703 - src.transform - INFO - Built admission_types_df (no nulls): 2 rows x 2 columns
2025-12-04 13:22:58,717 - src.transform - INFO - Finished merges; df is now 2 rows x 27 columns
2025-12-04 13:22:58,725 - src.transform - INFO - Built admissions_df: 2 rows x 12 columns
2025-12-04 13:22:58,725 - src.transform - INFO - After reject split: 2 valid admissions, 0 rejected rows
2025-12-04 13:22:58,725 - src.transform - INFO - transform() completed successfully. Output tables: {'people': (2, 5), 'doctors': (2, 4), 'hospitals': (2, 2), 'conditions': (2, 2), 'insurance': (1, 2), 'admission_types': (2, 2), 'test_results': (2, 2), 'admissions': (2, 12), 'rejects': (0, 16)}
2025-12-04 13:22:58,908 - src.transform - INFO - Starting transform(): input df has 3 rows x 15 columns
2025-12-04 13:22:58,912 - src.transform - INFO - Built people_df (no nulls): 2 rows x 5 columns
2025-12-04 13:22:58,916 - src.transform - INFO - Built doctors_df (pre-hospital merge, no nulls): 2 rows x 3 columns
2025-12-04 13:22:58,920 - src.transform - INFO - Built hospitals_df (no nulls): 2 rows x 2 columns
2025-12-04 13:22:58,925 - src.transform - INFO - Updated doctors_df after hospital merge: 2 rows x 4 columns
2025-12-04 13:22:58,929 - src.transform - INFO - Built conditions_df (no nulls): 2 rows x 2 columns
2025-12-04 13:22:58,933 - src.transform - INFO - Built insurance_df (no nulls): 1 rows x 2 columns
2025-12-04 13:22:58,935 - src.transform - WARNING - test_results_df: 1 invalid or null result_label value(s) dropped before dimension build
2025-12-04 13:22:58,937 - src.transform - INFO - Built test_results_df (no nulls): 2 rows x 2 columns
2025-12-04 13:22:58,940 - src.transform - INFO - Built admission_types_df (no nulls): 2 rows x 2 columns
2025-12-04 13:22:58,952 - src.transform - INFO - Finished merges; df is now 3 rows x 27 columns
2025-12-04 13:22:58,958 - src.transform - INFO - Built admissions_df: 2 rows x 12 columns
2025-12-04 13:22:58,958 - src.transform - INFO - After reject split: 2 valid admissions, 1 rejected rows
2025-12-04 13:22:58,958 - src.transform - INFO - transform() completed successfully. Output tables: {'people': (2, 5), 'doctors': (2, 4), 'hospitals': (2, 2), 'conditions': (2, 2), 'insurance': (1, 2), 'admission_types': (2, 2), 'test_results': (2, 2), 'admissions': (2, 12), 'rejects': (1, 16)}
2025-12-04 13:22:58,961 - src.transform - INFO - Starting transform(): input df has 1 rows x 14 columns
2025-12-04 13:22:58,962 - src.transform - ERROR - transform() failed.
Traceback (most recent call last):
  File "/Users/mattmurno/Desktop/Revature training files/etl_proj/src/transform.py", line 17, in transform
    df[["name", "age", "gender", "blood_type"]]
    ~~^^^^^^^^^^^^^^^^^^^^^^^^^^^^^^^^^^^^^^^^^
  File "/Users/mattmurno/Desktop/Revature training files/etl_proj/venv/lib/python3.11/site-packages/pandas/core/frame.py", line 4119, in __getitem__
    indexer = self.columns._get_indexer_strict(key, "columns")[1]
              ^^^^^^^^^^^^^^^^^^^^^^^^^^^^^^^^^^^^^^^^^^^^^^^^
  File "/Users/mattmurno/Desktop/Revature training files/etl_proj/venv/lib/python3.11/site-packages/pandas/core/indexes/base.py", line 6212, in _get_indexer_strict
    self._raise_if_missing(keyarr, indexer, axis_name)
  File "/Users/mattmurno/Desktop/Revature training files/etl_proj/venv/lib/python3.11/site-packages/pandas/core/indexes/base.py", line 6264, in _raise_if_missing
    raise KeyError(f"{not_found} not in index")
KeyError: "['name'] not in index"
2025-12-04 13:23:37,609 - src.clean - INFO - Starting clean(): input df has 2 rows x 3 columns
2025-12-04 13:23:37,623 - src.clean - INFO - Standardized string columns where present.
2025-12-04 13:23:37,624 - src.clean - INFO - clean() completed. Output df has 2 rows x 3 columns
2025-12-04 13:23:37,628 - src.clean - INFO - Starting clean(): input df has 1 rows x 2 columns
2025-12-04 13:23:37,636 - src.clean - INFO - Standardized string columns where present.
2025-12-04 13:23:37,637 - src.clean - INFO - clean() completed. Output df has 1 rows x 2 columns
2025-12-04 13:23:37,649 - src.load - INFO - Starting load()
2025-12-04 13:23:37,649 - src.load - INFO - Row counts - people=1, hospitals=1, doctors=1, conditions=1, insurance=1, test_results=1, admission_types=1, admissions=1, rejects=1
2025-12-04 13:23:37,649 - src.load - INFO - Connecting to database...
2025-12-04 13:23:37,650 - src.load - INFO - Database connection established.
2025-12-04 13:23:37,650 - src.load - INFO - Creating tables if they do not exist...
2025-12-04 13:23:37,650 - src.load - INFO - Tables created/verified successfully.
2025-12-04 13:23:37,650 - src.load - INFO - Truncating tables and resetting identities...
2025-12-04 13:23:37,650 - src.load - INFO - Tables truncated.
2025-12-04 13:23:37,650 - src.load - INFO - Starting insertion.
2025-12-04 13:23:37,656 - src.load - INFO - Load completed successfully.
2025-12-04 13:23:37,656 - src.load - INFO - Database connection closed. End of load().
2025-12-04 13:23:37,663 - src.load - INFO - Starting load()
2025-12-04 13:23:37,663 - src.load - INFO - Row counts - people=3, hospitals=1, doctors=1, conditions=1, insurance=1, test_results=1, admission_types=1, admissions=1, rejects=1
2025-12-04 13:23:37,663 - src.load - INFO - Connecting to database...
2025-12-04 13:23:37,664 - src.load - INFO - Database connection established.
2025-12-04 13:23:37,664 - src.load - INFO - Creating tables if they do not exist...
2025-12-04 13:23:37,664 - src.load - INFO - Tables created/verified successfully.
2025-12-04 13:23:37,664 - src.load - INFO - Truncating tables and resetting identities...
2025-12-04 13:23:37,664 - src.load - INFO - Tables truncated.
2025-12-04 13:23:37,664 - src.load - INFO - Starting insertion.
2025-12-04 13:23:37,665 - src.load - WARNING - Invalid age 150 for person Too Old; setting age to NULL before insert
2025-12-04 13:23:37,671 - src.load - INFO - Load completed successfully.
2025-12-04 13:23:37,671 - src.load - INFO - Database connection closed. End of load().
2025-12-04 13:23:37,679 - src.load - INFO - Starting load()
2025-12-04 13:23:37,679 - src.load - INFO - Row counts - people=1, hospitals=1, doctors=1, conditions=1, insurance=1, test_results=1, admission_types=1, admissions=1, rejects=1
2025-12-04 13:23:37,679 - src.load - INFO - Connecting to database...
2025-12-04 13:23:37,679 - src.load - INFO - Database connection established.
2025-12-04 13:23:37,679 - src.load - INFO - Creating tables if they do not exist...
2025-12-04 13:23:37,679 - src.load - INFO - Tables created/verified successfully.
2025-12-04 13:23:37,679 - src.load - INFO - Truncating tables and resetting identities...
2025-12-04 13:23:37,680 - src.load - INFO - Tables truncated.
2025-12-04 13:23:37,680 - src.load - INFO - Starting insertion.
2025-12-04 13:23:37,680 - src.load - ERROR - Failed inserting people row: Pandas(person_id=1, name='Error Person', age=40, gender='M', blood_type='AB+')
Traceback (most recent call last):
  File "/Users/mattmurno/Desktop/Revature training files/etl_proj/src/load.py", line 174, in load
    cur.execute(
  File "/Users/mattmurno/Desktop/Revature training files/etl_proj/tests/test_load.py", line 18, in execute
    raise psycopg2.Error("Simulated DB error")
psycopg2.Error: Simulated DB error
2025-12-04 13:23:37,682 - src.load - ERROR - Error in load() while working with the database.
Traceback (most recent call last):
  File "/Users/mattmurno/Desktop/Revature training files/etl_proj/src/load.py", line 174, in load
    cur.execute(
  File "/Users/mattmurno/Desktop/Revature training files/etl_proj/tests/test_load.py", line 18, in execute
    raise psycopg2.Error("Simulated DB error")
psycopg2.Error: Simulated DB error
2025-12-04 13:23:37,682 - src.load - INFO - Transaction rolled back due to error.
2025-12-04 13:23:37,682 - src.load - INFO - Database connection closed. End of load().
2025-12-04 13:23:37,696 - src.read - INFO - Reading CSV file from /private/var/folders/45/mms0wwj51255z_fqrdsfrqzh0000gn/T/pytest-of-mattmurno/pytest-4/test_read_csv_success0/test.csv
2025-12-04 13:23:37,701 - src.read - INFO - Successfully read CSV: 2 rows x 2 columns
2025-12-04 13:23:37,706 - src.read - INFO - Reading JSON file from /private/var/folders/45/mms0wwj51255z_fqrdsfrqzh0000gn/T/pytest-of-mattmurno/pytest-4/test_read_json_success0/test.json
2025-12-04 13:23:37,718 - src.read - INFO - Successfully read JSON: 2 rows x 2 columns
2025-12-04 13:23:37,724 - src.read - INFO - Starting read() for type=csv, path=/private/var/folders/45/mms0wwj51255z_fqrdsfrqzh0000gn/T/pytest-of-mattmurno/pytest-4/test_read_dispatches_to_csv0/test.csv
2025-12-04 13:23:37,725 - src.read - INFO - Reading CSV file from /private/var/folders/45/mms0wwj51255z_fqrdsfrqzh0000gn/T/pytest-of-mattmurno/pytest-4/test_read_dispatches_to_csv0/test.csv
2025-12-04 13:23:37,727 - src.read - INFO - Successfully read CSV: 2 rows x 2 columns
2025-12-04 13:23:37,793 - src.read - INFO - Starting read() for type=json, path=/private/var/folders/45/mms0wwj51255z_fqrdsfrqzh0000gn/T/pytest-of-mattmurno/pytest-4/test_read_dispatches_to_json0/test.json
2025-12-04 13:23:37,794 - src.read - INFO - Reading JSON file from /private/var/folders/45/mms0wwj51255z_fqrdsfrqzh0000gn/T/pytest-of-mattmurno/pytest-4/test_read_dispatches_to_json0/test.json
2025-12-04 13:23:37,807 - src.read - INFO - Successfully read JSON: 2 rows x 2 columns
2025-12-04 13:23:37,814 - src.read - INFO - Reading CSV file from /private/var/folders/45/mms0wwj51255z_fqrdsfrqzh0000gn/T/pytest-of-mattmurno/pytest-4/test_read_csv_missing_file_rai0/does_not_exist.csv
2025-12-04 13:23:37,814 - src.read - ERROR - Failed to read CSV file from /private/var/folders/45/mms0wwj51255z_fqrdsfrqzh0000gn/T/pytest-of-mattmurno/pytest-4/test_read_csv_missing_file_rai0/does_not_exist.csv
Traceback (most recent call last):
  File "/Users/mattmurno/Desktop/Revature training files/etl_proj/src/read.py", line 11, in read_csv
    df = pd.read_csv(filepath)
         ^^^^^^^^^^^^^^^^^^^^^
  File "/Users/mattmurno/Desktop/Revature training files/etl_proj/venv/lib/python3.11/site-packages/pandas/io/parsers/readers.py", line 1026, in read_csv
    return _read(filepath_or_buffer, kwds)
           ^^^^^^^^^^^^^^^^^^^^^^^^^^^^^^^
  File "/Users/mattmurno/Desktop/Revature training files/etl_proj/venv/lib/python3.11/site-packages/pandas/io/parsers/readers.py", line 620, in _read
    parser = TextFileReader(filepath_or_buffer, **kwds)
             ^^^^^^^^^^^^^^^^^^^^^^^^^^^^^^^^^^^^^^^^^^
  File "/Users/mattmurno/Desktop/Revature training files/etl_proj/venv/lib/python3.11/site-packages/pandas/io/parsers/readers.py", line 1620, in __init__
    self._engine = self._make_engine(f, self.engine)
                   ^^^^^^^^^^^^^^^^^^^^^^^^^^^^^^^^^
  File "/Users/mattmurno/Desktop/Revature training files/etl_proj/venv/lib/python3.11/site-packages/pandas/io/parsers/readers.py", line 1880, in _make_engine
    self.handles = get_handle(
                   ^^^^^^^^^^^
  File "/Users/mattmurno/Desktop/Revature training files/etl_proj/venv/lib/python3.11/site-packages/pandas/io/common.py", line 873, in get_handle
    handle = open(
             ^^^^^
FileNotFoundError: [Errno 2] No such file or directory: '/private/var/folders/45/mms0wwj51255z_fqrdsfrqzh0000gn/T/pytest-of-mattmurno/pytest-4/test_read_csv_missing_file_rai0/does_not_exist.csv'
2025-12-04 13:23:37,831 - src.read - INFO - Reading JSON file from /private/var/folders/45/mms0wwj51255z_fqrdsfrqzh0000gn/T/pytest-of-mattmurno/pytest-4/test_read_json_missing_file_ra0/does_not_exist.json
2025-12-04 13:23:37,832 - src.read - ERROR - Failed to read JSON file from /private/var/folders/45/mms0wwj51255z_fqrdsfrqzh0000gn/T/pytest-of-mattmurno/pytest-4/test_read_json_missing_file_ra0/does_not_exist.json
Traceback (most recent call last):
  File "/Users/mattmurno/Desktop/Revature training files/etl_proj/src/read.py", line 22, in read_json
    df = pd.read_json(filepath)
         ^^^^^^^^^^^^^^^^^^^^^^
  File "/Users/mattmurno/Desktop/Revature training files/etl_proj/venv/lib/python3.11/site-packages/pandas/io/json/_json.py", line 791, in read_json
    json_reader = JsonReader(
                  ^^^^^^^^^^^
  File "/Users/mattmurno/Desktop/Revature training files/etl_proj/venv/lib/python3.11/site-packages/pandas/io/json/_json.py", line 904, in __init__
    data = self._get_data_from_filepath(filepath_or_buffer)
           ^^^^^^^^^^^^^^^^^^^^^^^^^^^^^^^^^^^^^^^^^^^^^^^^
  File "/Users/mattmurno/Desktop/Revature training files/etl_proj/venv/lib/python3.11/site-packages/pandas/io/json/_json.py", line 960, in _get_data_from_filepath
    raise FileNotFoundError(f"File {filepath_or_buffer} does not exist")
FileNotFoundError: File /private/var/folders/45/mms0wwj51255z_fqrdsfrqzh0000gn/T/pytest-of-mattmurno/pytest-4/test_read_json_missing_file_ra0/does_not_exist.json does not exist
2025-12-04 13:23:37,842 - src.read - INFO - Starting read() for type=xml, path=some/path/file.xml
2025-12-04 13:23:37,842 - src.read - ERROR - Unsupported source type in read(): xml
2025-12-04 13:23:37,848 - src.transform - INFO - Starting transform(): input df has 2 rows x 15 columns
2025-12-04 13:23:37,858 - src.transform - INFO - Built people_df (no nulls): 2 rows x 5 columns
2025-12-04 13:23:37,861 - src.transform - INFO - Built doctors_df (pre-hospital merge, no nulls): 2 rows x 3 columns
2025-12-04 13:23:37,869 - src.transform - INFO - Built hospitals_df (no nulls): 2 rows x 2 columns
2025-12-04 13:23:37,877 - src.transform - INFO - Updated doctors_df after hospital merge: 2 rows x 4 columns
2025-12-04 13:23:37,880 - src.transform - INFO - Built conditions_df (no nulls): 2 rows x 2 columns
2025-12-04 13:23:37,885 - src.transform - INFO - Built insurance_df (no nulls): 1 rows x 2 columns
2025-12-04 13:23:37,965 - src.transform - INFO - Built test_results_df (no nulls): 2 rows x 2 columns
2025-12-04 13:23:37,993 - src.transform - INFO - Built admission_types_df (no nulls): 2 rows x 2 columns
2025-12-04 13:23:38,004 - src.transform - INFO - Finished merges; df is now 2 rows x 27 columns
2025-12-04 13:23:38,011 - src.transform - INFO - Built admissions_df: 2 rows x 12 columns
2025-12-04 13:23:38,011 - src.transform - INFO - After reject split: 2 valid admissions, 0 rejected rows
2025-12-04 13:23:38,011 - src.transform - INFO - transform() completed successfully. Output tables: {'people': (2, 5), 'doctors': (2, 4), 'hospitals': (2, 2), 'conditions': (2, 2), 'insurance': (1, 2), 'admission_types': (2, 2), 'test_results': (2, 2), 'admissions': (2, 12), 'rejects': (0, 16)}
2025-12-04 13:23:38,016 - src.transform - INFO - Starting transform(): input df has 3 rows x 15 columns
2025-12-04 13:23:38,027 - src.transform - INFO - Built people_df (no nulls): 2 rows x 5 columns
2025-12-04 13:23:38,029 - src.transform - INFO - Built doctors_df (pre-hospital merge, no nulls): 2 rows x 3 columns
2025-12-04 13:23:38,034 - src.transform - INFO - Built hospitals_df (no nulls): 2 rows x 2 columns
2025-12-04 13:23:38,038 - src.transform - INFO - Updated doctors_df after hospital merge: 2 rows x 4 columns
2025-12-04 13:23:38,041 - src.transform - INFO - Built conditions_df (no nulls): 2 rows x 2 columns
2025-12-04 13:23:38,044 - src.transform - INFO - Built insurance_df (no nulls): 1 rows x 2 columns
2025-12-04 13:23:38,046 - src.transform - WARNING - test_results_df: 1 invalid or null result_label value(s) dropped before dimension build
2025-12-04 13:23:38,048 - src.transform - INFO - Built test_results_df (no nulls): 2 rows x 2 columns
2025-12-04 13:23:38,052 - src.transform - INFO - Built admission_types_df (no nulls): 2 rows x 2 columns
2025-12-04 13:23:38,064 - src.transform - INFO - Finished merges; df is now 3 rows x 27 columns
2025-12-04 13:23:38,070 - src.transform - INFO - Built admissions_df: 2 rows x 12 columns
2025-12-04 13:23:38,070 - src.transform - INFO - After reject split: 2 valid admissions, 1 rejected rows
2025-12-04 13:23:38,070 - src.transform - INFO - transform() completed successfully. Output tables: {'people': (2, 5), 'doctors': (2, 4), 'hospitals': (2, 2), 'conditions': (2, 2), 'insurance': (1, 2), 'admission_types': (2, 2), 'test_results': (2, 2), 'admissions': (2, 12), 'rejects': (1, 16)}
2025-12-04 13:23:38,074 - src.transform - INFO - Starting transform(): input df has 1 rows x 14 columns
2025-12-04 13:23:38,075 - src.transform - ERROR - transform() failed.
Traceback (most recent call last):
  File "/Users/mattmurno/Desktop/Revature training files/etl_proj/src/transform.py", line 17, in transform
    df[["name", "age", "gender", "blood_type"]]
    ~~^^^^^^^^^^^^^^^^^^^^^^^^^^^^^^^^^^^^^^^^^
  File "/Users/mattmurno/Desktop/Revature training files/etl_proj/venv/lib/python3.11/site-packages/pandas/core/frame.py", line 4119, in __getitem__
    indexer = self.columns._get_indexer_strict(key, "columns")[1]
              ^^^^^^^^^^^^^^^^^^^^^^^^^^^^^^^^^^^^^^^^^^^^^^^^
  File "/Users/mattmurno/Desktop/Revature training files/etl_proj/venv/lib/python3.11/site-packages/pandas/core/indexes/base.py", line 6212, in _get_indexer_strict
    self._raise_if_missing(keyarr, indexer, axis_name)
  File "/Users/mattmurno/Desktop/Revature training files/etl_proj/venv/lib/python3.11/site-packages/pandas/core/indexes/base.py", line 6264, in _raise_if_missing
    raise KeyError(f"{not_found} not in index")
KeyError: "['name'] not in index"
2025-12-04 13:24:31,234 - src.clean - INFO - Starting clean(): input df has 2 rows x 3 columns
2025-12-04 13:24:31,281 - src.clean - INFO - Standardized string columns where present.
2025-12-04 13:24:31,282 - src.clean - INFO - clean() completed. Output df has 2 rows x 3 columns
2025-12-04 13:24:31,285 - src.clean - INFO - Starting clean(): input df has 1 rows x 2 columns
2025-12-04 13:24:31,291 - src.clean - INFO - Standardized string columns where present.
2025-12-04 13:24:31,291 - src.clean - INFO - clean() completed. Output df has 1 rows x 2 columns
2025-12-04 13:24:31,303 - src.load - INFO - Starting load()
2025-12-04 13:24:31,303 - src.load - INFO - Row counts - people=1, hospitals=1, doctors=1, conditions=1, insurance=1, test_results=1, admission_types=1, admissions=1, rejects=1
2025-12-04 13:24:31,303 - src.load - INFO - Connecting to database...
2025-12-04 13:24:31,304 - src.load - INFO - Database connection established.
2025-12-04 13:24:31,304 - src.load - INFO - Creating tables if they do not exist...
2025-12-04 13:24:31,304 - src.load - INFO - Tables created/verified successfully.
2025-12-04 13:24:31,304 - src.load - INFO - Truncating tables and resetting identities...
2025-12-04 13:24:31,304 - src.load - INFO - Tables truncated.
2025-12-04 13:24:31,304 - src.load - INFO - Starting insertion.
2025-12-04 13:24:31,314 - src.load - INFO - Load completed successfully.
2025-12-04 13:24:31,315 - src.load - INFO - Database connection closed. End of load().
2025-12-04 13:24:31,321 - src.load - INFO - Starting load()
2025-12-04 13:24:31,321 - src.load - INFO - Row counts - people=3, hospitals=1, doctors=1, conditions=1, insurance=1, test_results=1, admission_types=1, admissions=1, rejects=1
2025-12-04 13:24:31,322 - src.load - INFO - Connecting to database...
2025-12-04 13:24:31,322 - src.load - INFO - Database connection established.
2025-12-04 13:24:31,323 - src.load - INFO - Creating tables if they do not exist...
2025-12-04 13:24:31,323 - src.load - INFO - Tables created/verified successfully.
2025-12-04 13:24:31,323 - src.load - INFO - Truncating tables and resetting identities...
2025-12-04 13:24:31,324 - src.load - INFO - Tables truncated.
2025-12-04 13:24:31,324 - src.load - INFO - Starting insertion.
2025-12-04 13:24:31,324 - src.load - WARNING - Invalid age 150 for person Too Old; setting age to NULL before insert
2025-12-04 13:24:31,330 - src.load - INFO - Load completed successfully.
2025-12-04 13:24:31,330 - src.load - INFO - Database connection closed. End of load().
2025-12-04 13:24:31,338 - src.load - INFO - Starting load()
2025-12-04 13:24:31,339 - src.load - INFO - Row counts - people=1, hospitals=1, doctors=1, conditions=1, insurance=1, test_results=1, admission_types=1, admissions=1, rejects=1
2025-12-04 13:24:31,339 - src.load - INFO - Connecting to database...
2025-12-04 13:24:31,339 - src.load - INFO - Database connection established.
2025-12-04 13:24:31,339 - src.load - INFO - Creating tables if they do not exist...
2025-12-04 13:24:31,339 - src.load - INFO - Tables created/verified successfully.
2025-12-04 13:24:31,339 - src.load - INFO - Truncating tables and resetting identities...
2025-12-04 13:24:31,339 - src.load - INFO - Tables truncated.
2025-12-04 13:24:31,339 - src.load - INFO - Starting insertion.
2025-12-04 13:24:31,341 - src.load - ERROR - Failed inserting people row: Pandas(person_id=1, name='Error Person', age=40, gender='M', blood_type='AB+')
Traceback (most recent call last):
  File "/Users/mattmurno/Desktop/Revature training files/etl_proj/src/load.py", line 174, in load
    cur.execute(
  File "/Users/mattmurno/Desktop/Revature training files/etl_proj/tests/test_load.py", line 18, in execute
    raise psycopg2.Error("Simulated DB error")
psycopg2.Error: Simulated DB error
2025-12-04 13:24:31,351 - src.load - ERROR - Error in load() while working with the database.
Traceback (most recent call last):
  File "/Users/mattmurno/Desktop/Revature training files/etl_proj/src/load.py", line 174, in load
    cur.execute(
  File "/Users/mattmurno/Desktop/Revature training files/etl_proj/tests/test_load.py", line 18, in execute
    raise psycopg2.Error("Simulated DB error")
psycopg2.Error: Simulated DB error
2025-12-04 13:24:31,352 - src.load - INFO - Transaction rolled back due to error.
2025-12-04 13:24:31,352 - src.load - INFO - Database connection closed. End of load().
2025-12-04 13:24:31,370 - src.read - INFO - Reading CSV file from /private/var/folders/45/mms0wwj51255z_fqrdsfrqzh0000gn/T/pytest-of-mattmurno/pytest-5/test_read_csv_success0/test.csv
2025-12-04 13:24:31,373 - src.read - INFO - Successfully read CSV: 2 rows x 2 columns
2025-12-04 13:24:31,378 - src.read - INFO - Reading JSON file from /private/var/folders/45/mms0wwj51255z_fqrdsfrqzh0000gn/T/pytest-of-mattmurno/pytest-5/test_read_json_success0/test.json
2025-12-04 13:24:31,386 - src.read - INFO - Successfully read JSON: 2 rows x 2 columns
2025-12-04 13:24:31,391 - src.read - INFO - Starting read() for type=csv, path=/private/var/folders/45/mms0wwj51255z_fqrdsfrqzh0000gn/T/pytest-of-mattmurno/pytest-5/test_read_dispatches_to_csv0/test.csv
2025-12-04 13:24:31,391 - src.read - INFO - Reading CSV file from /private/var/folders/45/mms0wwj51255z_fqrdsfrqzh0000gn/T/pytest-of-mattmurno/pytest-5/test_read_dispatches_to_csv0/test.csv
2025-12-04 13:24:31,393 - src.read - INFO - Successfully read CSV: 2 rows x 2 columns
2025-12-04 13:24:31,402 - src.read - INFO - Starting read() for type=json, path=/private/var/folders/45/mms0wwj51255z_fqrdsfrqzh0000gn/T/pytest-of-mattmurno/pytest-5/test_read_dispatches_to_json0/test.json
2025-12-04 13:24:31,402 - src.read - INFO - Reading JSON file from /private/var/folders/45/mms0wwj51255z_fqrdsfrqzh0000gn/T/pytest-of-mattmurno/pytest-5/test_read_dispatches_to_json0/test.json
2025-12-04 13:24:31,410 - src.read - INFO - Successfully read JSON: 2 rows x 2 columns
2025-12-04 13:24:31,426 - src.read - INFO - Reading CSV file from /private/var/folders/45/mms0wwj51255z_fqrdsfrqzh0000gn/T/pytest-of-mattmurno/pytest-5/test_read_csv_missing_file_rai0/does_not_exist.csv
2025-12-04 13:24:31,426 - src.read - ERROR - Failed to read CSV file from /private/var/folders/45/mms0wwj51255z_fqrdsfrqzh0000gn/T/pytest-of-mattmurno/pytest-5/test_read_csv_missing_file_rai0/does_not_exist.csv
Traceback (most recent call last):
  File "/Users/mattmurno/Desktop/Revature training files/etl_proj/src/read.py", line 11, in read_csv
    df = pd.read_csv(filepath)
         ^^^^^^^^^^^^^^^^^^^^^
  File "/Users/mattmurno/Desktop/Revature training files/etl_proj/venv/lib/python3.11/site-packages/pandas/io/parsers/readers.py", line 1026, in read_csv
    return _read(filepath_or_buffer, kwds)
           ^^^^^^^^^^^^^^^^^^^^^^^^^^^^^^^
  File "/Users/mattmurno/Desktop/Revature training files/etl_proj/venv/lib/python3.11/site-packages/pandas/io/parsers/readers.py", line 620, in _read
    parser = TextFileReader(filepath_or_buffer, **kwds)
             ^^^^^^^^^^^^^^^^^^^^^^^^^^^^^^^^^^^^^^^^^^
  File "/Users/mattmurno/Desktop/Revature training files/etl_proj/venv/lib/python3.11/site-packages/pandas/io/parsers/readers.py", line 1620, in __init__
    self._engine = self._make_engine(f, self.engine)
                   ^^^^^^^^^^^^^^^^^^^^^^^^^^^^^^^^^
  File "/Users/mattmurno/Desktop/Revature training files/etl_proj/venv/lib/python3.11/site-packages/pandas/io/parsers/readers.py", line 1880, in _make_engine
    self.handles = get_handle(
                   ^^^^^^^^^^^
  File "/Users/mattmurno/Desktop/Revature training files/etl_proj/venv/lib/python3.11/site-packages/pandas/io/common.py", line 873, in get_handle
    handle = open(
             ^^^^^
FileNotFoundError: [Errno 2] No such file or directory: '/private/var/folders/45/mms0wwj51255z_fqrdsfrqzh0000gn/T/pytest-of-mattmurno/pytest-5/test_read_csv_missing_file_rai0/does_not_exist.csv'
2025-12-04 13:24:31,440 - src.read - INFO - Reading JSON file from /private/var/folders/45/mms0wwj51255z_fqrdsfrqzh0000gn/T/pytest-of-mattmurno/pytest-5/test_read_json_missing_file_ra0/does_not_exist.json
2025-12-04 13:24:31,440 - src.read - ERROR - Failed to read JSON file from /private/var/folders/45/mms0wwj51255z_fqrdsfrqzh0000gn/T/pytest-of-mattmurno/pytest-5/test_read_json_missing_file_ra0/does_not_exist.json
Traceback (most recent call last):
  File "/Users/mattmurno/Desktop/Revature training files/etl_proj/src/read.py", line 22, in read_json
    df = pd.read_json(filepath)
         ^^^^^^^^^^^^^^^^^^^^^^
  File "/Users/mattmurno/Desktop/Revature training files/etl_proj/venv/lib/python3.11/site-packages/pandas/io/json/_json.py", line 791, in read_json
    json_reader = JsonReader(
                  ^^^^^^^^^^^
  File "/Users/mattmurno/Desktop/Revature training files/etl_proj/venv/lib/python3.11/site-packages/pandas/io/json/_json.py", line 904, in __init__
    data = self._get_data_from_filepath(filepath_or_buffer)
           ^^^^^^^^^^^^^^^^^^^^^^^^^^^^^^^^^^^^^^^^^^^^^^^^
  File "/Users/mattmurno/Desktop/Revature training files/etl_proj/venv/lib/python3.11/site-packages/pandas/io/json/_json.py", line 960, in _get_data_from_filepath
    raise FileNotFoundError(f"File {filepath_or_buffer} does not exist")
FileNotFoundError: File /private/var/folders/45/mms0wwj51255z_fqrdsfrqzh0000gn/T/pytest-of-mattmurno/pytest-5/test_read_json_missing_file_ra0/does_not_exist.json does not exist
2025-12-04 13:24:31,446 - src.read - INFO - Starting read() for type=xml, path=some/path/file.xml
2025-12-04 13:24:31,446 - src.read - ERROR - Unsupported source type in read(): xml
2025-12-04 13:24:31,458 - src.transform - INFO - Starting transform(): input df has 2 rows x 15 columns
2025-12-04 13:24:31,468 - src.transform - INFO - Built people_df (no nulls): 2 rows x 5 columns
2025-12-04 13:24:31,477 - src.transform - INFO - Built doctors_df (pre-hospital merge, no nulls): 2 rows x 3 columns
2025-12-04 13:24:31,483 - src.transform - INFO - Built hospitals_df (no nulls): 2 rows x 2 columns
2025-12-04 13:24:31,489 - src.transform - INFO - Updated doctors_df after hospital merge: 2 rows x 4 columns
2025-12-04 13:24:31,544 - src.transform - INFO - Built conditions_df (no nulls): 2 rows x 2 columns
2025-12-04 13:24:31,547 - src.transform - INFO - Built insurance_df (no nulls): 1 rows x 2 columns
2025-12-04 13:24:31,573 - src.transform - INFO - Built test_results_df (no nulls): 2 rows x 2 columns
2025-12-04 13:24:31,579 - src.transform - INFO - Built admission_types_df (no nulls): 2 rows x 2 columns
2025-12-04 13:24:31,639 - src.transform - INFO - Finished merges; df is now 2 rows x 27 columns
2025-12-04 13:24:31,650 - src.transform - INFO - Built admissions_df: 2 rows x 12 columns
2025-12-04 13:24:31,650 - src.transform - INFO - After reject split: 2 valid admissions, 0 rejected rows
2025-12-04 13:24:31,650 - src.transform - INFO - transform() completed successfully. Output tables: {'people': (2, 5), 'doctors': (2, 4), 'hospitals': (2, 2), 'conditions': (2, 2), 'insurance': (1, 2), 'admission_types': (2, 2), 'test_results': (2, 2), 'admissions': (2, 12), 'rejects': (0, 16)}
2025-12-04 13:24:31,686 - src.transform - INFO - Starting transform(): input df has 3 rows x 15 columns
2025-12-04 13:24:31,694 - src.transform - INFO - Built people_df (no nulls): 2 rows x 5 columns
2025-12-04 13:24:31,698 - src.transform - INFO - Built doctors_df (pre-hospital merge, no nulls): 2 rows x 3 columns
2025-12-04 13:24:31,702 - src.transform - INFO - Built hospitals_df (no nulls): 2 rows x 2 columns
2025-12-04 13:24:31,706 - src.transform - INFO - Updated doctors_df after hospital merge: 2 rows x 4 columns
2025-12-04 13:24:31,709 - src.transform - INFO - Built conditions_df (no nulls): 2 rows x 2 columns
2025-12-04 13:24:31,715 - src.transform - INFO - Built insurance_df (no nulls): 1 rows x 2 columns
2025-12-04 13:24:31,719 - src.transform - WARNING - test_results_df: 1 invalid or null result_label value(s) dropped before dimension build
2025-12-04 13:24:31,721 - src.transform - INFO - Built test_results_df (no nulls): 2 rows x 2 columns
2025-12-04 13:24:31,724 - src.transform - INFO - Built admission_types_df (no nulls): 2 rows x 2 columns
2025-12-04 13:24:31,735 - src.transform - INFO - Finished merges; df is now 3 rows x 27 columns
2025-12-04 13:24:31,741 - src.transform - INFO - Built admissions_df: 2 rows x 12 columns
2025-12-04 13:24:31,741 - src.transform - INFO - After reject split: 2 valid admissions, 1 rejected rows
2025-12-04 13:24:31,741 - src.transform - INFO - transform() completed successfully. Output tables: {'people': (2, 5), 'doctors': (2, 4), 'hospitals': (2, 2), 'conditions': (2, 2), 'insurance': (1, 2), 'admission_types': (2, 2), 'test_results': (2, 2), 'admissions': (2, 12), 'rejects': (1, 16)}
2025-12-04 13:24:31,744 - src.transform - INFO - Starting transform(): input df has 1 rows x 14 columns
2025-12-04 13:24:31,745 - src.transform - ERROR - transform() failed.
Traceback (most recent call last):
  File "/Users/mattmurno/Desktop/Revature training files/etl_proj/src/transform.py", line 17, in transform
    df[["name", "age", "gender", "blood_type"]]
    ~~^^^^^^^^^^^^^^^^^^^^^^^^^^^^^^^^^^^^^^^^^
  File "/Users/mattmurno/Desktop/Revature training files/etl_proj/venv/lib/python3.11/site-packages/pandas/core/frame.py", line 4119, in __getitem__
    indexer = self.columns._get_indexer_strict(key, "columns")[1]
              ^^^^^^^^^^^^^^^^^^^^^^^^^^^^^^^^^^^^^^^^^^^^^^^^
  File "/Users/mattmurno/Desktop/Revature training files/etl_proj/venv/lib/python3.11/site-packages/pandas/core/indexes/base.py", line 6212, in _get_indexer_strict
    self._raise_if_missing(keyarr, indexer, axis_name)
  File "/Users/mattmurno/Desktop/Revature training files/etl_proj/venv/lib/python3.11/site-packages/pandas/core/indexes/base.py", line 6264, in _raise_if_missing
    raise KeyError(f"{not_found} not in index")
KeyError: "['name'] not in index"
2025-12-04 13:38:17,930 - src.clean - INFO - Starting clean(): input df has 2 rows x 3 columns
2025-12-04 13:38:18,016 - src.clean - INFO - Standardized string columns where present.
2025-12-04 13:38:18,017 - src.clean - INFO - clean() completed. Output df has 2 rows x 3 columns
2025-12-04 13:38:18,021 - src.clean - INFO - Starting clean(): input df has 1 rows x 2 columns
2025-12-04 13:38:18,027 - src.clean - INFO - Standardized string columns where present.
2025-12-04 13:38:18,027 - src.clean - INFO - clean() completed. Output df has 1 rows x 2 columns
2025-12-04 13:38:18,073 - src.load - INFO - Starting load()
2025-12-04 13:38:18,073 - src.load - INFO - Row counts - people=1, hospitals=1, doctors=1, conditions=1, insurance=1, test_results=1, admission_types=1, admissions=1, rejects=1
2025-12-04 13:38:18,073 - src.load - INFO - Connecting to database...
2025-12-04 13:38:18,073 - src.load - INFO - Database connection established.
2025-12-04 13:38:18,073 - src.load - INFO - Creating tables if they do not exist...
2025-12-04 13:38:18,074 - src.load - INFO - Tables created/verified successfully.
2025-12-04 13:38:18,074 - src.load - INFO - Truncating tables and resetting identities...
2025-12-04 13:38:18,074 - src.load - INFO - Tables truncated.
2025-12-04 13:38:18,074 - src.load - INFO - Starting insertion.
2025-12-04 13:38:18,085 - src.load - INFO - Load completed successfully.
2025-12-04 13:38:18,085 - src.load - INFO - Database connection closed. End of load().
2025-12-04 13:38:18,102 - src.load - INFO - Starting load()
2025-12-04 13:38:18,102 - src.load - INFO - Row counts - people=3, hospitals=1, doctors=1, conditions=1, insurance=1, test_results=1, admission_types=1, admissions=1, rejects=1
2025-12-04 13:38:18,102 - src.load - INFO - Connecting to database...
2025-12-04 13:38:18,102 - src.load - INFO - Database connection established.
2025-12-04 13:38:18,103 - src.load - INFO - Creating tables if they do not exist...
2025-12-04 13:38:18,103 - src.load - INFO - Tables created/verified successfully.
2025-12-04 13:38:18,103 - src.load - INFO - Truncating tables and resetting identities...
2025-12-04 13:38:18,103 - src.load - INFO - Tables truncated.
2025-12-04 13:38:18,103 - src.load - INFO - Starting insertion.
2025-12-04 13:38:18,104 - src.load - WARNING - Invalid age 150 for person Too Old; setting age to NULL before insert
2025-12-04 13:38:18,110 - src.load - INFO - Load completed successfully.
2025-12-04 13:38:18,111 - src.load - INFO - Database connection closed. End of load().
2025-12-04 13:38:18,119 - src.load - INFO - Starting load()
2025-12-04 13:38:18,120 - src.load - INFO - Row counts - people=1, hospitals=1, doctors=1, conditions=1, insurance=1, test_results=1, admission_types=1, admissions=1, rejects=1
2025-12-04 13:38:18,120 - src.load - INFO - Connecting to database...
2025-12-04 13:38:18,120 - src.load - INFO - Database connection established.
2025-12-04 13:38:18,120 - src.load - INFO - Creating tables if they do not exist...
2025-12-04 13:38:18,121 - src.load - INFO - Tables created/verified successfully.
2025-12-04 13:38:18,123 - src.load - INFO - Truncating tables and resetting identities...
2025-12-04 13:38:18,123 - src.load - INFO - Tables truncated.
2025-12-04 13:38:18,123 - src.load - INFO - Starting insertion.
2025-12-04 13:38:18,124 - src.load - ERROR - Failed inserting people row: Pandas(person_id=1, name='Error Person', age=40, gender='M', blood_type='AB+')
Traceback (most recent call last):
  File "/Users/mattmurno/Desktop/Revature training files/etl_proj/src/load.py", line 174, in load
    cur.execute(
  File "/Users/mattmurno/Desktop/Revature training files/etl_proj/tests/test_load.py", line 18, in execute
    raise psycopg2.Error("Simulated DB error")
psycopg2.Error: Simulated DB error
2025-12-04 13:38:18,132 - src.load - ERROR - Error in load() while working with the database.
Traceback (most recent call last):
  File "/Users/mattmurno/Desktop/Revature training files/etl_proj/src/load.py", line 174, in load
    cur.execute(
  File "/Users/mattmurno/Desktop/Revature training files/etl_proj/tests/test_load.py", line 18, in execute
    raise psycopg2.Error("Simulated DB error")
psycopg2.Error: Simulated DB error
2025-12-04 13:38:18,132 - src.load - INFO - Transaction rolled back due to error.
2025-12-04 13:38:18,133 - src.load - INFO - Database connection closed. End of load().
2025-12-04 13:38:18,160 - src.read - INFO - Reading CSV file from /private/var/folders/45/mms0wwj51255z_fqrdsfrqzh0000gn/T/pytest-of-mattmurno/pytest-6/test_read_csv_success0/test.csv
2025-12-04 13:38:18,181 - src.read - INFO - Successfully read CSV: 2 rows x 2 columns
2025-12-04 13:38:18,209 - src.read - INFO - Reading JSON file from /private/var/folders/45/mms0wwj51255z_fqrdsfrqzh0000gn/T/pytest-of-mattmurno/pytest-6/test_read_json_success0/test.json
2025-12-04 13:38:18,233 - src.read - INFO - Successfully read JSON: 2 rows x 2 columns
2025-12-04 13:38:18,238 - src.read - INFO - Starting read() for type=csv, path=/private/var/folders/45/mms0wwj51255z_fqrdsfrqzh0000gn/T/pytest-of-mattmurno/pytest-6/test_read_dispatches_to_csv0/test.csv
2025-12-04 13:38:18,238 - src.read - INFO - Reading CSV file from /private/var/folders/45/mms0wwj51255z_fqrdsfrqzh0000gn/T/pytest-of-mattmurno/pytest-6/test_read_dispatches_to_csv0/test.csv
2025-12-04 13:38:18,239 - src.read - INFO - Successfully read CSV: 2 rows x 2 columns
2025-12-04 13:38:18,245 - src.read - INFO - Starting read() for type=json, path=/private/var/folders/45/mms0wwj51255z_fqrdsfrqzh0000gn/T/pytest-of-mattmurno/pytest-6/test_read_dispatches_to_json0/test.json
2025-12-04 13:38:18,245 - src.read - INFO - Reading JSON file from /private/var/folders/45/mms0wwj51255z_fqrdsfrqzh0000gn/T/pytest-of-mattmurno/pytest-6/test_read_dispatches_to_json0/test.json
2025-12-04 13:38:18,250 - src.read - INFO - Successfully read JSON: 2 rows x 2 columns
2025-12-04 13:38:18,254 - src.read - INFO - Reading CSV file from /private/var/folders/45/mms0wwj51255z_fqrdsfrqzh0000gn/T/pytest-of-mattmurno/pytest-6/test_read_csv_missing_file_rai0/does_not_exist.csv
2025-12-04 13:38:18,254 - src.read - ERROR - Failed to read CSV file from /private/var/folders/45/mms0wwj51255z_fqrdsfrqzh0000gn/T/pytest-of-mattmurno/pytest-6/test_read_csv_missing_file_rai0/does_not_exist.csv
Traceback (most recent call last):
  File "/Users/mattmurno/Desktop/Revature training files/etl_proj/src/read.py", line 11, in read_csv
    df = pd.read_csv(filepath)
         ^^^^^^^^^^^^^^^^^^^^^
  File "/Users/mattmurno/Desktop/Revature training files/etl_proj/venv/lib/python3.11/site-packages/pandas/io/parsers/readers.py", line 1026, in read_csv
    return _read(filepath_or_buffer, kwds)
           ^^^^^^^^^^^^^^^^^^^^^^^^^^^^^^^
  File "/Users/mattmurno/Desktop/Revature training files/etl_proj/venv/lib/python3.11/site-packages/pandas/io/parsers/readers.py", line 620, in _read
    parser = TextFileReader(filepath_or_buffer, **kwds)
             ^^^^^^^^^^^^^^^^^^^^^^^^^^^^^^^^^^^^^^^^^^
  File "/Users/mattmurno/Desktop/Revature training files/etl_proj/venv/lib/python3.11/site-packages/pandas/io/parsers/readers.py", line 1620, in __init__
    self._engine = self._make_engine(f, self.engine)
                   ^^^^^^^^^^^^^^^^^^^^^^^^^^^^^^^^^
  File "/Users/mattmurno/Desktop/Revature training files/etl_proj/venv/lib/python3.11/site-packages/pandas/io/parsers/readers.py", line 1880, in _make_engine
    self.handles = get_handle(
                   ^^^^^^^^^^^
  File "/Users/mattmurno/Desktop/Revature training files/etl_proj/venv/lib/python3.11/site-packages/pandas/io/common.py", line 873, in get_handle
    handle = open(
             ^^^^^
FileNotFoundError: [Errno 2] No such file or directory: '/private/var/folders/45/mms0wwj51255z_fqrdsfrqzh0000gn/T/pytest-of-mattmurno/pytest-6/test_read_csv_missing_file_rai0/does_not_exist.csv'
2025-12-04 13:38:18,274 - src.read - INFO - Reading JSON file from /private/var/folders/45/mms0wwj51255z_fqrdsfrqzh0000gn/T/pytest-of-mattmurno/pytest-6/test_read_json_missing_file_ra0/does_not_exist.json
2025-12-04 13:38:18,275 - src.read - ERROR - Failed to read JSON file from /private/var/folders/45/mms0wwj51255z_fqrdsfrqzh0000gn/T/pytest-of-mattmurno/pytest-6/test_read_json_missing_file_ra0/does_not_exist.json
Traceback (most recent call last):
  File "/Users/mattmurno/Desktop/Revature training files/etl_proj/src/read.py", line 22, in read_json
    df = pd.read_json(filepath)
         ^^^^^^^^^^^^^^^^^^^^^^
  File "/Users/mattmurno/Desktop/Revature training files/etl_proj/venv/lib/python3.11/site-packages/pandas/io/json/_json.py", line 791, in read_json
    json_reader = JsonReader(
                  ^^^^^^^^^^^
  File "/Users/mattmurno/Desktop/Revature training files/etl_proj/venv/lib/python3.11/site-packages/pandas/io/json/_json.py", line 904, in __init__
    data = self._get_data_from_filepath(filepath_or_buffer)
           ^^^^^^^^^^^^^^^^^^^^^^^^^^^^^^^^^^^^^^^^^^^^^^^^
  File "/Users/mattmurno/Desktop/Revature training files/etl_proj/venv/lib/python3.11/site-packages/pandas/io/json/_json.py", line 960, in _get_data_from_filepath
    raise FileNotFoundError(f"File {filepath_or_buffer} does not exist")
FileNotFoundError: File /private/var/folders/45/mms0wwj51255z_fqrdsfrqzh0000gn/T/pytest-of-mattmurno/pytest-6/test_read_json_missing_file_ra0/does_not_exist.json does not exist
2025-12-04 13:38:18,279 - src.read - INFO - Starting read() for type=xml, path=some/path/file.xml
2025-12-04 13:38:18,279 - src.read - ERROR - Unsupported source type in read(): xml
2025-12-04 13:38:18,283 - src.transform - INFO - Starting transform(): input df has 2 rows x 15 columns
2025-12-04 13:38:18,301 - src.transform - INFO - Built people_df (no nulls): 2 rows x 5 columns
2025-12-04 13:38:18,304 - src.transform - INFO - Built doctors_df (pre-hospital merge, no nulls): 2 rows x 3 columns
2025-12-04 13:38:18,307 - src.transform - INFO - Built hospitals_df (no nulls): 2 rows x 2 columns
2025-12-04 13:38:18,331 - src.transform - INFO - Updated doctors_df after hospital merge: 2 rows x 4 columns
2025-12-04 13:38:18,335 - src.transform - INFO - Built conditions_df (no nulls): 2 rows x 2 columns
2025-12-04 13:38:18,339 - src.transform - INFO - Built insurance_df (no nulls): 1 rows x 2 columns
2025-12-04 13:38:18,356 - src.transform - INFO - Built test_results_df (no nulls): 2 rows x 2 columns
2025-12-04 13:38:18,360 - src.transform - INFO - Built admission_types_df (no nulls): 2 rows x 2 columns
2025-12-04 13:38:18,376 - src.transform - INFO - Finished merges; df is now 2 rows x 27 columns
2025-12-04 13:38:18,386 - src.transform - INFO - Built admissions_df: 2 rows x 12 columns
2025-12-04 13:38:18,386 - src.transform - INFO - After reject split: 2 valid admissions, 0 rejected rows
2025-12-04 13:38:18,386 - src.transform - INFO - transform() completed successfully. Output tables: {'people': (2, 5), 'doctors': (2, 4), 'hospitals': (2, 2), 'conditions': (2, 2), 'insurance': (1, 2), 'admission_types': (2, 2), 'test_results': (2, 2), 'admissions': (2, 12), 'rejects': (0, 16)}
2025-12-04 13:38:18,391 - src.transform - INFO - Starting transform(): input df has 3 rows x 15 columns
2025-12-04 13:38:18,400 - src.transform - INFO - Built people_df (no nulls): 2 rows x 5 columns
2025-12-04 13:38:18,405 - src.transform - INFO - Built doctors_df (pre-hospital merge, no nulls): 2 rows x 3 columns
2025-12-04 13:38:18,420 - src.transform - INFO - Built hospitals_df (no nulls): 2 rows x 2 columns
2025-12-04 13:38:18,423 - src.transform - INFO - Updated doctors_df after hospital merge: 2 rows x 4 columns
2025-12-04 13:38:18,426 - src.transform - INFO - Built conditions_df (no nulls): 2 rows x 2 columns
2025-12-04 13:38:18,431 - src.transform - INFO - Built insurance_df (no nulls): 1 rows x 2 columns
2025-12-04 13:38:18,433 - src.transform - WARNING - test_results_df: 1 invalid or null result_label value(s) dropped before dimension build
2025-12-04 13:38:18,435 - src.transform - INFO - Built test_results_df (no nulls): 2 rows x 2 columns
2025-12-04 13:38:18,442 - src.transform - INFO - Built admission_types_df (no nulls): 2 rows x 2 columns
2025-12-04 13:38:18,459 - src.transform - INFO - Finished merges; df is now 3 rows x 27 columns
2025-12-04 13:38:18,466 - src.transform - INFO - Built admissions_df: 2 rows x 12 columns
2025-12-04 13:38:18,466 - src.transform - INFO - After reject split: 2 valid admissions, 1 rejected rows
2025-12-04 13:38:18,466 - src.transform - INFO - transform() completed successfully. Output tables: {'people': (2, 5), 'doctors': (2, 4), 'hospitals': (2, 2), 'conditions': (2, 2), 'insurance': (1, 2), 'admission_types': (2, 2), 'test_results': (2, 2), 'admissions': (2, 12), 'rejects': (1, 16)}
2025-12-04 13:38:18,482 - src.transform - INFO - Starting transform(): input df has 1 rows x 14 columns
2025-12-04 13:38:18,482 - src.transform - ERROR - transform() failed.
Traceback (most recent call last):
  File "/Users/mattmurno/Desktop/Revature training files/etl_proj/src/transform.py", line 17, in transform
    df[["name", "age", "gender", "blood_type"]]
    ~~^^^^^^^^^^^^^^^^^^^^^^^^^^^^^^^^^^^^^^^^^
  File "/Users/mattmurno/Desktop/Revature training files/etl_proj/venv/lib/python3.11/site-packages/pandas/core/frame.py", line 4119, in __getitem__
    indexer = self.columns._get_indexer_strict(key, "columns")[1]
              ^^^^^^^^^^^^^^^^^^^^^^^^^^^^^^^^^^^^^^^^^^^^^^^^
  File "/Users/mattmurno/Desktop/Revature training files/etl_proj/venv/lib/python3.11/site-packages/pandas/core/indexes/base.py", line 6212, in _get_indexer_strict
    self._raise_if_missing(keyarr, indexer, axis_name)
  File "/Users/mattmurno/Desktop/Revature training files/etl_proj/venv/lib/python3.11/site-packages/pandas/core/indexes/base.py", line 6264, in _raise_if_missing
    raise KeyError(f"{not_found} not in index")
KeyError: "['name'] not in index"
2025-12-04 13:38:36,188 - src.clean - INFO - Starting clean(): input df has 2 rows x 3 columns
2025-12-04 13:38:36,210 - src.clean - INFO - Standardized string columns where present.
2025-12-04 13:38:36,210 - src.clean - INFO - clean() completed. Output df has 2 rows x 3 columns
2025-12-04 13:38:36,225 - src.clean - INFO - Starting clean(): input df has 1 rows x 2 columns
2025-12-04 13:38:36,230 - src.clean - INFO - Standardized string columns where present.
2025-12-04 13:38:36,230 - src.clean - INFO - clean() completed. Output df has 1 rows x 2 columns
2025-12-04 13:38:36,277 - src.load - INFO - Starting load()
2025-12-04 13:38:36,277 - src.load - INFO - Row counts - people=1, hospitals=1, doctors=1, conditions=1, insurance=1, test_results=1, admission_types=1, admissions=1, rejects=1
2025-12-04 13:38:36,277 - src.load - INFO - Connecting to database...
2025-12-04 13:38:36,277 - src.load - INFO - Database connection established.
2025-12-04 13:38:36,277 - src.load - INFO - Creating tables if they do not exist...
2025-12-04 13:38:36,278 - src.load - INFO - Tables created/verified successfully.
2025-12-04 13:38:36,278 - src.load - INFO - Truncating tables and resetting identities...
2025-12-04 13:38:36,278 - src.load - INFO - Tables truncated.
2025-12-04 13:38:36,278 - src.load - INFO - Starting insertion.
2025-12-04 13:38:36,327 - src.load - INFO - Load completed successfully.
2025-12-04 13:38:36,327 - src.load - INFO - Database connection closed. End of load().
2025-12-04 13:38:36,347 - src.load - INFO - Starting load()
2025-12-04 13:38:36,347 - src.load - INFO - Row counts - people=3, hospitals=1, doctors=1, conditions=1, insurance=1, test_results=1, admission_types=1, admissions=1, rejects=1
2025-12-04 13:38:36,347 - src.load - INFO - Connecting to database...
2025-12-04 13:38:36,347 - src.load - INFO - Database connection established.
2025-12-04 13:38:36,347 - src.load - INFO - Creating tables if they do not exist...
2025-12-04 13:38:36,347 - src.load - INFO - Tables created/verified successfully.
2025-12-04 13:38:36,348 - src.load - INFO - Truncating tables and resetting identities...
2025-12-04 13:38:36,348 - src.load - INFO - Tables truncated.
2025-12-04 13:38:36,348 - src.load - INFO - Starting insertion.
2025-12-04 13:38:36,350 - src.load - WARNING - Invalid age 150 for person Too Old; setting age to NULL before insert
2025-12-04 13:38:36,356 - src.load - INFO - Load completed successfully.
2025-12-04 13:38:36,356 - src.load - INFO - Database connection closed. End of load().
2025-12-04 13:38:36,367 - src.load - INFO - Starting load()
2025-12-04 13:38:36,367 - src.load - INFO - Row counts - people=1, hospitals=1, doctors=1, conditions=1, insurance=1, test_results=1, admission_types=1, admissions=1, rejects=1
2025-12-04 13:38:36,367 - src.load - INFO - Connecting to database...
2025-12-04 13:38:36,367 - src.load - INFO - Database connection established.
2025-12-04 13:38:36,367 - src.load - INFO - Creating tables if they do not exist...
2025-12-04 13:38:36,367 - src.load - INFO - Tables created/verified successfully.
2025-12-04 13:38:36,367 - src.load - INFO - Truncating tables and resetting identities...
2025-12-04 13:38:36,367 - src.load - INFO - Tables truncated.
2025-12-04 13:38:36,367 - src.load - INFO - Starting insertion.
2025-12-04 13:38:36,368 - src.load - ERROR - Failed inserting people row: Pandas(person_id=1, name='Error Person', age=40, gender='M', blood_type='AB+')
Traceback (most recent call last):
  File "/Users/mattmurno/Desktop/Revature training files/etl_proj/src/load.py", line 174, in load
    cur.execute(
  File "/Users/mattmurno/Desktop/Revature training files/etl_proj/tests/test_load.py", line 18, in execute
    raise psycopg2.Error("Simulated DB error")
psycopg2.Error: Simulated DB error
2025-12-04 13:38:36,372 - src.load - ERROR - Error in load() while working with the database.
Traceback (most recent call last):
  File "/Users/mattmurno/Desktop/Revature training files/etl_proj/src/load.py", line 174, in load
    cur.execute(
  File "/Users/mattmurno/Desktop/Revature training files/etl_proj/tests/test_load.py", line 18, in execute
    raise psycopg2.Error("Simulated DB error")
psycopg2.Error: Simulated DB error
2025-12-04 13:38:36,373 - src.load - INFO - Transaction rolled back due to error.
2025-12-04 13:38:36,373 - src.load - INFO - Database connection closed. End of load().
2025-12-04 13:38:36,402 - src.read - INFO - Reading CSV file from /private/var/folders/45/mms0wwj51255z_fqrdsfrqzh0000gn/T/pytest-of-mattmurno/pytest-7/test_read_csv_success0/test.csv
2025-12-04 13:38:36,407 - src.read - INFO - Successfully read CSV: 2 rows x 2 columns
2025-12-04 13:38:36,422 - src.read - INFO - Reading JSON file from /private/var/folders/45/mms0wwj51255z_fqrdsfrqzh0000gn/T/pytest-of-mattmurno/pytest-7/test_read_json_success0/test.json
2025-12-04 13:38:36,435 - src.read - INFO - Successfully read JSON: 2 rows x 2 columns
2025-12-04 13:38:36,441 - src.read - INFO - Starting read() for type=csv, path=/private/var/folders/45/mms0wwj51255z_fqrdsfrqzh0000gn/T/pytest-of-mattmurno/pytest-7/test_read_dispatches_to_csv0/test.csv
2025-12-04 13:38:36,442 - src.read - INFO - Reading CSV file from /private/var/folders/45/mms0wwj51255z_fqrdsfrqzh0000gn/T/pytest-of-mattmurno/pytest-7/test_read_dispatches_to_csv0/test.csv
2025-12-04 13:38:36,445 - src.read - INFO - Successfully read CSV: 2 rows x 2 columns
2025-12-04 13:38:36,451 - src.read - INFO - Starting read() for type=json, path=/private/var/folders/45/mms0wwj51255z_fqrdsfrqzh0000gn/T/pytest-of-mattmurno/pytest-7/test_read_dispatches_to_json0/test.json
2025-12-04 13:38:36,451 - src.read - INFO - Reading JSON file from /private/var/folders/45/mms0wwj51255z_fqrdsfrqzh0000gn/T/pytest-of-mattmurno/pytest-7/test_read_dispatches_to_json0/test.json
2025-12-04 13:38:36,455 - src.read - INFO - Successfully read JSON: 2 rows x 2 columns
2025-12-04 13:38:36,460 - src.read - INFO - Reading CSV file from /private/var/folders/45/mms0wwj51255z_fqrdsfrqzh0000gn/T/pytest-of-mattmurno/pytest-7/test_read_csv_missing_file_rai0/does_not_exist.csv
2025-12-04 13:38:36,463 - src.read - ERROR - Failed to read CSV file from /private/var/folders/45/mms0wwj51255z_fqrdsfrqzh0000gn/T/pytest-of-mattmurno/pytest-7/test_read_csv_missing_file_rai0/does_not_exist.csv
Traceback (most recent call last):
  File "/Users/mattmurno/Desktop/Revature training files/etl_proj/src/read.py", line 11, in read_csv
    df = pd.read_csv(filepath)
         ^^^^^^^^^^^^^^^^^^^^^
  File "/Users/mattmurno/Desktop/Revature training files/etl_proj/venv/lib/python3.11/site-packages/pandas/io/parsers/readers.py", line 1026, in read_csv
    return _read(filepath_or_buffer, kwds)
           ^^^^^^^^^^^^^^^^^^^^^^^^^^^^^^^
  File "/Users/mattmurno/Desktop/Revature training files/etl_proj/venv/lib/python3.11/site-packages/pandas/io/parsers/readers.py", line 620, in _read
    parser = TextFileReader(filepath_or_buffer, **kwds)
             ^^^^^^^^^^^^^^^^^^^^^^^^^^^^^^^^^^^^^^^^^^
  File "/Users/mattmurno/Desktop/Revature training files/etl_proj/venv/lib/python3.11/site-packages/pandas/io/parsers/readers.py", line 1620, in __init__
    self._engine = self._make_engine(f, self.engine)
                   ^^^^^^^^^^^^^^^^^^^^^^^^^^^^^^^^^
  File "/Users/mattmurno/Desktop/Revature training files/etl_proj/venv/lib/python3.11/site-packages/pandas/io/parsers/readers.py", line 1880, in _make_engine
    self.handles = get_handle(
                   ^^^^^^^^^^^
  File "/Users/mattmurno/Desktop/Revature training files/etl_proj/venv/lib/python3.11/site-packages/pandas/io/common.py", line 873, in get_handle
    handle = open(
             ^^^^^
FileNotFoundError: [Errno 2] No such file or directory: '/private/var/folders/45/mms0wwj51255z_fqrdsfrqzh0000gn/T/pytest-of-mattmurno/pytest-7/test_read_csv_missing_file_rai0/does_not_exist.csv'
2025-12-04 13:38:36,490 - src.read - INFO - Reading JSON file from /private/var/folders/45/mms0wwj51255z_fqrdsfrqzh0000gn/T/pytest-of-mattmurno/pytest-7/test_read_json_missing_file_ra0/does_not_exist.json
2025-12-04 13:38:36,491 - src.read - ERROR - Failed to read JSON file from /private/var/folders/45/mms0wwj51255z_fqrdsfrqzh0000gn/T/pytest-of-mattmurno/pytest-7/test_read_json_missing_file_ra0/does_not_exist.json
Traceback (most recent call last):
  File "/Users/mattmurno/Desktop/Revature training files/etl_proj/src/read.py", line 22, in read_json
    df = pd.read_json(filepath)
         ^^^^^^^^^^^^^^^^^^^^^^
  File "/Users/mattmurno/Desktop/Revature training files/etl_proj/venv/lib/python3.11/site-packages/pandas/io/json/_json.py", line 791, in read_json
    json_reader = JsonReader(
                  ^^^^^^^^^^^
  File "/Users/mattmurno/Desktop/Revature training files/etl_proj/venv/lib/python3.11/site-packages/pandas/io/json/_json.py", line 904, in __init__
    data = self._get_data_from_filepath(filepath_or_buffer)
           ^^^^^^^^^^^^^^^^^^^^^^^^^^^^^^^^^^^^^^^^^^^^^^^^
  File "/Users/mattmurno/Desktop/Revature training files/etl_proj/venv/lib/python3.11/site-packages/pandas/io/json/_json.py", line 960, in _get_data_from_filepath
    raise FileNotFoundError(f"File {filepath_or_buffer} does not exist")
FileNotFoundError: File /private/var/folders/45/mms0wwj51255z_fqrdsfrqzh0000gn/T/pytest-of-mattmurno/pytest-7/test_read_json_missing_file_ra0/does_not_exist.json does not exist
2025-12-04 13:38:36,498 - src.read - INFO - Starting read() for type=xml, path=some/path/file.xml
2025-12-04 13:38:36,498 - src.read - ERROR - Unsupported source type in read(): xml
2025-12-04 13:38:36,513 - src.transform - INFO - Starting transform(): input df has 2 rows x 15 columns
2025-12-04 13:38:36,518 - src.transform - INFO - Built people_df (no nulls): 2 rows x 5 columns
2025-12-04 13:38:36,522 - src.transform - INFO - Built doctors_df (pre-hospital merge, no nulls): 2 rows x 3 columns
2025-12-04 13:38:36,526 - src.transform - INFO - Built hospitals_df (no nulls): 2 rows x 2 columns
2025-12-04 13:38:36,532 - src.transform - INFO - Updated doctors_df after hospital merge: 2 rows x 4 columns
2025-12-04 13:38:36,535 - src.transform - INFO - Built conditions_df (no nulls): 2 rows x 2 columns
2025-12-04 13:38:36,538 - src.transform - INFO - Built insurance_df (no nulls): 1 rows x 2 columns
2025-12-04 13:38:36,542 - src.transform - INFO - Built test_results_df (no nulls): 2 rows x 2 columns
2025-12-04 13:38:36,545 - src.transform - INFO - Built admission_types_df (no nulls): 2 rows x 2 columns
2025-12-04 13:38:36,559 - src.transform - INFO - Finished merges; df is now 2 rows x 27 columns
2025-12-04 13:38:36,566 - src.transform - INFO - Built admissions_df: 2 rows x 12 columns
2025-12-04 13:38:36,566 - src.transform - INFO - After reject split: 2 valid admissions, 0 rejected rows
2025-12-04 13:38:36,566 - src.transform - INFO - transform() completed successfully. Output tables: {'people': (2, 5), 'doctors': (2, 4), 'hospitals': (2, 2), 'conditions': (2, 2), 'insurance': (1, 2), 'admission_types': (2, 2), 'test_results': (2, 2), 'admissions': (2, 12), 'rejects': (0, 16)}
2025-12-04 13:38:36,571 - src.transform - INFO - Starting transform(): input df has 3 rows x 15 columns
2025-12-04 13:38:36,574 - src.transform - INFO - Built people_df (no nulls): 2 rows x 5 columns
2025-12-04 13:38:36,577 - src.transform - INFO - Built doctors_df (pre-hospital merge, no nulls): 2 rows x 3 columns
2025-12-04 13:38:36,581 - src.transform - INFO - Built hospitals_df (no nulls): 2 rows x 2 columns
2025-12-04 13:38:36,584 - src.transform - INFO - Updated doctors_df after hospital merge: 2 rows x 4 columns
2025-12-04 13:38:36,587 - src.transform - INFO - Built conditions_df (no nulls): 2 rows x 2 columns
2025-12-04 13:38:36,590 - src.transform - INFO - Built insurance_df (no nulls): 1 rows x 2 columns
2025-12-04 13:38:36,591 - src.transform - WARNING - test_results_df: 1 invalid or null result_label value(s) dropped before dimension build
2025-12-04 13:38:36,592 - src.transform - INFO - Built test_results_df (no nulls): 2 rows x 2 columns
2025-12-04 13:38:36,595 - src.transform - INFO - Built admission_types_df (no nulls): 2 rows x 2 columns
2025-12-04 13:38:36,606 - src.transform - INFO - Finished merges; df is now 3 rows x 27 columns
2025-12-04 13:38:36,612 - src.transform - INFO - Built admissions_df: 2 rows x 12 columns
2025-12-04 13:38:36,612 - src.transform - INFO - After reject split: 2 valid admissions, 1 rejected rows
2025-12-04 13:38:36,612 - src.transform - INFO - transform() completed successfully. Output tables: {'people': (2, 5), 'doctors': (2, 4), 'hospitals': (2, 2), 'conditions': (2, 2), 'insurance': (1, 2), 'admission_types': (2, 2), 'test_results': (2, 2), 'admissions': (2, 12), 'rejects': (1, 16)}
2025-12-04 13:38:36,616 - src.transform - INFO - Starting transform(): input df has 1 rows x 14 columns
2025-12-04 13:38:36,616 - src.transform - ERROR - transform() failed.
Traceback (most recent call last):
  File "/Users/mattmurno/Desktop/Revature training files/etl_proj/src/transform.py", line 17, in transform
    df[["name", "age", "gender", "blood_type"]]
    ~~^^^^^^^^^^^^^^^^^^^^^^^^^^^^^^^^^^^^^^^^^
  File "/Users/mattmurno/Desktop/Revature training files/etl_proj/venv/lib/python3.11/site-packages/pandas/core/frame.py", line 4119, in __getitem__
    indexer = self.columns._get_indexer_strict(key, "columns")[1]
              ^^^^^^^^^^^^^^^^^^^^^^^^^^^^^^^^^^^^^^^^^^^^^^^^
  File "/Users/mattmurno/Desktop/Revature training files/etl_proj/venv/lib/python3.11/site-packages/pandas/core/indexes/base.py", line 6212, in _get_indexer_strict
    self._raise_if_missing(keyarr, indexer, axis_name)
  File "/Users/mattmurno/Desktop/Revature training files/etl_proj/venv/lib/python3.11/site-packages/pandas/core/indexes/base.py", line 6264, in _raise_if_missing
    raise KeyError(f"{not_found} not in index")
KeyError: "['name'] not in index"
2025-12-04 13:49:05,284 - src.read - INFO - Starting read() for type=csv, path=data/healthcare_dataset_dirty.csv
2025-12-04 13:49:05,285 - src.read - INFO - Reading CSV file from data/healthcare_dataset_dirty.csv
2025-12-04 13:49:05,757 - src.read - INFO - Successfully read CSV: 57166 rows x 15 columns
2025-12-04 13:49:05,758 - src.clean - INFO - Starting clean(): input df has 57166 rows x 15 columns
2025-12-04 13:49:06,227 - src.clean - INFO - Standardized string columns where present.
2025-12-04 13:49:06,262 - src.clean - WARNING - Column age: 285 value(s) could not be converted to numeric and were set to NaN
2025-12-04 13:49:06,360 - src.clean - INFO - Column billing_amount converted to numeric successfully.
2025-12-04 13:49:06,499 - src.clean - WARNING - Column room_number: 394 value(s) could not be converted to numeric and were set to NaN
2025-12-04 13:49:06,500 - src.clean - INFO - Age range before validation: min=0.0, max=150.0
2025-12-04 13:49:06,501 - src.clean - WARNING - Age: 144 value(s) outside valid range (0–120); setting to NA
2025-12-04 13:49:06,502 - src.clean - INFO - Room_number range before validation: min=101.0, max=500.0
2025-12-04 13:49:06,517 - src.clean - INFO - Rounded billing_amount to 2 decimal places.
2025-12-04 13:49:06,543 - src.clean - WARNING - Column date_of_admission: 2858 value(s) could not be parsed as datetime and were set to NaT
2025-12-04 13:49:06,567 - src.clean - WARNING - Column discharge_date: 2858 value(s) could not be parsed as datetime and were set to NaT
2025-12-04 13:49:06,568 - src.clean - INFO - clean() completed. Output df has 57166 rows x 15 columns
2025-12-04 13:49:06,568 - src.transform - INFO - Starting transform(): input df has 57166 rows x 15 columns
2025-12-04 13:49:06,819 - src.transform - INFO - Built people_df (no nulls): 46803 rows x 5 columns
2025-12-04 13:49:06,852 - src.transform - INFO - Built doctors_df (pre-hospital merge, no nulls): 46283 rows x 3 columns
2025-12-04 13:49:06,872 - src.transform - INFO - Built hospitals_df (no nulls): 37437 rows x 2 columns
2025-12-04 13:49:06,908 - src.transform - INFO - Updated doctors_df after hospital merge: 46283 rows x 4 columns
2025-12-04 13:49:06,926 - src.transform - INFO - Built conditions_df (no nulls): 6 rows x 2 columns
2025-12-04 13:49:06,941 - src.transform - INFO - Built insurance_df (no nulls): 6 rows x 2 columns
2025-12-04 13:49:06,960 - src.transform - WARNING - test_results_df: 2839 invalid or null result_label value(s) dropped before dimension build
2025-12-04 13:49:06,970 - src.transform - INFO - Built test_results_df (no nulls): 3 rows x 2 columns
2025-12-04 13:49:06,991 - src.transform - INFO - Built admission_types_df (no nulls): 3 rows x 2 columns
2025-12-04 13:49:07,430 - src.transform - INFO - Finished merges; df is now 57166 rows x 27 columns
2025-12-04 13:49:08,725 - src.transform - INFO - Built admissions_df: 25974 rows x 12 columns
2025-12-04 13:49:08,725 - src.transform - INFO - After reject split: 25974 valid admissions, 31192 rejected rows
2025-12-04 13:49:08,725 - src.transform - INFO - transform() completed successfully. Output tables: {'people': (46803, 5), 'doctors': (46283, 4), 'hospitals': (37437, 2), 'conditions': (6, 2), 'insurance': (6, 2), 'admission_types': (3, 2), 'test_results': (3, 2), 'admissions': (25974, 12), 'rejects': (31192, 16)}
2025-12-04 13:49:08,732 - src.load - INFO - Starting load()
2025-12-04 13:49:08,732 - src.load - INFO - Row counts - people=46803, hospitals=37437, doctors=46283, conditions=6, insurance=6, test_results=3, admission_types=3, admissions=25974, rejects=31192
2025-12-04 13:49:08,733 - src.load - INFO - Connecting to database...
2025-12-04 13:49:08,854 - src.load - INFO - Database connection established.
2025-12-04 13:49:08,854 - src.load - INFO - Creating tables if they do not exist...
2025-12-04 13:49:08,890 - src.load - INFO - Tables created/verified successfully.
2025-12-04 13:49:08,890 - src.load - INFO - Truncating tables and resetting identities...
2025-12-04 13:49:09,099 - src.load - INFO - Tables truncated.
2025-12-04 13:49:09,099 - src.load - INFO - Starting insertion.
2025-12-04 13:49:36,960 - src.load - INFO - Load completed successfully.
2025-12-04 13:49:36,961 - src.load - INFO - Database connection closed. End of load().
2025-12-04 14:41:26,211 - src.clean - INFO - Starting clean(): input df has 2 rows x 3 columns
2025-12-04 14:41:26,285 - src.clean - INFO - Standardized string columns where present.
2025-12-04 14:41:26,285 - src.clean - INFO - clean() completed. Output df has 2 rows x 3 columns
2025-12-04 14:41:26,296 - src.clean - INFO - Starting clean(): input df has 1 rows x 2 columns
2025-12-04 14:41:26,301 - src.clean - INFO - Standardized string columns where present.
2025-12-04 14:41:26,302 - src.clean - INFO - clean() completed. Output df has 1 rows x 2 columns
2025-12-04 14:41:26,358 - src.load - INFO - Starting load()
2025-12-04 14:41:26,358 - src.load - INFO - Row counts - people=1, hospitals=1, doctors=1, conditions=1, insurance=1, test_results=1, admission_types=1, admissions=1, rejects=1
2025-12-04 14:41:26,358 - src.load - INFO - Connecting to database...
2025-12-04 14:41:26,358 - src.load - INFO - Database connection established.
2025-12-04 14:41:26,358 - src.load - INFO - Creating tables if they do not exist...
2025-12-04 14:41:26,359 - src.load - INFO - Tables created/verified successfully.
2025-12-04 14:41:26,359 - src.load - INFO - Truncating tables and resetting identities...
2025-12-04 14:41:26,359 - src.load - INFO - Tables truncated.
2025-12-04 14:41:26,359 - src.load - INFO - Starting insertion.
2025-12-04 14:41:26,367 - src.load - INFO - Load completed successfully.
2025-12-04 14:41:26,367 - src.load - INFO - Database connection closed. End of load().
2025-12-04 14:41:26,383 - src.load - INFO - Starting load()
2025-12-04 14:41:26,383 - src.load - INFO - Row counts - people=3, hospitals=1, doctors=1, conditions=1, insurance=1, test_results=1, admission_types=1, admissions=1, rejects=1
2025-12-04 14:41:26,383 - src.load - INFO - Connecting to database...
2025-12-04 14:41:26,383 - src.load - INFO - Database connection established.
2025-12-04 14:41:26,383 - src.load - INFO - Creating tables if they do not exist...
2025-12-04 14:41:26,383 - src.load - INFO - Tables created/verified successfully.
2025-12-04 14:41:26,383 - src.load - INFO - Truncating tables and resetting identities...
2025-12-04 14:41:26,385 - src.load - INFO - Tables truncated.
2025-12-04 14:41:26,385 - src.load - INFO - Starting insertion.
2025-12-04 14:41:26,387 - src.load - WARNING - Invalid age 150 for person Too Old; setting age to NULL before insert
2025-12-04 14:41:26,393 - src.load - INFO - Load completed successfully.
2025-12-04 14:41:26,393 - src.load - INFO - Database connection closed. End of load().
2025-12-04 14:41:26,463 - src.load - INFO - Starting load()
2025-12-04 14:41:26,463 - src.load - INFO - Row counts - people=1, hospitals=1, doctors=1, conditions=1, insurance=1, test_results=1, admission_types=1, admissions=1, rejects=1
2025-12-04 14:41:26,463 - src.load - INFO - Connecting to database...
2025-12-04 14:41:26,463 - src.load - INFO - Database connection established.
2025-12-04 14:41:26,464 - src.load - INFO - Creating tables if they do not exist...
2025-12-04 14:41:26,464 - src.load - INFO - Tables created/verified successfully.
2025-12-04 14:41:26,464 - src.load - INFO - Truncating tables and resetting identities...
2025-12-04 14:41:26,464 - src.load - INFO - Tables truncated.
2025-12-04 14:41:26,464 - src.load - INFO - Starting insertion.
2025-12-04 14:41:26,465 - src.load - ERROR - Failed inserting people row: Pandas(person_id=1, name='Error Person', age=40, gender='M', blood_type='AB+')
Traceback (most recent call last):
  File "/Users/mattmurno/Desktop/Revature training files/etl_proj/src/load.py", line 174, in load
    cur.execute(
  File "/Users/mattmurno/Desktop/Revature training files/etl_proj/tests/test_load.py", line 18, in execute
    raise psycopg2.Error("Simulated DB error")
psycopg2.Error: Simulated DB error
2025-12-04 14:41:26,503 - src.load - ERROR - Error in load() while working with the database.
Traceback (most recent call last):
  File "/Users/mattmurno/Desktop/Revature training files/etl_proj/src/load.py", line 174, in load
    cur.execute(
  File "/Users/mattmurno/Desktop/Revature training files/etl_proj/tests/test_load.py", line 18, in execute
    raise psycopg2.Error("Simulated DB error")
psycopg2.Error: Simulated DB error
2025-12-04 14:41:26,504 - src.load - INFO - Transaction rolled back due to error.
2025-12-04 14:41:26,509 - src.load - INFO - Database connection closed. End of load().
2025-12-04 14:41:26,555 - src.read - INFO - Reading CSV file from /private/var/folders/45/mms0wwj51255z_fqrdsfrqzh0000gn/T/pytest-of-mattmurno/pytest-8/test_read_csv_success0/test.csv
2025-12-04 14:41:26,603 - src.read - INFO - Successfully read CSV: 2 rows x 2 columns
2025-12-04 14:41:26,618 - src.read - INFO - Reading JSON file from /private/var/folders/45/mms0wwj51255z_fqrdsfrqzh0000gn/T/pytest-of-mattmurno/pytest-8/test_read_json_success0/test.json
2025-12-04 14:41:26,707 - src.read - INFO - Successfully read JSON: 2 rows x 2 columns
2025-12-04 14:41:26,712 - src.read - INFO - Starting read() for type=csv, path=/private/var/folders/45/mms0wwj51255z_fqrdsfrqzh0000gn/T/pytest-of-mattmurno/pytest-8/test_read_dispatches_to_csv0/test.csv
2025-12-04 14:41:26,712 - src.read - INFO - Reading CSV file from /private/var/folders/45/mms0wwj51255z_fqrdsfrqzh0000gn/T/pytest-of-mattmurno/pytest-8/test_read_dispatches_to_csv0/test.csv
2025-12-04 14:41:26,714 - src.read - INFO - Successfully read CSV: 2 rows x 2 columns
2025-12-04 14:41:26,719 - src.read - INFO - Starting read() for type=json, path=/private/var/folders/45/mms0wwj51255z_fqrdsfrqzh0000gn/T/pytest-of-mattmurno/pytest-8/test_read_dispatches_to_json0/test.json
2025-12-04 14:41:26,720 - src.read - INFO - Reading JSON file from /private/var/folders/45/mms0wwj51255z_fqrdsfrqzh0000gn/T/pytest-of-mattmurno/pytest-8/test_read_dispatches_to_json0/test.json
2025-12-04 14:41:26,724 - src.read - INFO - Successfully read JSON: 2 rows x 2 columns
2025-12-04 14:41:26,727 - src.read - INFO - Reading CSV file from /private/var/folders/45/mms0wwj51255z_fqrdsfrqzh0000gn/T/pytest-of-mattmurno/pytest-8/test_read_csv_missing_file_rai0/does_not_exist.csv
2025-12-04 14:41:26,727 - src.read - ERROR - Failed to read CSV file from /private/var/folders/45/mms0wwj51255z_fqrdsfrqzh0000gn/T/pytest-of-mattmurno/pytest-8/test_read_csv_missing_file_rai0/does_not_exist.csv
Traceback (most recent call last):
  File "/Users/mattmurno/Desktop/Revature training files/etl_proj/src/read.py", line 11, in read_csv
    df = pd.read_csv(filepath)
         ^^^^^^^^^^^^^^^^^^^^^
  File "/Users/mattmurno/Desktop/Revature training files/etl_proj/venv/lib/python3.11/site-packages/pandas/io/parsers/readers.py", line 1026, in read_csv
    return _read(filepath_or_buffer, kwds)
           ^^^^^^^^^^^^^^^^^^^^^^^^^^^^^^^
  File "/Users/mattmurno/Desktop/Revature training files/etl_proj/venv/lib/python3.11/site-packages/pandas/io/parsers/readers.py", line 620, in _read
    parser = TextFileReader(filepath_or_buffer, **kwds)
             ^^^^^^^^^^^^^^^^^^^^^^^^^^^^^^^^^^^^^^^^^^
  File "/Users/mattmurno/Desktop/Revature training files/etl_proj/venv/lib/python3.11/site-packages/pandas/io/parsers/readers.py", line 1620, in __init__
    self._engine = self._make_engine(f, self.engine)
                   ^^^^^^^^^^^^^^^^^^^^^^^^^^^^^^^^^
  File "/Users/mattmurno/Desktop/Revature training files/etl_proj/venv/lib/python3.11/site-packages/pandas/io/parsers/readers.py", line 1880, in _make_engine
    self.handles = get_handle(
                   ^^^^^^^^^^^
  File "/Users/mattmurno/Desktop/Revature training files/etl_proj/venv/lib/python3.11/site-packages/pandas/io/common.py", line 873, in get_handle
    handle = open(
             ^^^^^
FileNotFoundError: [Errno 2] No such file or directory: '/private/var/folders/45/mms0wwj51255z_fqrdsfrqzh0000gn/T/pytest-of-mattmurno/pytest-8/test_read_csv_missing_file_rai0/does_not_exist.csv'
2025-12-04 14:41:26,745 - src.read - INFO - Reading JSON file from /private/var/folders/45/mms0wwj51255z_fqrdsfrqzh0000gn/T/pytest-of-mattmurno/pytest-8/test_read_json_missing_file_ra0/does_not_exist.json
2025-12-04 14:41:26,745 - src.read - ERROR - Failed to read JSON file from /private/var/folders/45/mms0wwj51255z_fqrdsfrqzh0000gn/T/pytest-of-mattmurno/pytest-8/test_read_json_missing_file_ra0/does_not_exist.json
Traceback (most recent call last):
  File "/Users/mattmurno/Desktop/Revature training files/etl_proj/src/read.py", line 22, in read_json
    df = pd.read_json(filepath)
         ^^^^^^^^^^^^^^^^^^^^^^
  File "/Users/mattmurno/Desktop/Revature training files/etl_proj/venv/lib/python3.11/site-packages/pandas/io/json/_json.py", line 791, in read_json
    json_reader = JsonReader(
                  ^^^^^^^^^^^
  File "/Users/mattmurno/Desktop/Revature training files/etl_proj/venv/lib/python3.11/site-packages/pandas/io/json/_json.py", line 904, in __init__
    data = self._get_data_from_filepath(filepath_or_buffer)
           ^^^^^^^^^^^^^^^^^^^^^^^^^^^^^^^^^^^^^^^^^^^^^^^^
  File "/Users/mattmurno/Desktop/Revature training files/etl_proj/venv/lib/python3.11/site-packages/pandas/io/json/_json.py", line 960, in _get_data_from_filepath
    raise FileNotFoundError(f"File {filepath_or_buffer} does not exist")
FileNotFoundError: File /private/var/folders/45/mms0wwj51255z_fqrdsfrqzh0000gn/T/pytest-of-mattmurno/pytest-8/test_read_json_missing_file_ra0/does_not_exist.json does not exist
2025-12-04 14:41:26,752 - src.read - INFO - Starting read() for type=xml, path=some/path/file.xml
2025-12-04 14:41:26,753 - src.read - ERROR - Unsupported source type in read(): xml
2025-12-04 14:41:26,756 - src.transform - INFO - Starting transform(): input df has 2 rows x 15 columns
2025-12-04 14:41:26,792 - src.transform - INFO - Built people_df (no nulls): 2 rows x 5 columns
2025-12-04 14:41:26,820 - src.transform - INFO - Built doctors_df (pre-hospital merge, no nulls): 2 rows x 3 columns
2025-12-04 14:41:26,837 - src.transform - INFO - Built hospitals_df (no nulls): 2 rows x 2 columns
2025-12-04 14:41:26,856 - src.transform - INFO - Updated doctors_df after hospital merge: 2 rows x 4 columns
2025-12-04 14:41:26,859 - src.transform - INFO - Built conditions_df (no nulls): 2 rows x 2 columns
2025-12-04 14:41:26,865 - src.transform - INFO - Built insurance_df (no nulls): 1 rows x 2 columns
2025-12-04 14:41:26,868 - src.transform - INFO - Built test_results_df (no nulls): 2 rows x 2 columns
2025-12-04 14:41:26,873 - src.transform - INFO - Built admission_types_df (no nulls): 2 rows x 2 columns
2025-12-04 14:41:26,885 - src.transform - INFO - Finished merges; df is now 2 rows x 27 columns
2025-12-04 14:41:26,938 - src.transform - INFO - Built admissions_df: 2 rows x 12 columns
2025-12-04 14:41:26,939 - src.transform - INFO - After reject split: 2 valid admissions, 0 rejected rows
2025-12-04 14:41:26,942 - src.transform - INFO - transform() completed successfully. Output tables: {'people': (2, 5), 'doctors': (2, 4), 'hospitals': (2, 2), 'conditions': (2, 2), 'insurance': (1, 2), 'admission_types': (2, 2), 'test_results': (2, 2), 'admissions': (2, 12), 'rejects': (0, 16)}
2025-12-04 14:41:26,953 - src.transform - INFO - Starting transform(): input df has 3 rows x 15 columns
2025-12-04 14:41:26,958 - src.transform - INFO - Built people_df (no nulls): 2 rows x 5 columns
2025-12-04 14:41:26,970 - src.transform - INFO - Built doctors_df (pre-hospital merge, no nulls): 2 rows x 3 columns
2025-12-04 14:41:26,976 - src.transform - INFO - Built hospitals_df (no nulls): 2 rows x 2 columns
2025-12-04 14:41:26,979 - src.transform - INFO - Updated doctors_df after hospital merge: 2 rows x 4 columns
2025-12-04 14:41:26,983 - src.transform - INFO - Built conditions_df (no nulls): 2 rows x 2 columns
2025-12-04 14:41:26,988 - src.transform - INFO - Built insurance_df (no nulls): 1 rows x 2 columns
2025-12-04 14:41:26,991 - src.transform - WARNING - test_results_df: 1 invalid or null result_label value(s) dropped before dimension build
2025-12-04 14:41:26,992 - src.transform - INFO - Built test_results_df (no nulls): 2 rows x 2 columns
2025-12-04 14:41:26,995 - src.transform - INFO - Built admission_types_df (no nulls): 2 rows x 2 columns
2025-12-04 14:41:27,009 - src.transform - INFO - Finished merges; df is now 3 rows x 27 columns
2025-12-04 14:41:27,015 - src.transform - INFO - Built admissions_df: 2 rows x 12 columns
2025-12-04 14:41:27,015 - src.transform - INFO - After reject split: 2 valid admissions, 1 rejected rows
2025-12-04 14:41:27,015 - src.transform - INFO - transform() completed successfully. Output tables: {'people': (2, 5), 'doctors': (2, 4), 'hospitals': (2, 2), 'conditions': (2, 2), 'insurance': (1, 2), 'admission_types': (2, 2), 'test_results': (2, 2), 'admissions': (2, 12), 'rejects': (1, 16)}
2025-12-04 14:41:27,019 - src.transform - INFO - Starting transform(): input df has 1 rows x 14 columns
2025-12-04 14:41:27,019 - src.transform - ERROR - transform() failed.
Traceback (most recent call last):
  File "/Users/mattmurno/Desktop/Revature training files/etl_proj/src/transform.py", line 17, in transform
    df[["name", "age", "gender", "blood_type"]]
    ~~^^^^^^^^^^^^^^^^^^^^^^^^^^^^^^^^^^^^^^^^^
  File "/Users/mattmurno/Desktop/Revature training files/etl_proj/venv/lib/python3.11/site-packages/pandas/core/frame.py", line 4119, in __getitem__
    indexer = self.columns._get_indexer_strict(key, "columns")[1]
              ^^^^^^^^^^^^^^^^^^^^^^^^^^^^^^^^^^^^^^^^^^^^^^^^
  File "/Users/mattmurno/Desktop/Revature training files/etl_proj/venv/lib/python3.11/site-packages/pandas/core/indexes/base.py", line 6212, in _get_indexer_strict
    self._raise_if_missing(keyarr, indexer, axis_name)
  File "/Users/mattmurno/Desktop/Revature training files/etl_proj/venv/lib/python3.11/site-packages/pandas/core/indexes/base.py", line 6264, in _raise_if_missing
    raise KeyError(f"{not_found} not in index")
KeyError: "['name'] not in index"
2025-12-04 14:46:05,006 - src.read - INFO - Starting read() for type=csv, path=data/healthcare_dataset_dirty.csv
2025-12-04 14:46:05,007 - src.read - INFO - Reading CSV file from data/healthcare_dataset_dirty.csv
2025-12-04 14:46:05,409 - src.read - INFO - Successfully read CSV: 57166 rows x 15 columns
2025-12-04 14:46:05,409 - src.clean - INFO - Starting clean(): input df has 57166 rows x 15 columns
2025-12-04 14:46:05,860 - src.clean - INFO - Standardized string columns where present.
2025-12-04 14:46:05,891 - src.clean - WARNING - Column age: 285 value(s) could not be converted to numeric and were set to NaN
2025-12-04 14:46:05,971 - src.clean - INFO - Column billing_amount converted to numeric successfully.
2025-12-04 14:46:06,001 - src.clean - WARNING - Column room_number: 394 value(s) could not be converted to numeric and were set to NaN
2025-12-04 14:46:06,002 - src.clean - INFO - Age range before validation: min=0.0, max=150.0
2025-12-04 14:46:06,003 - src.clean - WARNING - Age: 144 value(s) outside valid range (0–120); setting to NA
2025-12-04 14:46:06,004 - src.clean - INFO - Room_number range before validation: min=101.0, max=500.0
2025-12-04 14:46:06,005 - src.clean - INFO - Rounded billing_amount to 2 decimal places.
2025-12-04 14:46:06,033 - src.clean - WARNING - Column date_of_admission: 2858 value(s) could not be parsed as datetime and were set to NaT
2025-12-04 14:46:06,048 - src.clean - WARNING - Column discharge_date: 2858 value(s) could not be parsed as datetime and were set to NaT
2025-12-04 14:46:06,049 - src.clean - INFO - clean() completed. Output df has 57166 rows x 15 columns
2025-12-04 14:46:06,049 - src.transform - INFO - Starting transform(): input df has 57166 rows x 15 columns
2025-12-04 14:46:06,457 - src.transform - INFO - Built people_df (no nulls): 46803 rows x 5 columns
2025-12-04 14:46:06,495 - src.transform - INFO - Built doctors_df (pre-hospital merge, no nulls): 46283 rows x 3 columns
2025-12-04 14:46:06,521 - src.transform - INFO - Built hospitals_df (no nulls): 37437 rows x 2 columns
2025-12-04 14:46:06,570 - src.transform - INFO - Updated doctors_df after hospital merge: 46283 rows x 4 columns
2025-12-04 14:46:06,584 - src.transform - INFO - Built conditions_df (no nulls): 6 rows x 2 columns
2025-12-04 14:46:06,609 - src.transform - INFO - Built insurance_df (no nulls): 6 rows x 2 columns
2025-12-04 14:46:06,624 - src.transform - WARNING - test_results_df: 2839 invalid or null result_label value(s) dropped before dimension build
2025-12-04 14:46:06,641 - src.transform - INFO - Built test_results_df (no nulls): 3 rows x 2 columns
2025-12-04 14:46:06,684 - src.transform - INFO - Built admission_types_df (no nulls): 3 rows x 2 columns
2025-12-04 14:46:07,019 - src.transform - INFO - Finished merges; df is now 57166 rows x 27 columns
2025-12-04 14:46:08,351 - src.transform - INFO - Built admissions_df: 25974 rows x 12 columns
2025-12-04 14:46:08,351 - src.transform - INFO - After reject split: 25974 valid admissions, 31192 rejected rows
2025-12-04 14:46:08,351 - src.transform - INFO - transform() completed successfully. Output tables: {'people': (46803, 5), 'doctors': (46283, 4), 'hospitals': (37437, 2), 'conditions': (6, 2), 'insurance': (6, 2), 'admission_types': (3, 2), 'test_results': (3, 2), 'admissions': (25974, 12), 'rejects': (31192, 16)}
2025-12-04 14:46:08,357 - src.load - INFO - Starting load()
2025-12-04 14:46:08,357 - src.load - INFO - Row counts - people=46803, hospitals=37437, doctors=46283, conditions=6, insurance=6, test_results=3, admission_types=3, admissions=25974, rejects=31192
2025-12-04 14:46:08,357 - src.load - INFO - Connecting to database...
2025-12-04 14:46:08,608 - src.load - INFO - Database connection established.
2025-12-04 14:46:08,608 - src.load - INFO - Creating tables if they do not exist...
2025-12-04 14:46:08,802 - src.load - INFO - Tables created/verified successfully.
2025-12-04 14:46:08,802 - src.load - INFO - Truncating tables and resetting identities...
2025-12-04 14:46:09,025 - src.load - INFO - Tables truncated.
2025-12-04 14:46:09,025 - src.load - INFO - Starting insertion.
2025-12-04 14:46:40,412 - src.load - INFO - Load completed successfully.
2025-12-04 14:46:40,413 - src.load - INFO - Database connection closed. End of load().
2025-12-04 14:51:28,134 - src.clean - INFO - Starting clean(): input df has 2 rows x 3 columns
2025-12-04 14:51:28,167 - src.clean - INFO - Standardized string columns where present.
2025-12-04 14:51:28,167 - src.clean - INFO - clean() completed. Output df has 2 rows x 3 columns
2025-12-04 14:51:28,173 - src.clean - INFO - Starting clean(): input df has 1 rows x 2 columns
2025-12-04 14:51:28,178 - src.clean - INFO - Standardized string columns where present.
2025-12-04 14:51:28,178 - src.clean - INFO - clean() completed. Output df has 1 rows x 2 columns
2025-12-04 14:51:28,197 - src.load - INFO - Starting load()
2025-12-04 14:51:28,197 - src.load - INFO - Row counts - people=1, hospitals=1, doctors=1, conditions=1, insurance=1, test_results=1, admission_types=1, admissions=1, rejects=1
2025-12-04 14:51:28,198 - src.load - INFO - Connecting to database...
2025-12-04 14:51:28,198 - src.load - INFO - Database connection established.
2025-12-04 14:51:28,198 - src.load - INFO - Creating tables if they do not exist...
2025-12-04 14:51:28,198 - src.load - INFO - Tables created/verified successfully.
2025-12-04 14:51:28,198 - src.load - INFO - Truncating tables and resetting identities...
2025-12-04 14:51:28,198 - src.load - INFO - Tables truncated.
2025-12-04 14:51:28,198 - src.load - INFO - Starting insertion.
2025-12-04 14:51:28,209 - src.load - INFO - Load completed successfully.
2025-12-04 14:51:28,210 - src.load - INFO - Database connection closed. End of load().
2025-12-04 14:51:28,218 - src.load - INFO - Starting load()
2025-12-04 14:51:28,218 - src.load - INFO - Row counts - people=3, hospitals=1, doctors=1, conditions=1, insurance=1, test_results=1, admission_types=1, admissions=1, rejects=1
2025-12-04 14:51:28,218 - src.load - INFO - Connecting to database...
2025-12-04 14:51:28,218 - src.load - INFO - Database connection established.
2025-12-04 14:51:28,219 - src.load - INFO - Creating tables if they do not exist...
2025-12-04 14:51:28,219 - src.load - INFO - Tables created/verified successfully.
2025-12-04 14:51:28,219 - src.load - INFO - Truncating tables and resetting identities...
2025-12-04 14:51:28,219 - src.load - INFO - Tables truncated.
2025-12-04 14:51:28,219 - src.load - INFO - Starting insertion.
2025-12-04 14:51:28,220 - src.load - WARNING - Invalid age 150 for person Too Old; setting age to NULL before insert
2025-12-04 14:51:28,226 - src.load - INFO - Load completed successfully.
2025-12-04 14:51:28,226 - src.load - INFO - Database connection closed. End of load().
2025-12-04 14:51:28,237 - src.load - INFO - Starting load()
2025-12-04 14:51:28,237 - src.load - INFO - Row counts - people=1, hospitals=1, doctors=1, conditions=1, insurance=1, test_results=1, admission_types=1, admissions=1, rejects=1
2025-12-04 14:51:28,237 - src.load - INFO - Connecting to database...
2025-12-04 14:51:28,237 - src.load - INFO - Database connection established.
2025-12-04 14:51:28,237 - src.load - INFO - Creating tables if they do not exist...
2025-12-04 14:51:28,238 - src.load - INFO - Tables created/verified successfully.
2025-12-04 14:51:28,238 - src.load - INFO - Truncating tables and resetting identities...
2025-12-04 14:51:28,238 - src.load - INFO - Tables truncated.
2025-12-04 14:51:28,238 - src.load - INFO - Starting insertion.
2025-12-04 14:51:28,239 - src.load - ERROR - Failed inserting people row: Pandas(person_id=1, name='Error Person', age=40, gender='M', blood_type='AB+')
Traceback (most recent call last):
  File "/Users/mattmurno/Desktop/Revature training files/etl_proj/src/load.py", line 174, in load
    cur.execute(
  File "/Users/mattmurno/Desktop/Revature training files/etl_proj/tests/test_load.py", line 18, in execute
    raise psycopg2.Error("Simulated DB error")
psycopg2.Error: Simulated DB error
2025-12-04 14:51:28,249 - src.load - ERROR - Error in load() while working with the database.
Traceback (most recent call last):
  File "/Users/mattmurno/Desktop/Revature training files/etl_proj/src/load.py", line 174, in load
    cur.execute(
  File "/Users/mattmurno/Desktop/Revature training files/etl_proj/tests/test_load.py", line 18, in execute
    raise psycopg2.Error("Simulated DB error")
psycopg2.Error: Simulated DB error
2025-12-04 14:51:28,250 - src.load - INFO - Transaction rolled back due to error.
2025-12-04 14:51:28,250 - src.load - INFO - Database connection closed. End of load().
2025-12-04 14:51:28,275 - src.read - INFO - Reading CSV file from /private/var/folders/45/mms0wwj51255z_fqrdsfrqzh0000gn/T/pytest-of-mattmurno/pytest-9/test_read_csv_success0/test.csv
2025-12-04 14:51:28,284 - src.read - INFO - Successfully read CSV: 2 rows x 2 columns
2025-12-04 14:51:28,296 - src.read - INFO - Reading JSON file from /private/var/folders/45/mms0wwj51255z_fqrdsfrqzh0000gn/T/pytest-of-mattmurno/pytest-9/test_read_json_success0/test.json
2025-12-04 14:51:28,307 - src.read - INFO - Successfully read JSON: 2 rows x 2 columns
2025-12-04 14:51:28,312 - src.read - INFO - Starting read() for type=csv, path=/private/var/folders/45/mms0wwj51255z_fqrdsfrqzh0000gn/T/pytest-of-mattmurno/pytest-9/test_read_dispatches_to_csv0/test.csv
2025-12-04 14:51:28,312 - src.read - INFO - Reading CSV file from /private/var/folders/45/mms0wwj51255z_fqrdsfrqzh0000gn/T/pytest-of-mattmurno/pytest-9/test_read_dispatches_to_csv0/test.csv
2025-12-04 14:51:28,315 - src.read - INFO - Successfully read CSV: 2 rows x 2 columns
2025-12-04 14:51:28,323 - src.read - INFO - Starting read() for type=json, path=/private/var/folders/45/mms0wwj51255z_fqrdsfrqzh0000gn/T/pytest-of-mattmurno/pytest-9/test_read_dispatches_to_json0/test.json
2025-12-04 14:51:28,323 - src.read - INFO - Reading JSON file from /private/var/folders/45/mms0wwj51255z_fqrdsfrqzh0000gn/T/pytest-of-mattmurno/pytest-9/test_read_dispatches_to_json0/test.json
2025-12-04 14:51:28,327 - src.read - INFO - Successfully read JSON: 2 rows x 2 columns
2025-12-04 14:51:28,332 - src.read - INFO - Reading CSV file from /private/var/folders/45/mms0wwj51255z_fqrdsfrqzh0000gn/T/pytest-of-mattmurno/pytest-9/test_read_csv_missing_file_rai0/does_not_exist.csv
2025-12-04 14:51:28,332 - src.read - ERROR - Failed to read CSV file from /private/var/folders/45/mms0wwj51255z_fqrdsfrqzh0000gn/T/pytest-of-mattmurno/pytest-9/test_read_csv_missing_file_rai0/does_not_exist.csv
Traceback (most recent call last):
  File "/Users/mattmurno/Desktop/Revature training files/etl_proj/src/read.py", line 11, in read_csv
    df = pd.read_csv(filepath)
         ^^^^^^^^^^^^^^^^^^^^^
  File "/Users/mattmurno/Desktop/Revature training files/etl_proj/venv/lib/python3.11/site-packages/pandas/io/parsers/readers.py", line 1026, in read_csv
    return _read(filepath_or_buffer, kwds)
           ^^^^^^^^^^^^^^^^^^^^^^^^^^^^^^^
  File "/Users/mattmurno/Desktop/Revature training files/etl_proj/venv/lib/python3.11/site-packages/pandas/io/parsers/readers.py", line 620, in _read
    parser = TextFileReader(filepath_or_buffer, **kwds)
             ^^^^^^^^^^^^^^^^^^^^^^^^^^^^^^^^^^^^^^^^^^
  File "/Users/mattmurno/Desktop/Revature training files/etl_proj/venv/lib/python3.11/site-packages/pandas/io/parsers/readers.py", line 1620, in __init__
    self._engine = self._make_engine(f, self.engine)
                   ^^^^^^^^^^^^^^^^^^^^^^^^^^^^^^^^^
  File "/Users/mattmurno/Desktop/Revature training files/etl_proj/venv/lib/python3.11/site-packages/pandas/io/parsers/readers.py", line 1880, in _make_engine
    self.handles = get_handle(
                   ^^^^^^^^^^^
  File "/Users/mattmurno/Desktop/Revature training files/etl_proj/venv/lib/python3.11/site-packages/pandas/io/common.py", line 873, in get_handle
    handle = open(
             ^^^^^
FileNotFoundError: [Errno 2] No such file or directory: '/private/var/folders/45/mms0wwj51255z_fqrdsfrqzh0000gn/T/pytest-of-mattmurno/pytest-9/test_read_csv_missing_file_rai0/does_not_exist.csv'
2025-12-04 14:51:28,358 - src.read - INFO - Reading JSON file from /private/var/folders/45/mms0wwj51255z_fqrdsfrqzh0000gn/T/pytest-of-mattmurno/pytest-9/test_read_json_missing_file_ra0/does_not_exist.json
2025-12-04 14:51:28,359 - src.read - ERROR - Failed to read JSON file from /private/var/folders/45/mms0wwj51255z_fqrdsfrqzh0000gn/T/pytest-of-mattmurno/pytest-9/test_read_json_missing_file_ra0/does_not_exist.json
Traceback (most recent call last):
  File "/Users/mattmurno/Desktop/Revature training files/etl_proj/src/read.py", line 22, in read_json
    df = pd.read_json(filepath)
         ^^^^^^^^^^^^^^^^^^^^^^
  File "/Users/mattmurno/Desktop/Revature training files/etl_proj/venv/lib/python3.11/site-packages/pandas/io/json/_json.py", line 791, in read_json
    json_reader = JsonReader(
                  ^^^^^^^^^^^
  File "/Users/mattmurno/Desktop/Revature training files/etl_proj/venv/lib/python3.11/site-packages/pandas/io/json/_json.py", line 904, in __init__
    data = self._get_data_from_filepath(filepath_or_buffer)
           ^^^^^^^^^^^^^^^^^^^^^^^^^^^^^^^^^^^^^^^^^^^^^^^^
  File "/Users/mattmurno/Desktop/Revature training files/etl_proj/venv/lib/python3.11/site-packages/pandas/io/json/_json.py", line 960, in _get_data_from_filepath
    raise FileNotFoundError(f"File {filepath_or_buffer} does not exist")
FileNotFoundError: File /private/var/folders/45/mms0wwj51255z_fqrdsfrqzh0000gn/T/pytest-of-mattmurno/pytest-9/test_read_json_missing_file_ra0/does_not_exist.json does not exist
2025-12-04 14:51:28,379 - src.read - INFO - Starting read() for type=xml, path=some/path/file.xml
2025-12-04 14:51:28,380 - src.read - ERROR - Unsupported source type in read(): xml
2025-12-04 14:51:28,392 - src.transform - INFO - Starting transform(): input df has 2 rows x 15 columns
2025-12-04 14:51:28,414 - src.transform - INFO - Built people_df (no nulls): 2 rows x 5 columns
2025-12-04 14:51:28,427 - src.transform - INFO - Built doctors_df (pre-hospital merge, no nulls): 2 rows x 3 columns
2025-12-04 14:51:28,432 - src.transform - INFO - Built hospitals_df (no nulls): 2 rows x 2 columns
2025-12-04 14:51:28,439 - src.transform - INFO - Updated doctors_df after hospital merge: 2 rows x 4 columns
2025-12-04 14:51:28,443 - src.transform - INFO - Built conditions_df (no nulls): 2 rows x 2 columns
2025-12-04 14:51:28,447 - src.transform - INFO - Built insurance_df (no nulls): 1 rows x 2 columns
2025-12-04 14:51:28,475 - src.transform - INFO - Built test_results_df (no nulls): 2 rows x 2 columns
2025-12-04 14:51:28,481 - src.transform - INFO - Built admission_types_df (no nulls): 2 rows x 2 columns
2025-12-04 14:51:28,495 - src.transform - INFO - Finished merges; df is now 2 rows x 27 columns
2025-12-04 14:51:28,505 - src.transform - INFO - Built admissions_df: 2 rows x 12 columns
2025-12-04 14:51:28,506 - src.transform - INFO - After reject split: 2 valid admissions, 0 rejected rows
2025-12-04 14:51:28,506 - src.transform - INFO - transform() completed successfully. Output tables: {'people': (2, 5), 'doctors': (2, 4), 'hospitals': (2, 2), 'conditions': (2, 2), 'insurance': (1, 2), 'admission_types': (2, 2), 'test_results': (2, 2), 'admissions': (2, 12), 'rejects': (0, 16)}
2025-12-04 14:51:28,511 - src.transform - INFO - Starting transform(): input df has 3 rows x 15 columns
2025-12-04 14:51:28,516 - src.transform - INFO - Built people_df (no nulls): 2 rows x 5 columns
2025-12-04 14:51:28,521 - src.transform - INFO - Built doctors_df (pre-hospital merge, no nulls): 2 rows x 3 columns
2025-12-04 14:51:28,524 - src.transform - INFO - Built hospitals_df (no nulls): 2 rows x 2 columns
2025-12-04 14:51:28,528 - src.transform - INFO - Updated doctors_df after hospital merge: 2 rows x 4 columns
2025-12-04 14:51:28,535 - src.transform - INFO - Built conditions_df (no nulls): 2 rows x 2 columns
2025-12-04 14:51:28,539 - src.transform - INFO - Built insurance_df (no nulls): 1 rows x 2 columns
2025-12-04 14:51:28,541 - src.transform - WARNING - test_results_df: 1 invalid or null result_label value(s) dropped before dimension build
2025-12-04 14:51:28,542 - src.transform - INFO - Built test_results_df (no nulls): 2 rows x 2 columns
2025-12-04 14:51:28,545 - src.transform - INFO - Built admission_types_df (no nulls): 2 rows x 2 columns
2025-12-04 14:51:28,557 - src.transform - INFO - Finished merges; df is now 3 rows x 27 columns
2025-12-04 14:51:28,564 - src.transform - INFO - Built admissions_df: 2 rows x 12 columns
2025-12-04 14:51:28,565 - src.transform - INFO - After reject split: 2 valid admissions, 1 rejected rows
2025-12-04 14:51:28,565 - src.transform - INFO - transform() completed successfully. Output tables: {'people': (2, 5), 'doctors': (2, 4), 'hospitals': (2, 2), 'conditions': (2, 2), 'insurance': (1, 2), 'admission_types': (2, 2), 'test_results': (2, 2), 'admissions': (2, 12), 'rejects': (1, 16)}
2025-12-04 14:51:28,570 - src.transform - INFO - Starting transform(): input df has 1 rows x 14 columns
2025-12-04 14:51:28,571 - src.transform - ERROR - transform() failed.
Traceback (most recent call last):
  File "/Users/mattmurno/Desktop/Revature training files/etl_proj/src/transform.py", line 17, in transform
    df[["name", "age", "gender", "blood_type"]]
    ~~^^^^^^^^^^^^^^^^^^^^^^^^^^^^^^^^^^^^^^^^^
  File "/Users/mattmurno/Desktop/Revature training files/etl_proj/venv/lib/python3.11/site-packages/pandas/core/frame.py", line 4119, in __getitem__
    indexer = self.columns._get_indexer_strict(key, "columns")[1]
              ^^^^^^^^^^^^^^^^^^^^^^^^^^^^^^^^^^^^^^^^^^^^^^^^
  File "/Users/mattmurno/Desktop/Revature training files/etl_proj/venv/lib/python3.11/site-packages/pandas/core/indexes/base.py", line 6212, in _get_indexer_strict
    self._raise_if_missing(keyarr, indexer, axis_name)
  File "/Users/mattmurno/Desktop/Revature training files/etl_proj/venv/lib/python3.11/site-packages/pandas/core/indexes/base.py", line 6264, in _raise_if_missing
    raise KeyError(f"{not_found} not in index")
KeyError: "['name'] not in index"
2025-12-05 10:26:30,026 - src.read - INFO - Starting read() for type=csv, path=data/healthcare_dataset_dirty.csv
2025-12-05 10:26:30,035 - src.read - INFO - Reading CSV file from data/healthcare_dataset_dirty.csv
2025-12-05 10:26:30,514 - src.read - INFO - Successfully read CSV: 57166 rows x 15 columns
2025-12-05 10:26:30,514 - src.clean - INFO - Starting clean(): input df has 57166 rows x 15 columns
2025-12-05 10:26:30,920 - src.clean - INFO - Standardized string columns where present.
2025-12-05 10:26:30,964 - src.clean - WARNING - Column age: 285 value(s) could not be converted to numeric and were set to NaN
2025-12-05 10:26:31,044 - src.clean - INFO - Column billing_amount converted to numeric successfully.
2025-12-05 10:26:31,075 - src.clean - WARNING - Column room_number: 394 value(s) could not be converted to numeric and were set to NaN
2025-12-05 10:26:31,076 - src.clean - INFO - Age range before validation: min=0.0, max=150.0
2025-12-05 10:26:31,077 - src.clean - WARNING - Age: 144 value(s) outside valid range (0–120); setting to NA
2025-12-05 10:26:31,078 - src.clean - INFO - Room_number range before validation: min=101.0, max=500.0
2025-12-05 10:26:31,079 - src.clean - INFO - Rounded billing_amount to 2 decimal places.
2025-12-05 10:26:31,228 - src.clean - WARNING - Column date_of_admission: 2858 value(s) could not be parsed as datetime and were set to NaT
2025-12-05 10:26:31,244 - src.clean - WARNING - Column discharge_date: 2858 value(s) could not be parsed as datetime and were set to NaT
2025-12-05 10:26:31,245 - src.clean - INFO - clean() completed. Output df has 57166 rows x 15 columns
2025-12-05 10:26:31,245 - src.transform - INFO - Starting transform(): input df has 57166 rows x 15 columns
2025-12-05 10:26:31,489 - src.transform - INFO - Built people_df (no nulls): 46803 rows x 5 columns
2025-12-05 10:26:31,538 - src.transform - INFO - Built doctors_df (pre-hospital merge, no nulls): 46283 rows x 3 columns
2025-12-05 10:26:31,564 - src.transform - INFO - Built hospitals_df (no nulls): 37437 rows x 2 columns
2025-12-05 10:26:31,612 - src.transform - INFO - Updated doctors_df after hospital merge: 46283 rows x 4 columns
2025-12-05 10:26:31,636 - src.transform - INFO - Built conditions_df (no nulls): 6 rows x 2 columns
2025-12-05 10:26:31,656 - src.transform - INFO - Built insurance_df (no nulls): 6 rows x 2 columns
2025-12-05 10:26:31,670 - src.transform - WARNING - test_results_df: 2839 invalid or null result_label value(s) dropped before dimension build
2025-12-05 10:26:31,677 - src.transform - INFO - Built test_results_df (no nulls): 3 rows x 2 columns
2025-12-05 10:26:31,696 - src.transform - INFO - Built admission_types_df (no nulls): 3 rows x 2 columns
2025-12-05 10:26:32,059 - src.transform - INFO - Finished merges; df is now 57166 rows x 27 columns
2025-12-05 10:26:33,396 - src.transform - INFO - Built admissions_df: 25974 rows x 12 columns
2025-12-05 10:26:33,396 - src.transform - INFO - After reject split: 25974 valid admissions, 31192 rejected rows
2025-12-05 10:26:33,396 - src.transform - INFO - transform() completed successfully. Output tables: {'people': (46803, 5), 'doctors': (46283, 4), 'hospitals': (37437, 2), 'conditions': (6, 2), 'insurance': (6, 2), 'admission_types': (3, 2), 'test_results': (3, 2), 'admissions': (25974, 12), 'rejects': (31192, 16)}
2025-12-05 10:26:33,402 - src.load - INFO - Starting load()
2025-12-05 10:26:33,402 - src.load - INFO - Row counts - people=46803, hospitals=37437, doctors=46283, conditions=6, insurance=6, test_results=3, admission_types=3, admissions=25974, rejects=31192
2025-12-05 10:26:33,403 - src.load - INFO - Connecting to database...
2025-12-05 10:26:33,568 - src.load - INFO - Database connection established.
2025-12-05 10:26:33,569 - src.load - INFO - Ensuring table people exists
2025-12-05 10:26:33,605 - src.load - INFO - Ensuring table hospitals exists
2025-12-05 10:26:33,625 - src.load - INFO - Ensuring table doctors exists
2025-12-05 10:26:33,633 - src.load - INFO - Ensuring table conditions exists
2025-12-05 10:26:33,644 - src.load - INFO - Ensuring table insurance exists
2025-12-05 10:26:33,659 - src.load - INFO - Ensuring table test_results exists
2025-12-05 10:26:33,665 - src.load - INFO - Ensuring table admission_types exists
2025-12-05 10:26:33,676 - src.load - INFO - Ensuring table admission_data exists
2025-12-05 10:26:33,690 - src.load - INFO - Ensuring table rejects exists
2025-12-05 10:26:33,701 - src.load - INFO - Tables created/verified successfully.
2025-12-05 10:26:33,708 - src.load - INFO - Truncating tables and resetting identities...
2025-12-05 10:26:33,764 - src.load - INFO - Tables truncated.
2025-12-05 10:26:33,765 - src.load - INFO - Starting insertion.
2025-12-05 10:27:08,522 - src.load - INFO - Load completed successfully.
2025-12-05 10:27:08,522 - src.load - INFO - Database connection closed. End of load().
2025-12-05 10:32:25,187 - src.clean - INFO - Starting clean(): input df has 2 rows x 3 columns
2025-12-05 10:32:25,947 - src.clean - INFO - Standardized string columns where present.
2025-12-05 10:32:25,947 - src.clean - INFO - clean() completed. Output df has 2 rows x 3 columns
2025-12-05 10:32:25,969 - src.clean - INFO - Starting clean(): input df has 1 rows x 2 columns
2025-12-05 10:32:25,976 - src.clean - INFO - Standardized string columns where present.
2025-12-05 10:32:25,977 - src.clean - INFO - clean() completed. Output df has 1 rows x 2 columns
2025-12-05 10:32:26,062 - src.load - INFO - Starting load()
2025-12-05 10:32:26,062 - src.load - INFO - Row counts - people=1, hospitals=1, doctors=1, conditions=1, insurance=1, test_results=1, admission_types=1, admissions=1, rejects=1
2025-12-05 10:32:26,062 - src.load - INFO - Connecting to database...
2025-12-05 10:32:26,062 - src.load - INFO - Database connection established.
2025-12-05 10:32:26,062 - src.load - INFO - Database connection closed. End of load().
2025-12-05 10:32:26,223 - src.load - INFO - Starting load()
2025-12-05 10:32:26,224 - src.load - INFO - Row counts - people=3, hospitals=1, doctors=1, conditions=1, insurance=1, test_results=1, admission_types=1, admissions=1, rejects=1
2025-12-05 10:32:26,224 - src.load - INFO - Connecting to database...
2025-12-05 10:32:26,224 - src.load - INFO - Database connection established.
2025-12-05 10:32:26,224 - src.load - INFO - Database connection closed. End of load().
2025-12-05 10:32:26,263 - src.load - INFO - Starting load()
2025-12-05 10:32:26,263 - src.load - INFO - Row counts - people=1, hospitals=1, doctors=1, conditions=1, insurance=1, test_results=1, admission_types=1, admissions=1, rejects=1
2025-12-05 10:32:26,263 - src.load - INFO - Connecting to database...
2025-12-05 10:32:26,263 - src.load - INFO - Database connection established.
2025-12-05 10:32:26,263 - src.load - INFO - Database connection closed. End of load().
2025-12-05 10:32:26,326 - src.read - INFO - Reading CSV file from /private/var/folders/45/mms0wwj51255z_fqrdsfrqzh0000gn/T/pytest-of-mattmurno/pytest-10/test_read_csv_success0/test.csv
2025-12-05 10:32:26,367 - src.read - INFO - Successfully read CSV: 2 rows x 2 columns
2025-12-05 10:32:26,376 - src.read - INFO - Reading JSON file from /private/var/folders/45/mms0wwj51255z_fqrdsfrqzh0000gn/T/pytest-of-mattmurno/pytest-10/test_read_json_success0/test.json
2025-12-05 10:32:26,388 - src.read - INFO - Successfully read JSON: 2 rows x 2 columns
2025-12-05 10:32:26,395 - src.read - INFO - Starting read() for type=csv, path=/private/var/folders/45/mms0wwj51255z_fqrdsfrqzh0000gn/T/pytest-of-mattmurno/pytest-10/test_read_dispatches_to_csv0/test.csv
2025-12-05 10:32:26,395 - src.read - INFO - Reading CSV file from /private/var/folders/45/mms0wwj51255z_fqrdsfrqzh0000gn/T/pytest-of-mattmurno/pytest-10/test_read_dispatches_to_csv0/test.csv
2025-12-05 10:32:26,397 - src.read - INFO - Successfully read CSV: 2 rows x 2 columns
2025-12-05 10:32:26,402 - src.read - INFO - Starting read() for type=json, path=/private/var/folders/45/mms0wwj51255z_fqrdsfrqzh0000gn/T/pytest-of-mattmurno/pytest-10/test_read_dispatches_to_json0/test.json
2025-12-05 10:32:26,402 - src.read - INFO - Reading JSON file from /private/var/folders/45/mms0wwj51255z_fqrdsfrqzh0000gn/T/pytest-of-mattmurno/pytest-10/test_read_dispatches_to_json0/test.json
2025-12-05 10:32:26,408 - src.read - INFO - Successfully read JSON: 2 rows x 2 columns
2025-12-05 10:32:26,413 - src.read - INFO - Reading CSV file from /private/var/folders/45/mms0wwj51255z_fqrdsfrqzh0000gn/T/pytest-of-mattmurno/pytest-10/test_read_csv_missing_file_rai0/does_not_exist.csv
2025-12-05 10:32:26,414 - src.read - ERROR - Failed to read CSV file from /private/var/folders/45/mms0wwj51255z_fqrdsfrqzh0000gn/T/pytest-of-mattmurno/pytest-10/test_read_csv_missing_file_rai0/does_not_exist.csv
Traceback (most recent call last):
  File "/Users/mattmurno/Desktop/Revature training files/etl_proj/src/read.py", line 11, in read_csv
    df = pd.read_csv(filepath)
         ^^^^^^^^^^^^^^^^^^^^^
  File "/Users/mattmurno/Desktop/Revature training files/etl_proj/venv/lib/python3.11/site-packages/pandas/io/parsers/readers.py", line 1026, in read_csv
    return _read(filepath_or_buffer, kwds)
           ^^^^^^^^^^^^^^^^^^^^^^^^^^^^^^^
  File "/Users/mattmurno/Desktop/Revature training files/etl_proj/venv/lib/python3.11/site-packages/pandas/io/parsers/readers.py", line 620, in _read
    parser = TextFileReader(filepath_or_buffer, **kwds)
             ^^^^^^^^^^^^^^^^^^^^^^^^^^^^^^^^^^^^^^^^^^
  File "/Users/mattmurno/Desktop/Revature training files/etl_proj/venv/lib/python3.11/site-packages/pandas/io/parsers/readers.py", line 1620, in __init__
    self._engine = self._make_engine(f, self.engine)
                   ^^^^^^^^^^^^^^^^^^^^^^^^^^^^^^^^^
  File "/Users/mattmurno/Desktop/Revature training files/etl_proj/venv/lib/python3.11/site-packages/pandas/io/parsers/readers.py", line 1880, in _make_engine
    self.handles = get_handle(
                   ^^^^^^^^^^^
  File "/Users/mattmurno/Desktop/Revature training files/etl_proj/venv/lib/python3.11/site-packages/pandas/io/common.py", line 873, in get_handle
    handle = open(
             ^^^^^
FileNotFoundError: [Errno 2] No such file or directory: '/private/var/folders/45/mms0wwj51255z_fqrdsfrqzh0000gn/T/pytest-of-mattmurno/pytest-10/test_read_csv_missing_file_rai0/does_not_exist.csv'
2025-12-05 10:32:26,497 - src.read - INFO - Reading JSON file from /private/var/folders/45/mms0wwj51255z_fqrdsfrqzh0000gn/T/pytest-of-mattmurno/pytest-10/test_read_json_missing_file_ra0/does_not_exist.json
2025-12-05 10:32:26,498 - src.read - ERROR - Failed to read JSON file from /private/var/folders/45/mms0wwj51255z_fqrdsfrqzh0000gn/T/pytest-of-mattmurno/pytest-10/test_read_json_missing_file_ra0/does_not_exist.json
Traceback (most recent call last):
  File "/Users/mattmurno/Desktop/Revature training files/etl_proj/src/read.py", line 22, in read_json
    df = pd.read_json(filepath)
         ^^^^^^^^^^^^^^^^^^^^^^
  File "/Users/mattmurno/Desktop/Revature training files/etl_proj/venv/lib/python3.11/site-packages/pandas/io/json/_json.py", line 791, in read_json
    json_reader = JsonReader(
                  ^^^^^^^^^^^
  File "/Users/mattmurno/Desktop/Revature training files/etl_proj/venv/lib/python3.11/site-packages/pandas/io/json/_json.py", line 904, in __init__
    data = self._get_data_from_filepath(filepath_or_buffer)
           ^^^^^^^^^^^^^^^^^^^^^^^^^^^^^^^^^^^^^^^^^^^^^^^^
  File "/Users/mattmurno/Desktop/Revature training files/etl_proj/venv/lib/python3.11/site-packages/pandas/io/json/_json.py", line 960, in _get_data_from_filepath
    raise FileNotFoundError(f"File {filepath_or_buffer} does not exist")
FileNotFoundError: File /private/var/folders/45/mms0wwj51255z_fqrdsfrqzh0000gn/T/pytest-of-mattmurno/pytest-10/test_read_json_missing_file_ra0/does_not_exist.json does not exist
2025-12-05 10:32:26,503 - src.read - INFO - Starting read() for type=xml, path=some/path/file.xml
2025-12-05 10:32:26,503 - src.read - ERROR - Unsupported source type in read(): xml
2025-12-05 10:32:26,508 - src.transform - INFO - Starting transform(): input df has 2 rows x 15 columns
2025-12-05 10:32:26,545 - src.transform - INFO - Built people_df (no nulls): 2 rows x 5 columns
2025-12-05 10:32:26,552 - src.transform - INFO - Built doctors_df (pre-hospital merge, no nulls): 2 rows x 3 columns
2025-12-05 10:32:26,557 - src.transform - INFO - Built hospitals_df (no nulls): 2 rows x 2 columns
2025-12-05 10:32:26,672 - src.transform - INFO - Updated doctors_df after hospital merge: 2 rows x 4 columns
2025-12-05 10:32:26,676 - src.transform - INFO - Built conditions_df (no nulls): 2 rows x 2 columns
2025-12-05 10:32:26,679 - src.transform - INFO - Built insurance_df (no nulls): 1 rows x 2 columns
2025-12-05 10:32:26,683 - src.transform - INFO - Built test_results_df (no nulls): 2 rows x 2 columns
2025-12-05 10:32:26,687 - src.transform - INFO - Built admission_types_df (no nulls): 2 rows x 2 columns
2025-12-05 10:32:26,709 - src.transform - INFO - Finished merges; df is now 2 rows x 27 columns
2025-12-05 10:32:26,721 - src.transform - INFO - Built admissions_df: 2 rows x 12 columns
2025-12-05 10:32:26,721 - src.transform - INFO - After reject split: 2 valid admissions, 0 rejected rows
2025-12-05 10:32:26,722 - src.transform - INFO - transform() completed successfully. Output tables: {'people': (2, 5), 'doctors': (2, 4), 'hospitals': (2, 2), 'conditions': (2, 2), 'insurance': (1, 2), 'admission_types': (2, 2), 'test_results': (2, 2), 'admissions': (2, 12), 'rejects': (0, 16)}
2025-12-05 10:32:26,728 - src.transform - INFO - Starting transform(): input df has 3 rows x 15 columns
2025-12-05 10:32:26,731 - src.transform - INFO - Built people_df (no nulls): 2 rows x 5 columns
2025-12-05 10:32:26,736 - src.transform - INFO - Built doctors_df (pre-hospital merge, no nulls): 2 rows x 3 columns
2025-12-05 10:32:26,741 - src.transform - INFO - Built hospitals_df (no nulls): 2 rows x 2 columns
2025-12-05 10:32:26,744 - src.transform - INFO - Updated doctors_df after hospital merge: 2 rows x 4 columns
2025-12-05 10:32:26,749 - src.transform - INFO - Built conditions_df (no nulls): 2 rows x 2 columns
2025-12-05 10:32:26,753 - src.transform - INFO - Built insurance_df (no nulls): 1 rows x 2 columns
2025-12-05 10:32:26,755 - src.transform - WARNING - test_results_df: 1 invalid or null result_label value(s) dropped before dimension build
2025-12-05 10:32:26,757 - src.transform - INFO - Built test_results_df (no nulls): 2 rows x 2 columns
2025-12-05 10:32:26,760 - src.transform - INFO - Built admission_types_df (no nulls): 2 rows x 2 columns
2025-12-05 10:32:26,775 - src.transform - INFO - Finished merges; df is now 3 rows x 27 columns
2025-12-05 10:32:26,782 - src.transform - INFO - Built admissions_df: 2 rows x 12 columns
2025-12-05 10:32:26,782 - src.transform - INFO - After reject split: 2 valid admissions, 1 rejected rows
2025-12-05 10:32:26,783 - src.transform - INFO - transform() completed successfully. Output tables: {'people': (2, 5), 'doctors': (2, 4), 'hospitals': (2, 2), 'conditions': (2, 2), 'insurance': (1, 2), 'admission_types': (2, 2), 'test_results': (2, 2), 'admissions': (2, 12), 'rejects': (1, 16)}
2025-12-05 10:32:26,788 - src.transform - INFO - Starting transform(): input df has 1 rows x 14 columns
2025-12-05 10:32:26,789 - src.transform - ERROR - transform() failed.
Traceback (most recent call last):
  File "/Users/mattmurno/Desktop/Revature training files/etl_proj/src/transform.py", line 17, in transform
    df[["name", "age", "gender", "blood_type"]]
    ~~^^^^^^^^^^^^^^^^^^^^^^^^^^^^^^^^^^^^^^^^^
  File "/Users/mattmurno/Desktop/Revature training files/etl_proj/venv/lib/python3.11/site-packages/pandas/core/frame.py", line 4119, in __getitem__
    indexer = self.columns._get_indexer_strict(key, "columns")[1]
              ^^^^^^^^^^^^^^^^^^^^^^^^^^^^^^^^^^^^^^^^^^^^^^^^
  File "/Users/mattmurno/Desktop/Revature training files/etl_proj/venv/lib/python3.11/site-packages/pandas/core/indexes/base.py", line 6212, in _get_indexer_strict
    self._raise_if_missing(keyarr, indexer, axis_name)
  File "/Users/mattmurno/Desktop/Revature training files/etl_proj/venv/lib/python3.11/site-packages/pandas/core/indexes/base.py", line 6264, in _raise_if_missing
    raise KeyError(f"{not_found} not in index")
KeyError: "['name'] not in index"
2025-12-05 10:43:45,053 - src.clean - INFO - Starting clean(): input df has 2 rows x 3 columns
2025-12-05 10:43:45,174 - src.clean - INFO - Standardized string columns where present.
2025-12-05 10:43:45,175 - src.clean - INFO - clean() completed. Output df has 2 rows x 3 columns
2025-12-05 10:43:45,181 - src.clean - INFO - Starting clean(): input df has 1 rows x 2 columns
2025-12-05 10:43:45,190 - src.clean - INFO - Standardized string columns where present.
2025-12-05 10:43:45,190 - src.clean - INFO - clean() completed. Output df has 1 rows x 2 columns
2025-12-05 10:43:45,220 - src.load - INFO - Starting load()
2025-12-05 10:43:45,221 - src.load - INFO - Row counts - people=1, hospitals=1, doctors=1, conditions=1, insurance=1, test_results=1, admission_types=1, admissions=1, rejects=1
2025-12-05 10:43:45,221 - src.load - INFO - Connecting to database...
2025-12-05 10:43:45,221 - src.load - INFO - Database connection established.
2025-12-05 10:43:45,222 - src.load - INFO - Tables created/verified successfully.
2025-12-05 10:43:45,222 - src.load - INFO - Truncating tables and resetting identities...
2025-12-05 10:43:45,222 - src.load - INFO - Tables truncated.
2025-12-05 10:43:45,222 - src.load - INFO - Starting insertion.
2025-12-05 10:43:45,236 - src.load - INFO - Load completed successfully.
2025-12-05 10:43:45,236 - src.load - INFO - Database connection closed. End of load().
2025-12-05 10:43:45,532 - src.load - INFO - Starting load()
2025-12-05 10:43:45,533 - src.load - INFO - Row counts - people=3, hospitals=1, doctors=1, conditions=1, insurance=1, test_results=1, admission_types=1, admissions=1, rejects=1
2025-12-05 10:43:45,533 - src.load - INFO - Connecting to database...
2025-12-05 10:43:45,533 - src.load - INFO - Database connection established.
2025-12-05 10:43:45,533 - src.load - INFO - Tables created/verified successfully.
2025-12-05 10:43:45,533 - src.load - INFO - Truncating tables and resetting identities...
2025-12-05 10:43:45,533 - src.load - INFO - Tables truncated.
2025-12-05 10:43:45,533 - src.load - INFO - Starting insertion.
2025-12-05 10:43:45,534 - src.load - WARNING - Invalid age 150 for person Too Old; setting age to NULL before insert
2025-12-05 10:43:45,540 - src.load - INFO - Load completed successfully.
2025-12-05 10:43:45,541 - src.load - INFO - Database connection closed. End of load().
2025-12-05 10:43:45,548 - src.load - INFO - Starting load()
2025-12-05 10:43:45,549 - src.load - INFO - Row counts - people=1, hospitals=1, doctors=1, conditions=1, insurance=1, test_results=1, admission_types=1, admissions=1, rejects=1
2025-12-05 10:43:45,549 - src.load - INFO - Connecting to database...
2025-12-05 10:43:45,549 - src.load - INFO - Database connection established.
2025-12-05 10:43:45,551 - src.load - INFO - Tables created/verified successfully.
2025-12-05 10:43:45,551 - src.load - INFO - Truncating tables and resetting identities...
2025-12-05 10:43:45,551 - src.load - INFO - Tables truncated.
2025-12-05 10:43:45,551 - src.load - INFO - Starting insertion.
2025-12-05 10:43:45,552 - src.load - ERROR - Failed inserting people row: Pandas(person_id=1, name='Error Person', age=40, gender='M', blood_type='AB+')
Traceback (most recent call last):
  File "/Users/mattmurno/Desktop/Revature training files/etl_proj/src/load.py", line 130, in load
    cur.execute(
  File "/Users/mattmurno/Desktop/Revature training files/etl_proj/tests/test_load.py", line 18, in execute
    raise psycopg2.Error("Simulated DB error")
psycopg2.Error: Simulated DB error
2025-12-05 10:43:45,554 - src.load - ERROR - Error in load() while working with the database.
Traceback (most recent call last):
  File "/Users/mattmurno/Desktop/Revature training files/etl_proj/src/load.py", line 130, in load
    cur.execute(
  File "/Users/mattmurno/Desktop/Revature training files/etl_proj/tests/test_load.py", line 18, in execute
    raise psycopg2.Error("Simulated DB error")
psycopg2.Error: Simulated DB error
2025-12-05 10:43:45,555 - src.load - INFO - Transaction rolled back due to error.
2025-12-05 10:43:45,561 - src.load - INFO - Database connection closed. End of load().
2025-12-05 10:43:45,599 - src.read - INFO - Reading CSV file from /private/var/folders/45/mms0wwj51255z_fqrdsfrqzh0000gn/T/pytest-of-mattmurno/pytest-11/test_read_csv_success0/test.csv
2025-12-05 10:43:45,608 - src.read - INFO - Successfully read CSV: 2 rows x 2 columns
2025-12-05 10:43:45,615 - src.read - INFO - Reading JSON file from /private/var/folders/45/mms0wwj51255z_fqrdsfrqzh0000gn/T/pytest-of-mattmurno/pytest-11/test_read_json_success0/test.json
2025-12-05 10:43:45,645 - src.read - INFO - Successfully read JSON: 2 rows x 2 columns
2025-12-05 10:43:45,651 - src.read - INFO - Starting read() for type=csv, path=/private/var/folders/45/mms0wwj51255z_fqrdsfrqzh0000gn/T/pytest-of-mattmurno/pytest-11/test_read_dispatches_to_csv0/test.csv
2025-12-05 10:43:45,652 - src.read - INFO - Reading CSV file from /private/var/folders/45/mms0wwj51255z_fqrdsfrqzh0000gn/T/pytest-of-mattmurno/pytest-11/test_read_dispatches_to_csv0/test.csv
2025-12-05 10:43:45,656 - src.read - INFO - Successfully read CSV: 2 rows x 2 columns
2025-12-05 10:43:45,664 - src.read - INFO - Starting read() for type=json, path=/private/var/folders/45/mms0wwj51255z_fqrdsfrqzh0000gn/T/pytest-of-mattmurno/pytest-11/test_read_dispatches_to_json0/test.json
2025-12-05 10:43:45,664 - src.read - INFO - Reading JSON file from /private/var/folders/45/mms0wwj51255z_fqrdsfrqzh0000gn/T/pytest-of-mattmurno/pytest-11/test_read_dispatches_to_json0/test.json
2025-12-05 10:43:45,670 - src.read - INFO - Successfully read JSON: 2 rows x 2 columns
2025-12-05 10:43:45,675 - src.read - INFO - Reading CSV file from /private/var/folders/45/mms0wwj51255z_fqrdsfrqzh0000gn/T/pytest-of-mattmurno/pytest-11/test_read_csv_missing_file_rai0/does_not_exist.csv
2025-12-05 10:43:45,676 - src.read - ERROR - Failed to read CSV file from /private/var/folders/45/mms0wwj51255z_fqrdsfrqzh0000gn/T/pytest-of-mattmurno/pytest-11/test_read_csv_missing_file_rai0/does_not_exist.csv
Traceback (most recent call last):
  File "/Users/mattmurno/Desktop/Revature training files/etl_proj/src/read.py", line 11, in read_csv
    df = pd.read_csv(filepath)
         ^^^^^^^^^^^^^^^^^^^^^
  File "/Users/mattmurno/Desktop/Revature training files/etl_proj/venv/lib/python3.11/site-packages/pandas/io/parsers/readers.py", line 1026, in read_csv
    return _read(filepath_or_buffer, kwds)
           ^^^^^^^^^^^^^^^^^^^^^^^^^^^^^^^
  File "/Users/mattmurno/Desktop/Revature training files/etl_proj/venv/lib/python3.11/site-packages/pandas/io/parsers/readers.py", line 620, in _read
    parser = TextFileReader(filepath_or_buffer, **kwds)
             ^^^^^^^^^^^^^^^^^^^^^^^^^^^^^^^^^^^^^^^^^^
  File "/Users/mattmurno/Desktop/Revature training files/etl_proj/venv/lib/python3.11/site-packages/pandas/io/parsers/readers.py", line 1620, in __init__
    self._engine = self._make_engine(f, self.engine)
                   ^^^^^^^^^^^^^^^^^^^^^^^^^^^^^^^^^
  File "/Users/mattmurno/Desktop/Revature training files/etl_proj/venv/lib/python3.11/site-packages/pandas/io/parsers/readers.py", line 1880, in _make_engine
    self.handles = get_handle(
                   ^^^^^^^^^^^
  File "/Users/mattmurno/Desktop/Revature training files/etl_proj/venv/lib/python3.11/site-packages/pandas/io/common.py", line 873, in get_handle
    handle = open(
             ^^^^^
FileNotFoundError: [Errno 2] No such file or directory: '/private/var/folders/45/mms0wwj51255z_fqrdsfrqzh0000gn/T/pytest-of-mattmurno/pytest-11/test_read_csv_missing_file_rai0/does_not_exist.csv'
2025-12-05 10:43:45,694 - src.read - INFO - Reading JSON file from /private/var/folders/45/mms0wwj51255z_fqrdsfrqzh0000gn/T/pytest-of-mattmurno/pytest-11/test_read_json_missing_file_ra0/does_not_exist.json
2025-12-05 10:43:45,695 - src.read - ERROR - Failed to read JSON file from /private/var/folders/45/mms0wwj51255z_fqrdsfrqzh0000gn/T/pytest-of-mattmurno/pytest-11/test_read_json_missing_file_ra0/does_not_exist.json
Traceback (most recent call last):
  File "/Users/mattmurno/Desktop/Revature training files/etl_proj/src/read.py", line 22, in read_json
    df = pd.read_json(filepath)
         ^^^^^^^^^^^^^^^^^^^^^^
  File "/Users/mattmurno/Desktop/Revature training files/etl_proj/venv/lib/python3.11/site-packages/pandas/io/json/_json.py", line 791, in read_json
    json_reader = JsonReader(
                  ^^^^^^^^^^^
  File "/Users/mattmurno/Desktop/Revature training files/etl_proj/venv/lib/python3.11/site-packages/pandas/io/json/_json.py", line 904, in __init__
    data = self._get_data_from_filepath(filepath_or_buffer)
           ^^^^^^^^^^^^^^^^^^^^^^^^^^^^^^^^^^^^^^^^^^^^^^^^
  File "/Users/mattmurno/Desktop/Revature training files/etl_proj/venv/lib/python3.11/site-packages/pandas/io/json/_json.py", line 960, in _get_data_from_filepath
    raise FileNotFoundError(f"File {filepath_or_buffer} does not exist")
FileNotFoundError: File /private/var/folders/45/mms0wwj51255z_fqrdsfrqzh0000gn/T/pytest-of-mattmurno/pytest-11/test_read_json_missing_file_ra0/does_not_exist.json does not exist
2025-12-05 10:43:45,701 - src.read - INFO - Starting read() for type=xml, path=some/path/file.xml
2025-12-05 10:43:45,701 - src.read - ERROR - Unsupported source type in read(): xml
2025-12-05 10:43:45,710 - src.transform - INFO - Starting transform(): input df has 2 rows x 15 columns
2025-12-05 10:43:45,732 - src.transform - INFO - Built people_df (no nulls): 2 rows x 5 columns
2025-12-05 10:43:45,740 - src.transform - INFO - Built doctors_df (pre-hospital merge, no nulls): 2 rows x 3 columns
2025-12-05 10:43:45,743 - src.transform - INFO - Built hospitals_df (no nulls): 2 rows x 2 columns
2025-12-05 10:43:45,759 - src.transform - INFO - Updated doctors_df after hospital merge: 2 rows x 4 columns
2025-12-05 10:43:45,762 - src.transform - INFO - Built conditions_df (no nulls): 2 rows x 2 columns
2025-12-05 10:43:45,764 - src.transform - INFO - Built insurance_df (no nulls): 1 rows x 2 columns
2025-12-05 10:43:45,768 - src.transform - INFO - Built test_results_df (no nulls): 2 rows x 2 columns
2025-12-05 10:43:45,772 - src.transform - INFO - Built admission_types_df (no nulls): 2 rows x 2 columns
2025-12-05 10:43:45,793 - src.transform - INFO - Finished merges; df is now 2 rows x 27 columns
2025-12-05 10:43:45,801 - src.transform - INFO - Built admissions_df: 2 rows x 12 columns
2025-12-05 10:43:45,801 - src.transform - INFO - After reject split: 2 valid admissions, 0 rejected rows
2025-12-05 10:43:45,802 - src.transform - INFO - transform() completed successfully. Output tables: {'people': (2, 5), 'doctors': (2, 4), 'hospitals': (2, 2), 'conditions': (2, 2), 'insurance': (1, 2), 'admission_types': (2, 2), 'test_results': (2, 2), 'admissions': (2, 12), 'rejects': (0, 16)}
2025-12-05 10:43:45,807 - src.transform - INFO - Starting transform(): input df has 3 rows x 15 columns
2025-12-05 10:43:45,811 - src.transform - INFO - Built people_df (no nulls): 2 rows x 5 columns
2025-12-05 10:43:45,815 - src.transform - INFO - Built doctors_df (pre-hospital merge, no nulls): 2 rows x 3 columns
2025-12-05 10:43:45,819 - src.transform - INFO - Built hospitals_df (no nulls): 2 rows x 2 columns
2025-12-05 10:43:45,822 - src.transform - INFO - Updated doctors_df after hospital merge: 2 rows x 4 columns
2025-12-05 10:43:45,826 - src.transform - INFO - Built conditions_df (no nulls): 2 rows x 2 columns
2025-12-05 10:43:45,829 - src.transform - INFO - Built insurance_df (no nulls): 1 rows x 2 columns
2025-12-05 10:43:45,830 - src.transform - WARNING - test_results_df: 1 invalid or null result_label value(s) dropped before dimension build
2025-12-05 10:43:45,831 - src.transform - INFO - Built test_results_df (no nulls): 2 rows x 2 columns
2025-12-05 10:43:45,835 - src.transform - INFO - Built admission_types_df (no nulls): 2 rows x 2 columns
2025-12-05 10:43:45,846 - src.transform - INFO - Finished merges; df is now 3 rows x 27 columns
2025-12-05 10:43:45,852 - src.transform - INFO - Built admissions_df: 2 rows x 12 columns
2025-12-05 10:43:45,852 - src.transform - INFO - After reject split: 2 valid admissions, 1 rejected rows
2025-12-05 10:43:45,853 - src.transform - INFO - transform() completed successfully. Output tables: {'people': (2, 5), 'doctors': (2, 4), 'hospitals': (2, 2), 'conditions': (2, 2), 'insurance': (1, 2), 'admission_types': (2, 2), 'test_results': (2, 2), 'admissions': (2, 12), 'rejects': (1, 16)}
2025-12-05 10:43:45,856 - src.transform - INFO - Starting transform(): input df has 1 rows x 14 columns
2025-12-05 10:43:45,857 - src.transform - ERROR - transform() failed.
Traceback (most recent call last):
  File "/Users/mattmurno/Desktop/Revature training files/etl_proj/src/transform.py", line 17, in transform
    df[["name", "age", "gender", "blood_type"]]
    ~~^^^^^^^^^^^^^^^^^^^^^^^^^^^^^^^^^^^^^^^^^
  File "/Users/mattmurno/Desktop/Revature training files/etl_proj/venv/lib/python3.11/site-packages/pandas/core/frame.py", line 4119, in __getitem__
    indexer = self.columns._get_indexer_strict(key, "columns")[1]
              ^^^^^^^^^^^^^^^^^^^^^^^^^^^^^^^^^^^^^^^^^^^^^^^^
  File "/Users/mattmurno/Desktop/Revature training files/etl_proj/venv/lib/python3.11/site-packages/pandas/core/indexes/base.py", line 6212, in _get_indexer_strict
    self._raise_if_missing(keyarr, indexer, axis_name)
  File "/Users/mattmurno/Desktop/Revature training files/etl_proj/venv/lib/python3.11/site-packages/pandas/core/indexes/base.py", line 6264, in _raise_if_missing
    raise KeyError(f"{not_found} not in index")
KeyError: "['name'] not in index"
2025-12-05 11:00:02,058 - src.clean - INFO - Starting clean(): input df has 2 rows x 3 columns
2025-12-05 11:00:02,163 - src.clean - INFO - Standardized string columns where present.
2025-12-05 11:00:02,163 - src.clean - INFO - clean() completed. Output df has 2 rows x 3 columns
2025-12-05 11:00:02,167 - src.clean - INFO - Starting clean(): input df has 1 rows x 2 columns
2025-12-05 11:00:02,173 - src.clean - INFO - Standardized string columns where present.
2025-12-05 11:00:02,173 - src.clean - INFO - clean() completed. Output df has 1 rows x 2 columns
2025-12-05 11:00:02,216 - src.load - INFO - Starting load()
2025-12-05 11:00:02,216 - src.load - INFO - Row counts - people=1, hospitals=1, doctors=1, conditions=1, insurance=1, test_results=1, admission_types=1, admissions=1, rejects=1
2025-12-05 11:00:02,216 - src.load - INFO - Connecting to database...
2025-12-05 11:00:02,217 - src.load - INFO - Database connection established.
2025-12-05 11:00:02,217 - src.load - INFO - Tables created/verified successfully.
2025-12-05 11:00:02,218 - src.load - INFO - Truncating tables and resetting identities...
2025-12-05 11:00:02,218 - src.load - INFO - Tables truncated.
2025-12-05 11:00:02,218 - src.load - INFO - Starting insertion.
2025-12-05 11:00:02,238 - src.load - INFO - Load completed successfully.
2025-12-05 11:00:02,238 - src.load - INFO - Database connection closed. End of load().
2025-12-05 11:00:02,244 - src.load - INFO - Starting load()
2025-12-05 11:00:02,245 - src.load - INFO - Row counts - people=3, hospitals=1, doctors=1, conditions=1, insurance=1, test_results=1, admission_types=1, admissions=1, rejects=1
2025-12-05 11:00:02,245 - src.load - INFO - Connecting to database...
2025-12-05 11:00:02,245 - src.load - INFO - Database connection established.
2025-12-05 11:00:02,245 - src.load - INFO - Tables created/verified successfully.
2025-12-05 11:00:02,245 - src.load - INFO - Truncating tables and resetting identities...
2025-12-05 11:00:02,245 - src.load - INFO - Tables truncated.
2025-12-05 11:00:02,245 - src.load - INFO - Starting insertion.
2025-12-05 11:00:02,248 - src.load - WARNING - Invalid age 150 for person Too Old; setting age to NULL before insert
2025-12-05 11:00:02,254 - src.load - INFO - Load completed successfully.
2025-12-05 11:00:02,254 - src.load - INFO - Database connection closed. End of load().
2025-12-05 11:00:02,262 - src.load - INFO - Starting load()
2025-12-05 11:00:02,262 - src.load - INFO - Row counts - people=1, hospitals=1, doctors=1, conditions=1, insurance=1, test_results=1, admission_types=1, admissions=1, rejects=1
2025-12-05 11:00:02,262 - src.load - INFO - Connecting to database...
2025-12-05 11:00:02,262 - src.load - INFO - Database connection established.
2025-12-05 11:00:02,263 - src.load - INFO - Tables created/verified successfully.
2025-12-05 11:00:02,263 - src.load - INFO - Truncating tables and resetting identities...
2025-12-05 11:00:02,263 - src.load - INFO - Tables truncated.
2025-12-05 11:00:02,263 - src.load - INFO - Starting insertion.
2025-12-05 11:00:02,264 - src.load - ERROR - Failed inserting people row: Pandas(person_id=1, name='Error Person', age=40, gender='M', blood_type='AB+')
Traceback (most recent call last):
  File "/Users/mattmurno/Desktop/Revature training files/etl_proj/src/load.py", line 130, in load
    cur.execute(
  File "/Users/mattmurno/Desktop/Revature training files/etl_proj/tests/test_load.py", line 18, in execute
    raise psycopg2.Error("Simulated DB error")
psycopg2.Error: Simulated DB error
2025-12-05 11:00:02,266 - src.load - ERROR - Error in load() while working with the database.
Traceback (most recent call last):
  File "/Users/mattmurno/Desktop/Revature training files/etl_proj/src/load.py", line 130, in load
    cur.execute(
  File "/Users/mattmurno/Desktop/Revature training files/etl_proj/tests/test_load.py", line 18, in execute
    raise psycopg2.Error("Simulated DB error")
psycopg2.Error: Simulated DB error
2025-12-05 11:00:02,268 - src.load - INFO - Transaction rolled back due to error.
2025-12-05 11:00:02,268 - src.load - INFO - Database connection closed. End of load().
2025-12-05 11:00:02,310 - src.read - INFO - Reading CSV file from /private/var/folders/45/mms0wwj51255z_fqrdsfrqzh0000gn/T/pytest-of-mattmurno/pytest-12/test_read_csv_success0/test.csv
2025-12-05 11:00:02,317 - src.read - INFO - Successfully read CSV: 2 rows x 2 columns
2025-12-05 11:00:02,325 - src.read - INFO - Reading JSON file from /private/var/folders/45/mms0wwj51255z_fqrdsfrqzh0000gn/T/pytest-of-mattmurno/pytest-12/test_read_json_success0/test.json
2025-12-05 11:00:02,336 - src.read - INFO - Successfully read JSON: 2 rows x 2 columns
2025-12-05 11:00:02,347 - src.read - INFO - Starting read() for type=csv, path=/private/var/folders/45/mms0wwj51255z_fqrdsfrqzh0000gn/T/pytest-of-mattmurno/pytest-12/test_read_dispatches_to_csv0/test.csv
2025-12-05 11:00:02,347 - src.read - INFO - Reading CSV file from /private/var/folders/45/mms0wwj51255z_fqrdsfrqzh0000gn/T/pytest-of-mattmurno/pytest-12/test_read_dispatches_to_csv0/test.csv
2025-12-05 11:00:02,350 - src.read - INFO - Successfully read CSV: 2 rows x 2 columns
2025-12-05 11:00:02,355 - src.read - INFO - Starting read() for type=json, path=/private/var/folders/45/mms0wwj51255z_fqrdsfrqzh0000gn/T/pytest-of-mattmurno/pytest-12/test_read_dispatches_to_json0/test.json
2025-12-05 11:00:02,355 - src.read - INFO - Reading JSON file from /private/var/folders/45/mms0wwj51255z_fqrdsfrqzh0000gn/T/pytest-of-mattmurno/pytest-12/test_read_dispatches_to_json0/test.json
2025-12-05 11:00:02,362 - src.read - INFO - Successfully read JSON: 2 rows x 2 columns
2025-12-05 11:00:02,373 - src.read - INFO - Reading CSV file from /private/var/folders/45/mms0wwj51255z_fqrdsfrqzh0000gn/T/pytest-of-mattmurno/pytest-12/test_read_csv_missing_file_rai0/does_not_exist.csv
2025-12-05 11:00:02,374 - src.read - ERROR - Failed to read CSV file from /private/var/folders/45/mms0wwj51255z_fqrdsfrqzh0000gn/T/pytest-of-mattmurno/pytest-12/test_read_csv_missing_file_rai0/does_not_exist.csv
Traceback (most recent call last):
  File "/Users/mattmurno/Desktop/Revature training files/etl_proj/src/read.py", line 11, in read_csv
    df = pd.read_csv(filepath)
         ^^^^^^^^^^^^^^^^^^^^^
  File "/Users/mattmurno/Desktop/Revature training files/etl_proj/venv/lib/python3.11/site-packages/pandas/io/parsers/readers.py", line 1026, in read_csv
    return _read(filepath_or_buffer, kwds)
           ^^^^^^^^^^^^^^^^^^^^^^^^^^^^^^^
  File "/Users/mattmurno/Desktop/Revature training files/etl_proj/venv/lib/python3.11/site-packages/pandas/io/parsers/readers.py", line 620, in _read
    parser = TextFileReader(filepath_or_buffer, **kwds)
             ^^^^^^^^^^^^^^^^^^^^^^^^^^^^^^^^^^^^^^^^^^
  File "/Users/mattmurno/Desktop/Revature training files/etl_proj/venv/lib/python3.11/site-packages/pandas/io/parsers/readers.py", line 1620, in __init__
    self._engine = self._make_engine(f, self.engine)
                   ^^^^^^^^^^^^^^^^^^^^^^^^^^^^^^^^^
  File "/Users/mattmurno/Desktop/Revature training files/etl_proj/venv/lib/python3.11/site-packages/pandas/io/parsers/readers.py", line 1880, in _make_engine
    self.handles = get_handle(
                   ^^^^^^^^^^^
  File "/Users/mattmurno/Desktop/Revature training files/etl_proj/venv/lib/python3.11/site-packages/pandas/io/common.py", line 873, in get_handle
    handle = open(
             ^^^^^
FileNotFoundError: [Errno 2] No such file or directory: '/private/var/folders/45/mms0wwj51255z_fqrdsfrqzh0000gn/T/pytest-of-mattmurno/pytest-12/test_read_csv_missing_file_rai0/does_not_exist.csv'
2025-12-05 11:00:02,399 - src.read - INFO - Reading JSON file from /private/var/folders/45/mms0wwj51255z_fqrdsfrqzh0000gn/T/pytest-of-mattmurno/pytest-12/test_read_json_missing_file_ra0/does_not_exist.json
2025-12-05 11:00:02,399 - src.read - ERROR - Failed to read JSON file from /private/var/folders/45/mms0wwj51255z_fqrdsfrqzh0000gn/T/pytest-of-mattmurno/pytest-12/test_read_json_missing_file_ra0/does_not_exist.json
Traceback (most recent call last):
  File "/Users/mattmurno/Desktop/Revature training files/etl_proj/src/read.py", line 22, in read_json
    df = pd.read_json(filepath)
         ^^^^^^^^^^^^^^^^^^^^^^
  File "/Users/mattmurno/Desktop/Revature training files/etl_proj/venv/lib/python3.11/site-packages/pandas/io/json/_json.py", line 791, in read_json
    json_reader = JsonReader(
                  ^^^^^^^^^^^
  File "/Users/mattmurno/Desktop/Revature training files/etl_proj/venv/lib/python3.11/site-packages/pandas/io/json/_json.py", line 904, in __init__
    data = self._get_data_from_filepath(filepath_or_buffer)
           ^^^^^^^^^^^^^^^^^^^^^^^^^^^^^^^^^^^^^^^^^^^^^^^^
  File "/Users/mattmurno/Desktop/Revature training files/etl_proj/venv/lib/python3.11/site-packages/pandas/io/json/_json.py", line 960, in _get_data_from_filepath
    raise FileNotFoundError(f"File {filepath_or_buffer} does not exist")
FileNotFoundError: File /private/var/folders/45/mms0wwj51255z_fqrdsfrqzh0000gn/T/pytest-of-mattmurno/pytest-12/test_read_json_missing_file_ra0/does_not_exist.json does not exist
2025-12-05 11:00:02,412 - src.read - INFO - Starting read() for type=xml, path=some/path/file.xml
2025-12-05 11:00:02,412 - src.read - ERROR - Unsupported source type in read(): xml
2025-12-05 11:00:02,417 - src.transform - INFO - Starting transform(): input df has 2 rows x 15 columns
2025-12-05 11:00:02,520 - src.transform - INFO - Built people_df (no nulls): 2 rows x 5 columns
2025-12-05 11:00:02,524 - src.transform - INFO - Built doctors_df (pre-hospital merge, no nulls): 2 rows x 3 columns
2025-12-05 11:00:02,546 - src.transform - INFO - Built hospitals_df (no nulls): 2 rows x 2 columns
2025-12-05 11:00:02,553 - src.transform - INFO - Updated doctors_df after hospital merge: 2 rows x 4 columns
2025-12-05 11:00:02,557 - src.transform - INFO - Built conditions_df (no nulls): 2 rows x 2 columns
2025-12-05 11:00:02,561 - src.transform - INFO - Built insurance_df (no nulls): 1 rows x 2 columns
2025-12-05 11:00:02,566 - src.transform - INFO - Built test_results_df (no nulls): 2 rows x 2 columns
2025-12-05 11:00:02,569 - src.transform - INFO - Built admission_types_df (no nulls): 2 rows x 2 columns
2025-12-05 11:00:02,586 - src.transform - INFO - Finished merges; df is now 2 rows x 27 columns
2025-12-05 11:00:02,603 - src.transform - INFO - Built admissions_df: 2 rows x 12 columns
2025-12-05 11:00:02,603 - src.transform - INFO - After reject split: 2 valid admissions, 0 rejected rows
2025-12-05 11:00:02,603 - src.transform - INFO - transform() completed successfully. Output tables: {'people': (2, 5), 'doctors': (2, 4), 'hospitals': (2, 2), 'conditions': (2, 2), 'insurance': (1, 2), 'admission_types': (2, 2), 'test_results': (2, 2), 'admissions': (2, 12), 'rejects': (0, 16)}
2025-12-05 11:00:02,610 - src.transform - INFO - Starting transform(): input df has 3 rows x 15 columns
2025-12-05 11:00:02,617 - src.transform - INFO - Built people_df (no nulls): 2 rows x 5 columns
2025-12-05 11:00:02,620 - src.transform - INFO - Built doctors_df (pre-hospital merge, no nulls): 2 rows x 3 columns
2025-12-05 11:00:02,625 - src.transform - INFO - Built hospitals_df (no nulls): 2 rows x 2 columns
2025-12-05 11:00:02,629 - src.transform - INFO - Updated doctors_df after hospital merge: 2 rows x 4 columns
2025-12-05 11:00:02,632 - src.transform - INFO - Built conditions_df (no nulls): 2 rows x 2 columns
2025-12-05 11:00:02,635 - src.transform - INFO - Built insurance_df (no nulls): 1 rows x 2 columns
2025-12-05 11:00:02,636 - src.transform - WARNING - test_results_df: 1 invalid or null result_label value(s) dropped before dimension build
2025-12-05 11:00:02,637 - src.transform - INFO - Built test_results_df (no nulls): 2 rows x 2 columns
2025-12-05 11:00:02,640 - src.transform - INFO - Built admission_types_df (no nulls): 2 rows x 2 columns
2025-12-05 11:00:02,652 - src.transform - INFO - Finished merges; df is now 3 rows x 27 columns
2025-12-05 11:00:02,657 - src.transform - INFO - Built admissions_df: 2 rows x 12 columns
2025-12-05 11:00:02,658 - src.transform - INFO - After reject split: 2 valid admissions, 1 rejected rows
2025-12-05 11:00:02,658 - src.transform - INFO - transform() completed successfully. Output tables: {'people': (2, 5), 'doctors': (2, 4), 'hospitals': (2, 2), 'conditions': (2, 2), 'insurance': (1, 2), 'admission_types': (2, 2), 'test_results': (2, 2), 'admissions': (2, 12), 'rejects': (1, 16)}
2025-12-05 11:00:02,663 - src.transform - INFO - Starting transform(): input df has 1 rows x 14 columns
2025-12-05 11:00:02,663 - src.transform - ERROR - transform() failed.
Traceback (most recent call last):
  File "/Users/mattmurno/Desktop/Revature training files/etl_proj/src/transform.py", line 17, in transform
    df[["name", "age", "gender", "blood_type"]]
    ~~^^^^^^^^^^^^^^^^^^^^^^^^^^^^^^^^^^^^^^^^^
  File "/Users/mattmurno/Desktop/Revature training files/etl_proj/venv/lib/python3.11/site-packages/pandas/core/frame.py", line 4119, in __getitem__
    indexer = self.columns._get_indexer_strict(key, "columns")[1]
              ^^^^^^^^^^^^^^^^^^^^^^^^^^^^^^^^^^^^^^^^^^^^^^^^
  File "/Users/mattmurno/Desktop/Revature training files/etl_proj/venv/lib/python3.11/site-packages/pandas/core/indexes/base.py", line 6212, in _get_indexer_strict
    self._raise_if_missing(keyarr, indexer, axis_name)
  File "/Users/mattmurno/Desktop/Revature training files/etl_proj/venv/lib/python3.11/site-packages/pandas/core/indexes/base.py", line 6264, in _raise_if_missing
    raise KeyError(f"{not_found} not in index")
KeyError: "['name'] not in index"
2025-12-05 11:19:32,545 - src.read - INFO - Starting read() for type=csv, path=data/healthcare_dataset_dirty.csv
2025-12-05 11:19:32,545 - src.read - INFO - Reading CSV file from data/healthcare_dataset_dirty.csv
2025-12-05 11:19:32,939 - src.read - INFO - Successfully read CSV: 57166 rows x 15 columns
2025-12-05 11:19:32,939 - src.clean - INFO - Starting clean(): input df has 57166 rows x 15 columns
2025-12-05 11:19:33,519 - src.clean - INFO - Standardized string columns where present.
2025-12-05 11:19:33,549 - src.clean - WARNING - Column age: 285 value(s) could not be converted to numeric and were set to NaN
2025-12-05 11:19:33,635 - src.clean - INFO - Column billing_amount converted to numeric successfully.
2025-12-05 11:19:33,668 - src.clean - WARNING - Column room_number: 394 value(s) could not be converted to numeric and were set to NaN
2025-12-05 11:19:33,670 - src.clean - INFO - Age range before validation: min=0.0, max=150.0
2025-12-05 11:19:33,671 - src.clean - WARNING - Age: 144 value(s) outside valid range (0–120); setting to NA
2025-12-05 11:19:33,674 - src.clean - INFO - Room_number range before validation: min=101.0, max=500.0
2025-12-05 11:19:33,675 - src.clean - INFO - Rounded billing_amount to 2 decimal places.
2025-12-05 11:19:33,709 - src.clean - WARNING - Column date_of_admission: 2858 value(s) could not be parsed as datetime and were set to NaT
2025-12-05 11:19:33,731 - src.clean - WARNING - Column discharge_date: 2858 value(s) could not be parsed as datetime and were set to NaT
2025-12-05 11:19:33,731 - src.clean - INFO - clean() completed. Output df has 57166 rows x 16 columns
2025-12-05 11:19:33,731 - src.transform - INFO - Starting transform(): input df has 57166 rows x 16 columns
2025-12-05 11:19:34,071 - src.transform - INFO - Built people_df (no nulls): 46803 rows x 5 columns
2025-12-05 11:19:34,104 - src.transform - INFO - Built doctors_df (pre-hospital merge, no nulls): 46283 rows x 3 columns
2025-12-05 11:19:34,116 - src.transform - INFO - Built hospitals_df (no nulls): 37437 rows x 2 columns
2025-12-05 11:19:34,152 - src.transform - INFO - Updated doctors_df after hospital merge: 46283 rows x 4 columns
2025-12-05 11:19:34,166 - src.transform - INFO - Built conditions_df (no nulls): 6 rows x 2 columns
2025-12-05 11:19:34,180 - src.transform - INFO - Built insurance_df (no nulls): 6 rows x 2 columns
2025-12-05 11:19:34,188 - src.transform - WARNING - test_results_df: 2839 invalid or null result_label value(s) dropped before dimension build
2025-12-05 11:19:34,195 - src.transform - INFO - Built test_results_df (no nulls): 3 rows x 2 columns
2025-12-05 11:19:34,211 - src.transform - INFO - Built admission_types_df (no nulls): 3 rows x 2 columns
2025-12-05 11:19:34,596 - src.transform - INFO - Finished merges; df is now 57166 rows x 28 columns
2025-12-05 11:19:35,936 - src.transform - INFO - Built admissions_df: 25974 rows x 12 columns
2025-12-05 11:19:35,936 - src.transform - INFO - After reject split: 25974 valid admissions, 31192 rejected rows
2025-12-05 11:19:35,936 - src.transform - INFO - transform() completed successfully. Output tables: {'people': (46803, 5), 'doctors': (46283, 4), 'hospitals': (37437, 2), 'conditions': (6, 2), 'insurance': (6, 2), 'admission_types': (3, 2), 'test_results': (3, 2), 'admissions': (25974, 12), 'rejects': (31192, 16)}
2025-12-05 11:19:35,946 - src.load - INFO - Starting load()
2025-12-05 11:19:35,946 - src.load - INFO - Row counts - people=46803, hospitals=37437, doctors=46283, conditions=6, insurance=6, test_results=3, admission_types=3, admissions=25974, rejects=31192
2025-12-05 11:19:35,946 - src.load - INFO - Connecting to database...
2025-12-05 11:19:36,119 - src.load - INFO - Database connection established.
2025-12-05 11:19:36,187 - src.load - INFO - Tables created/verified successfully.
2025-12-05 11:19:36,187 - src.load - INFO - Truncating tables and resetting identities...
2025-12-05 11:19:36,379 - src.load - INFO - Tables truncated.
2025-12-05 11:19:36,379 - src.load - INFO - Starting insertion.
2025-12-05 11:19:59,771 - src.load - INFO - Load completed successfully.
2025-12-05 11:19:59,772 - src.load - INFO - Database connection closed. End of load().
2025-12-05 11:22:22,623 - src.read - INFO - Starting read() for type=csv, path=data/healthcare_dataset_dirty.csv
2025-12-05 11:22:22,624 - src.read - INFO - Reading CSV file from data/healthcare_dataset_dirty.csv
2025-12-05 11:22:22,920 - src.read - INFO - Successfully read CSV: 57166 rows x 15 columns
2025-12-05 11:22:22,920 - src.clean - INFO - Starting clean(): input df has 57166 rows x 15 columns
2025-12-05 11:22:23,346 - src.clean - INFO - Standardized string columns where present.
2025-12-05 11:22:23,378 - src.clean - WARNING - Column age: 285 value(s) could not be converted to numeric and were set to NaN
2025-12-05 11:22:23,459 - src.clean - INFO - Column billing_amount converted to numeric successfully.
2025-12-05 11:22:23,489 - src.clean - WARNING - Column room_number: 394 value(s) could not be converted to numeric and were set to NaN
2025-12-05 11:22:23,490 - src.clean - INFO - Age range before validation: min=0.0, max=150.0
2025-12-05 11:22:23,491 - src.clean - WARNING - Age: 144 value(s) outside valid range (0–120); setting to NA
2025-12-05 11:22:23,492 - src.clean - INFO - Room_number range before validation: min=101.0, max=500.0
2025-12-05 11:22:23,493 - src.clean - INFO - Rounded billing_amount to 2 decimal places.
2025-12-05 11:22:23,526 - src.clean - WARNING - Column date_of_admission: 2858 value(s) could not be parsed as datetime and were set to NaT
2025-12-05 11:22:23,542 - src.clean - WARNING - Column discharge_date: 2858 value(s) could not be parsed as datetime and were set to NaT
2025-12-05 11:22:23,542 - src.clean - INFO - clean() completed. Output df has 57166 rows x 16 columns
2025-12-05 11:22:23,543 - src.transform - INFO - Starting transform(): input df has 57166 rows x 16 columns
2025-12-05 11:22:23,898 - src.transform - INFO - Built people_df (no nulls): 46803 rows x 5 columns
2025-12-05 11:22:23,932 - src.transform - INFO - Built doctors_df (pre-hospital merge, no nulls): 46283 rows x 3 columns
2025-12-05 11:22:23,947 - src.transform - INFO - Built hospitals_df (no nulls): 37437 rows x 2 columns
2025-12-05 11:22:23,987 - src.transform - INFO - Updated doctors_df after hospital merge: 46283 rows x 4 columns
2025-12-05 11:22:24,000 - src.transform - INFO - Built conditions_df (no nulls): 6 rows x 2 columns
2025-12-05 11:22:24,014 - src.transform - INFO - Built insurance_df (no nulls): 6 rows x 2 columns
2025-12-05 11:22:24,021 - src.transform - WARNING - test_results_df: 2839 invalid or null result_label value(s) dropped before dimension build
2025-12-05 11:22:24,028 - src.transform - INFO - Built test_results_df (no nulls): 3 rows x 2 columns
2025-12-05 11:22:24,038 - src.transform - INFO - Built admission_types_df (no nulls): 3 rows x 2 columns
2025-12-05 11:22:24,399 - src.transform - INFO - Finished merges; df is now 57166 rows x 28 columns
2025-12-05 11:22:25,648 - src.transform - INFO - Built admissions_df: 25974 rows x 12 columns
2025-12-05 11:22:25,648 - src.transform - INFO - After reject split: 25974 valid admissions, 31192 rejected rows
2025-12-05 11:22:25,649 - src.transform - INFO - transform() completed successfully. Output tables: {'people': (46803, 5), 'doctors': (46283, 4), 'hospitals': (37437, 2), 'conditions': (6, 2), 'insurance': (6, 2), 'admission_types': (3, 2), 'test_results': (3, 2), 'admissions': (25974, 12), 'rejects': (31192, 16)}
2025-12-05 11:22:25,656 - src.load - INFO - Starting load()
2025-12-05 11:22:25,656 - src.load - INFO - Row counts - people=46803, hospitals=37437, doctors=46283, conditions=6, insurance=6, test_results=3, admission_types=3, admissions=25974, rejects=31192
2025-12-05 11:22:25,656 - src.load - INFO - Connecting to database...
2025-12-05 11:22:25,865 - src.load - INFO - Database connection established.
2025-12-05 11:22:25,964 - src.load - INFO - Tables created/verified successfully.
2025-12-05 11:22:25,964 - src.load - INFO - Truncating tables and resetting identities...
2025-12-05 11:22:26,024 - src.load - INFO - Tables truncated.
2025-12-05 11:22:26,024 - src.load - INFO - Starting insertion.
2025-12-05 11:22:53,165 - src.load - INFO - Load completed successfully.
2025-12-05 11:22:53,165 - src.load - INFO - Database connection closed. End of load().
2025-12-05 11:46:06,267 - src.read - INFO - Starting read() for type=csv, path=data/healthcare_dataset_dirty.csv
2025-12-05 11:46:06,267 - src.read - INFO - Reading CSV file from data/healthcare_dataset_dirty.csv
2025-12-05 11:46:06,581 - src.read - INFO - Successfully read CSV: 57166 rows x 15 columns
2025-12-05 11:46:06,581 - src.clean - INFO - Starting clean(): input df has 57166 rows x 15 columns
2025-12-05 11:46:07,034 - src.clean - INFO - Standardized string columns where present.
2025-12-05 11:46:07,071 - src.clean - WARNING - Column age: 285 value(s) could not be converted to numeric and were set to NaN
2025-12-05 11:46:07,169 - src.clean - INFO - Column billing_amount converted to numeric successfully.
2025-12-05 11:46:07,199 - src.clean - WARNING - Column room_number: 394 value(s) could not be converted to numeric and were set to NaN
2025-12-05 11:46:07,199 - src.clean - INFO - Age range before validation: min=0.0, max=150.0
2025-12-05 11:46:07,200 - src.clean - WARNING - Age: 144 value(s) outside valid range (0–120); setting to NA
2025-12-05 11:46:07,201 - src.clean - INFO - Room_number range before validation: min=101.0, max=500.0
2025-12-05 11:46:07,202 - src.clean - INFO - Rounded billing_amount to 2 decimal places.
2025-12-05 11:46:07,221 - src.clean - WARNING - Column date_of_admission: 2858 value(s) could not be parsed as datetime and were set to NaT
2025-12-05 11:46:07,236 - src.clean - WARNING - Column discharge_date: 2858 value(s) could not be parsed as datetime and were set to NaT
2025-12-05 11:46:07,237 - src.clean - INFO - clean() completed. Output df has 57166 rows x 16 columns
2025-12-05 11:46:07,237 - src.transform - INFO - Starting transform(): input df has 57166 rows x 16 columns
2025-12-05 11:46:07,284 - src.transform - INFO - Built people_df (no nulls): 45173 rows x 3 columns
2025-12-05 11:46:07,318 - src.transform - INFO - Built doctors_df (pre-hospital merge, no nulls): 46283 rows x 3 columns
2025-12-05 11:46:07,330 - src.transform - INFO - Built hospitals_df (no nulls): 37437 rows x 2 columns
2025-12-05 11:46:07,480 - src.transform - INFO - Updated doctors_df after hospital merge: 46283 rows x 4 columns
2025-12-05 11:46:07,511 - src.transform - INFO - Built conditions_df (no nulls): 6 rows x 2 columns
2025-12-05 11:46:07,536 - src.transform - INFO - Built insurance_df (no nulls): 6 rows x 2 columns
2025-12-05 11:46:07,544 - src.transform - WARNING - test_results_df: 2839 invalid or null result_label value(s) dropped before dimension build
2025-12-05 11:46:07,578 - src.transform - INFO - Built test_results_df (no nulls): 3 rows x 2 columns
2025-12-05 11:46:07,605 - src.transform - INFO - Built admission_types_df (no nulls): 3 rows x 2 columns
2025-12-05 11:46:07,613 - src.transform - ERROR - transform() failed.
Traceback (most recent call last):
  File "/Users/mattmurno/Desktop/Revature training files/etl_proj/src/transform.py", line 155, in transform
    df = df.merge(
         ^^^^^^^^^
  File "/Users/mattmurno/Desktop/Revature training files/etl_proj/venv/lib/python3.11/site-packages/pandas/core/frame.py", line 10859, in merge
    return merge(
           ^^^^^^
  File "/Users/mattmurno/Desktop/Revature training files/etl_proj/venv/lib/python3.11/site-packages/pandas/core/reshape/merge.py", line 170, in merge
    op = _MergeOperation(
         ^^^^^^^^^^^^^^^^
  File "/Users/mattmurno/Desktop/Revature training files/etl_proj/venv/lib/python3.11/site-packages/pandas/core/reshape/merge.py", line 794, in __init__
    ) = self._get_merge_keys()
        ^^^^^^^^^^^^^^^^^^^^^^
  File "/Users/mattmurno/Desktop/Revature training files/etl_proj/venv/lib/python3.11/site-packages/pandas/core/reshape/merge.py", line 1298, in _get_merge_keys
    right_keys.append(right._get_label_or_level_values(rk))
                      ^^^^^^^^^^^^^^^^^^^^^^^^^^^^^^^^^^^^
  File "/Users/mattmurno/Desktop/Revature training files/etl_proj/venv/lib/python3.11/site-packages/pandas/core/generic.py", line 1914, in _get_label_or_level_values
    raise KeyError(key)
KeyError: 'age'
2025-12-05 11:47:05,832 - src.read - INFO - Starting read() for type=csv, path=data/healthcare_dataset_dirty.csv
2025-12-05 11:47:05,833 - src.read - INFO - Reading CSV file from data/healthcare_dataset_dirty.csv
2025-12-05 11:47:06,073 - src.read - INFO - Successfully read CSV: 57166 rows x 15 columns
2025-12-05 11:47:06,073 - src.clean - INFO - Starting clean(): input df has 57166 rows x 15 columns
2025-12-05 11:47:06,477 - src.clean - INFO - Standardized string columns where present.
2025-12-05 11:47:06,508 - src.clean - WARNING - Column age: 285 value(s) could not be converted to numeric and were set to NaN
2025-12-05 11:47:06,588 - src.clean - INFO - Column billing_amount converted to numeric successfully.
2025-12-05 11:47:06,634 - src.clean - WARNING - Column room_number: 394 value(s) could not be converted to numeric and were set to NaN
2025-12-05 11:47:06,635 - src.clean - INFO - Age range before validation: min=0.0, max=150.0
2025-12-05 11:47:06,638 - src.clean - WARNING - Age: 144 value(s) outside valid range (0–120); setting to NA
2025-12-05 11:47:06,667 - src.clean - INFO - Room_number range before validation: min=101.0, max=500.0
2025-12-05 11:47:06,671 - src.clean - INFO - Rounded billing_amount to 2 decimal places.
2025-12-05 11:47:06,722 - src.clean - WARNING - Column date_of_admission: 2858 value(s) could not be parsed as datetime and were set to NaT
2025-12-05 11:47:06,751 - src.clean - WARNING - Column discharge_date: 2858 value(s) could not be parsed as datetime and were set to NaT
2025-12-05 11:47:06,751 - src.clean - INFO - clean() completed. Output df has 57166 rows x 16 columns
2025-12-05 11:47:06,751 - src.transform - INFO - Starting transform(): input df has 57166 rows x 16 columns
2025-12-05 11:47:06,803 - src.transform - INFO - Built people_df (no nulls): 45173 rows x 3 columns
2025-12-05 11:47:06,858 - src.transform - INFO - Built doctors_df (pre-hospital merge, no nulls): 46283 rows x 3 columns
2025-12-05 11:47:06,882 - src.transform - INFO - Built hospitals_df (no nulls): 37437 rows x 2 columns
2025-12-05 11:47:06,913 - src.transform - INFO - Updated doctors_df after hospital merge: 46283 rows x 4 columns
2025-12-05 11:47:06,926 - src.transform - INFO - Built conditions_df (no nulls): 6 rows x 2 columns
2025-12-05 11:47:06,935 - src.transform - INFO - Built insurance_df (no nulls): 6 rows x 2 columns
2025-12-05 11:47:06,943 - src.transform - WARNING - test_results_df: 2839 invalid or null result_label value(s) dropped before dimension build
2025-12-05 11:47:06,950 - src.transform - INFO - Built test_results_df (no nulls): 3 rows x 2 columns
2025-12-05 11:47:06,962 - src.transform - INFO - Built admission_types_df (no nulls): 3 rows x 2 columns
2025-12-05 11:47:06,962 - src.transform - ERROR - transform() failed.
Traceback (most recent call last):
  File "/Users/mattmurno/Desktop/Revature training files/etl_proj/src/transform.py", line 156, in transform
    df = df.merge(
         ^^^^^^^^^
  File "/Users/mattmurno/Desktop/Revature training files/etl_proj/venv/lib/python3.11/site-packages/pandas/core/frame.py", line 10859, in merge
    return merge(
           ^^^^^^
  File "/Users/mattmurno/Desktop/Revature training files/etl_proj/venv/lib/python3.11/site-packages/pandas/core/reshape/merge.py", line 170, in merge
    op = _MergeOperation(
         ^^^^^^^^^^^^^^^^
  File "/Users/mattmurno/Desktop/Revature training files/etl_proj/venv/lib/python3.11/site-packages/pandas/core/reshape/merge.py", line 794, in __init__
    ) = self._get_merge_keys()
        ^^^^^^^^^^^^^^^^^^^^^^
  File "/Users/mattmurno/Desktop/Revature training files/etl_proj/venv/lib/python3.11/site-packages/pandas/core/reshape/merge.py", line 1298, in _get_merge_keys
    right_keys.append(right._get_label_or_level_values(rk))
                      ^^^^^^^^^^^^^^^^^^^^^^^^^^^^^^^^^^^^
  File "/Users/mattmurno/Desktop/Revature training files/etl_proj/venv/lib/python3.11/site-packages/pandas/core/generic.py", line 1914, in _get_label_or_level_values
    raise KeyError(key)
KeyError: 'age'
2025-12-05 13:01:16,332 - src.read - INFO - Starting read() for type=csv, path=data/healthcare_dataset_dirty.csv
2025-12-05 13:01:16,333 - src.read - INFO - Reading CSV file from data/healthcare_dataset_dirty.csv
2025-12-05 13:01:16,796 - src.read - INFO - Successfully read CSV: 57166 rows x 15 columns
2025-12-05 13:01:16,796 - src.clean - INFO - Starting clean(): input df has 57166 rows x 15 columns
2025-12-05 13:01:17,616 - src.clean - INFO - Standardized string columns where present.
2025-12-05 13:01:17,649 - src.clean - WARNING - Column age: 285 value(s) could not be converted to numeric and were set to NaN
2025-12-05 13:01:17,792 - src.clean - INFO - Column billing_amount converted to numeric successfully.
2025-12-05 13:01:17,823 - src.clean - WARNING - Column room_number: 394 value(s) could not be converted to numeric and were set to NaN
2025-12-05 13:01:17,825 - src.clean - INFO - Age range before validation: min=0.0, max=150.0
2025-12-05 13:01:17,826 - src.clean - WARNING - Age: 144 value(s) outside valid range (0–120); setting to NA
2025-12-05 13:01:17,826 - src.clean - INFO - Room_number range before validation: min=101.0, max=500.0
2025-12-05 13:01:17,839 - src.clean - INFO - Rounded billing_amount to 2 decimal places.
2025-12-05 13:01:18,007 - src.clean - WARNING - Column date_of_admission: 2858 value(s) could not be parsed as datetime and were set to NaT
2025-12-05 13:01:18,035 - src.clean - WARNING - Column discharge_date: 2858 value(s) could not be parsed as datetime and were set to NaT
2025-12-05 13:01:18,037 - src.clean - INFO - clean() completed. Output df has 57166 rows x 16 columns
2025-12-05 13:01:18,038 - src.transform - INFO - Starting transform(): input df has 57166 rows x 16 columns
2025-12-05 13:01:18,331 - src.transform - INFO - Built people_df (no nulls): 45173 rows x 4 columns
2025-12-05 13:01:18,401 - src.transform - INFO - Built doctors_df (pre-hospital merge, no nulls): 46283 rows x 3 columns
2025-12-05 13:01:18,417 - src.transform - INFO - Built hospitals_df (no nulls): 37437 rows x 2 columns
2025-12-05 13:01:18,532 - src.transform - INFO - Updated doctors_df after hospital merge: 46283 rows x 4 columns
2025-12-05 13:01:18,575 - src.transform - INFO - Built conditions_df (no nulls): 6 rows x 2 columns
2025-12-05 13:01:18,589 - src.transform - INFO - Built insurance_df (no nulls): 6 rows x 2 columns
2025-12-05 13:01:18,600 - src.transform - WARNING - test_results_df: 2839 invalid or null result_label value(s) dropped before dimension build
2025-12-05 13:01:18,605 - src.transform - INFO - Built test_results_df (no nulls): 3 rows x 2 columns
2025-12-05 13:01:18,630 - src.transform - INFO - Built admission_types_df (no nulls): 3 rows x 2 columns
2025-12-05 13:01:18,634 - src.transform - ERROR - transform() failed.
Traceback (most recent call last):
  File "/Users/mattmurno/Desktop/Revature training files/etl_proj/src/transform.py", line 163, in transform
    df = df.merge(
         ^^^^^^^^^
  File "/Users/mattmurno/Desktop/Revature training files/etl_proj/venv/lib/python3.11/site-packages/pandas/core/frame.py", line 10859, in merge
    return merge(
           ^^^^^^
  File "/Users/mattmurno/Desktop/Revature training files/etl_proj/venv/lib/python3.11/site-packages/pandas/core/reshape/merge.py", line 170, in merge
    op = _MergeOperation(
         ^^^^^^^^^^^^^^^^
  File "/Users/mattmurno/Desktop/Revature training files/etl_proj/venv/lib/python3.11/site-packages/pandas/core/reshape/merge.py", line 794, in __init__
    ) = self._get_merge_keys()
        ^^^^^^^^^^^^^^^^^^^^^^
  File "/Users/mattmurno/Desktop/Revature training files/etl_proj/venv/lib/python3.11/site-packages/pandas/core/reshape/merge.py", line 1298, in _get_merge_keys
    right_keys.append(right._get_label_or_level_values(rk))
                      ^^^^^^^^^^^^^^^^^^^^^^^^^^^^^^^^^^^^
  File "/Users/mattmurno/Desktop/Revature training files/etl_proj/venv/lib/python3.11/site-packages/pandas/core/generic.py", line 1914, in _get_label_or_level_values
    raise KeyError(key)
KeyError: 'age'
2025-12-05 13:02:15,297 - src.read - INFO - Starting read() for type=csv, path=data/healthcare_dataset_dirty.csv
2025-12-05 13:02:15,297 - src.read - INFO - Reading CSV file from data/healthcare_dataset_dirty.csv
2025-12-05 13:02:15,581 - src.read - INFO - Successfully read CSV: 57166 rows x 15 columns
2025-12-05 13:02:15,581 - src.clean - INFO - Starting clean(): input df has 57166 rows x 15 columns
2025-12-05 13:02:16,056 - src.clean - INFO - Standardized string columns where present.
2025-12-05 13:02:16,105 - src.clean - WARNING - Column age: 285 value(s) could not be converted to numeric and were set to NaN
2025-12-05 13:02:16,327 - src.clean - INFO - Column billing_amount converted to numeric successfully.
2025-12-05 13:02:16,357 - src.clean - WARNING - Column room_number: 394 value(s) could not be converted to numeric and were set to NaN
2025-12-05 13:02:16,359 - src.clean - INFO - Age range before validation: min=0.0, max=150.0
2025-12-05 13:02:16,360 - src.clean - WARNING - Age: 144 value(s) outside valid range (0–120); setting to NA
2025-12-05 13:02:16,361 - src.clean - INFO - Room_number range before validation: min=101.0, max=500.0
2025-12-05 13:02:16,362 - src.clean - INFO - Rounded billing_amount to 2 decimal places.
2025-12-05 13:02:16,380 - src.clean - WARNING - Column date_of_admission: 2858 value(s) could not be parsed as datetime and were set to NaT
2025-12-05 13:02:16,397 - src.clean - WARNING - Column discharge_date: 2858 value(s) could not be parsed as datetime and were set to NaT
2025-12-05 13:02:16,397 - src.clean - INFO - clean() completed. Output df has 57166 rows x 16 columns
2025-12-05 13:02:16,397 - src.transform - INFO - Starting transform(): input df has 57166 rows x 16 columns
2025-12-05 13:02:16,678 - src.transform - INFO - Built people_df (schema-driven, no nulls in ['name', 'gender', 'blood_type']): 45173 rows x 4 columns
2025-12-05 13:02:16,707 - src.transform - INFO - Built doctors_df (pre-hospital merge, no nulls): 46283 rows x 3 columns
2025-12-05 13:02:16,723 - src.transform - INFO - Built hospitals_df (no nulls): 37437 rows x 2 columns
2025-12-05 13:02:16,859 - src.transform - INFO - Updated doctors_df after hospital merge: 46283 rows x 4 columns
2025-12-05 13:02:16,931 - src.transform - INFO - Built conditions_df (no nulls): 6 rows x 2 columns
2025-12-05 13:02:16,946 - src.transform - INFO - Built insurance_df (no nulls): 6 rows x 2 columns
2025-12-05 13:02:16,960 - src.transform - WARNING - test_results_df: 2839 invalid or null result_label value(s) dropped before dimension build
2025-12-05 13:02:16,968 - src.transform - INFO - Built test_results_df (no nulls): 3 rows x 2 columns
2025-12-05 13:02:16,987 - src.transform - INFO - Built admission_types_df (no nulls): 3 rows x 2 columns
2025-12-05 13:02:16,987 - src.transform - ERROR - transform() failed.
Traceback (most recent call last):
  File "/Users/mattmurno/Desktop/Revature training files/etl_proj/src/transform.py", line 164, in transform
    df = df.merge(
         ^^^^^^^^^
  File "/Users/mattmurno/Desktop/Revature training files/etl_proj/venv/lib/python3.11/site-packages/pandas/core/frame.py", line 10859, in merge
    return merge(
           ^^^^^^
  File "/Users/mattmurno/Desktop/Revature training files/etl_proj/venv/lib/python3.11/site-packages/pandas/core/reshape/merge.py", line 170, in merge
    op = _MergeOperation(
         ^^^^^^^^^^^^^^^^
  File "/Users/mattmurno/Desktop/Revature training files/etl_proj/venv/lib/python3.11/site-packages/pandas/core/reshape/merge.py", line 794, in __init__
    ) = self._get_merge_keys()
        ^^^^^^^^^^^^^^^^^^^^^^
  File "/Users/mattmurno/Desktop/Revature training files/etl_proj/venv/lib/python3.11/site-packages/pandas/core/reshape/merge.py", line 1298, in _get_merge_keys
    right_keys.append(right._get_label_or_level_values(rk))
                      ^^^^^^^^^^^^^^^^^^^^^^^^^^^^^^^^^^^^
  File "/Users/mattmurno/Desktop/Revature training files/etl_proj/venv/lib/python3.11/site-packages/pandas/core/generic.py", line 1914, in _get_label_or_level_values
    raise KeyError(key)
KeyError: 'age'
2025-12-05 13:03:48,979 - src.read - INFO - Starting read() for type=csv, path=data/healthcare_dataset_dirty.csv
2025-12-05 13:03:48,979 - src.read - INFO - Reading CSV file from data/healthcare_dataset_dirty.csv
2025-12-05 13:03:49,321 - src.read - INFO - Successfully read CSV: 57166 rows x 15 columns
2025-12-05 13:03:49,322 - src.clean - INFO - Starting clean(): input df has 57166 rows x 15 columns
2025-12-05 13:03:49,841 - src.clean - INFO - Standardized string columns where present.
2025-12-05 13:03:49,897 - src.clean - WARNING - Column age: 285 value(s) could not be converted to numeric and were set to NaN
2025-12-05 13:03:50,074 - src.clean - INFO - Column billing_amount converted to numeric successfully.
2025-12-05 13:03:50,132 - src.clean - WARNING - Column room_number: 394 value(s) could not be converted to numeric and were set to NaN
2025-12-05 13:03:50,133 - src.clean - INFO - Age range before validation: min=0.0, max=150.0
2025-12-05 13:03:50,134 - src.clean - WARNING - Age: 144 value(s) outside valid range (0–120); setting to NA
2025-12-05 13:03:50,138 - src.clean - INFO - Room_number range before validation: min=101.0, max=500.0
2025-12-05 13:03:50,140 - src.clean - INFO - Rounded billing_amount to 2 decimal places.
2025-12-05 13:03:50,184 - src.clean - WARNING - Column date_of_admission: 2858 value(s) could not be parsed as datetime and were set to NaT
2025-12-05 13:03:50,225 - src.clean - WARNING - Column discharge_date: 2858 value(s) could not be parsed as datetime and were set to NaT
2025-12-05 13:03:50,229 - src.clean - INFO - clean() completed. Output df has 57166 rows x 16 columns
2025-12-05 13:03:50,230 - src.transform - INFO - Starting transform(): input df has 57166 rows x 16 columns
2025-12-05 13:03:50,655 - src.transform - INFO - Built people_df (schema-driven, no nulls in ['name', 'age', 'gender', 'blood_type']): 46803 rows x 5 columns
2025-12-05 13:03:50,687 - src.transform - INFO - Built doctors_df (pre-hospital merge, no nulls): 46283 rows x 3 columns
2025-12-05 13:03:50,699 - src.transform - INFO - Built hospitals_df (no nulls): 37437 rows x 2 columns
2025-12-05 13:03:50,751 - src.transform - INFO - Updated doctors_df after hospital merge: 46283 rows x 4 columns
2025-12-05 13:03:50,768 - src.transform - INFO - Built conditions_df (no nulls): 6 rows x 2 columns
2025-12-05 13:03:50,784 - src.transform - INFO - Built insurance_df (no nulls): 6 rows x 2 columns
2025-12-05 13:03:50,799 - src.transform - WARNING - test_results_df: 2839 invalid or null result_label value(s) dropped before dimension build
2025-12-05 13:03:50,810 - src.transform - INFO - Built test_results_df (no nulls): 3 rows x 2 columns
2025-12-05 13:03:50,827 - src.transform - INFO - Built admission_types_df (no nulls): 3 rows x 2 columns
2025-12-05 13:03:51,214 - src.transform - INFO - Finished merges; df is now 57166 rows x 28 columns
2025-12-05 13:03:52,531 - src.transform - INFO - Built admissions_df: 25974 rows x 12 columns
2025-12-05 13:03:52,531 - src.transform - INFO - After reject split: 25974 valid admissions, 31192 rejected rows
2025-12-05 13:03:52,531 - src.transform - INFO - transform() completed successfully. Output tables: {'people': (46803, 5), 'doctors': (46283, 4), 'hospitals': (37437, 2), 'conditions': (6, 2), 'insurance': (6, 2), 'admission_types': (3, 2), 'test_results': (3, 2), 'admissions': (25974, 12), 'rejects': (31192, 16)}
2025-12-05 13:03:52,539 - src.load - INFO - Starting load()
2025-12-05 13:03:52,540 - src.load - INFO - Row counts - people=46803, hospitals=37437, doctors=46283, conditions=6, insurance=6, test_results=3, admission_types=3, admissions=25974, rejects=31192
2025-12-05 13:03:52,540 - src.load - INFO - Connecting to database...
2025-12-05 13:03:52,547 - src.load - ERROR - Error in load() while working with the database.
Traceback (most recent call last):
  File "/Users/mattmurno/Desktop/Revature training files/etl_proj/src/load.py", line 84, in load
    conn = psycopg2.connect(db_url)
           ^^^^^^^^^^^^^^^^^^^^^^^^
  File "/Users/mattmurno/Desktop/Revature training files/etl_proj/venv/lib/python3.11/site-packages/psycopg2/__init__.py", line 121, in connect
    dsn = _ext.make_dsn(dsn, **kwargs)
          ^^^^^^^^^^^^^^^^^^^^^^^^^^^^
  File "/Users/mattmurno/Desktop/Revature training files/etl_proj/venv/lib/python3.11/site-packages/psycopg2/extensions.py", line 145, in make_dsn
    parse_dsn(dsn)
psycopg2.ProgrammingError: invalid dsn: missing "=" after "${DB_URL}" in connection info string

2025-12-05 13:03:52,554 - src.load - INFO - Database connection closed. End of load().
2025-12-05 13:04:40,958 - src.read - INFO - Starting read() for type=csv, path=data/healthcare_dataset_dirty.csv
2025-12-05 13:04:40,958 - src.read - INFO - Reading CSV file from data/healthcare_dataset_dirty.csv
2025-12-05 13:04:41,317 - src.read - INFO - Successfully read CSV: 57166 rows x 15 columns
2025-12-05 13:04:41,317 - src.clean - INFO - Starting clean(): input df has 57166 rows x 15 columns
2025-12-05 13:04:42,134 - src.clean - INFO - Standardized string columns where present.
2025-12-05 13:04:42,184 - src.clean - WARNING - Column age: 285 value(s) could not be converted to numeric and were set to NaN
2025-12-05 13:04:42,308 - src.clean - INFO - Column billing_amount converted to numeric successfully.
2025-12-05 13:04:42,349 - src.clean - WARNING - Column room_number: 394 value(s) could not be converted to numeric and were set to NaN
2025-12-05 13:04:42,352 - src.clean - INFO - Age range before validation: min=0.0, max=150.0
2025-12-05 13:04:42,352 - src.clean - WARNING - Age: 144 value(s) outside valid range (0–120); setting to NA
2025-12-05 13:04:42,353 - src.clean - INFO - Room_number range before validation: min=101.0, max=500.0
2025-12-05 13:04:42,354 - src.clean - INFO - Rounded billing_amount to 2 decimal places.
2025-12-05 13:04:42,384 - src.clean - WARNING - Column date_of_admission: 2858 value(s) could not be parsed as datetime and were set to NaT
2025-12-05 13:04:42,410 - src.clean - WARNING - Column discharge_date: 2858 value(s) could not be parsed as datetime and were set to NaT
2025-12-05 13:04:42,410 - src.clean - INFO - clean() completed. Output df has 57166 rows x 16 columns
2025-12-05 13:04:42,410 - src.transform - INFO - Starting transform(): input df has 57166 rows x 16 columns
2025-12-05 13:04:42,850 - src.transform - INFO - Built people_df (schema-driven, no nulls in ['name', 'age', 'gender', 'blood_type']): 46803 rows x 5 columns
2025-12-05 13:04:42,915 - src.transform - INFO - Built doctors_df (pre-hospital merge, no nulls): 46283 rows x 3 columns
2025-12-05 13:04:42,972 - src.transform - INFO - Built hospitals_df (no nulls): 37437 rows x 2 columns
2025-12-05 13:04:43,034 - src.transform - INFO - Updated doctors_df after hospital merge: 46283 rows x 4 columns
2025-12-05 13:04:43,070 - src.transform - INFO - Built conditions_df (no nulls): 6 rows x 2 columns
2025-12-05 13:04:43,086 - src.transform - INFO - Built insurance_df (no nulls): 6 rows x 2 columns
2025-12-05 13:04:43,124 - src.transform - WARNING - test_results_df: 2839 invalid or null result_label value(s) dropped before dimension build
2025-12-05 13:04:43,153 - src.transform - INFO - Built test_results_df (no nulls): 3 rows x 2 columns
2025-12-05 13:04:43,193 - src.transform - INFO - Built admission_types_df (no nulls): 3 rows x 2 columns
2025-12-05 13:04:43,688 - src.transform - INFO - Finished merges; df is now 57166 rows x 28 columns
2025-12-05 13:04:45,088 - src.transform - INFO - Built admissions_df: 25974 rows x 12 columns
2025-12-05 13:04:45,088 - src.transform - INFO - After reject split: 25974 valid admissions, 31192 rejected rows
2025-12-05 13:04:45,088 - src.transform - INFO - transform() completed successfully. Output tables: {'people': (46803, 5), 'doctors': (46283, 4), 'hospitals': (37437, 2), 'conditions': (6, 2), 'insurance': (6, 2), 'admission_types': (3, 2), 'test_results': (3, 2), 'admissions': (25974, 12), 'rejects': (31192, 16)}
2025-12-05 13:04:45,097 - src.load - INFO - Starting load()
2025-12-05 13:04:45,097 - src.load - INFO - Row counts - people=46803, hospitals=37437, doctors=46283, conditions=6, insurance=6, test_results=3, admission_types=3, admissions=25974, rejects=31192
2025-12-05 13:04:45,097 - src.load - INFO - Connecting to database...
2025-12-05 13:04:45,106 - src.load - ERROR - Error in load() while working with the database.
Traceback (most recent call last):
  File "/Users/mattmurno/Desktop/Revature training files/etl_proj/src/load.py", line 84, in load
    conn = psycopg2.connect(db_url)
           ^^^^^^^^^^^^^^^^^^^^^^^^
  File "/Users/mattmurno/Desktop/Revature training files/etl_proj/venv/lib/python3.11/site-packages/psycopg2/__init__.py", line 121, in connect
    dsn = _ext.make_dsn(dsn, **kwargs)
          ^^^^^^^^^^^^^^^^^^^^^^^^^^^^
  File "/Users/mattmurno/Desktop/Revature training files/etl_proj/venv/lib/python3.11/site-packages/psycopg2/extensions.py", line 145, in make_dsn
    parse_dsn(dsn)
psycopg2.ProgrammingError: invalid dsn: missing "=" after "${DB_URL}" in connection info string

2025-12-05 13:04:45,110 - src.load - INFO - Database connection closed. End of load().
2025-12-05 13:04:56,405 - src.read - INFO - Starting read() for type=csv, path=data/healthcare_dataset_dirty.csv
2025-12-05 13:04:56,405 - src.read - INFO - Reading CSV file from data/healthcare_dataset_dirty.csv
2025-12-05 13:04:56,683 - src.read - INFO - Successfully read CSV: 57166 rows x 15 columns
2025-12-05 13:04:56,683 - src.clean - INFO - Starting clean(): input df has 57166 rows x 15 columns
2025-12-05 13:04:57,082 - src.clean - INFO - Standardized string columns where present.
2025-12-05 13:04:57,115 - src.clean - WARNING - Column age: 285 value(s) could not be converted to numeric and were set to NaN
2025-12-05 13:04:57,238 - src.clean - INFO - Column billing_amount converted to numeric successfully.
2025-12-05 13:04:57,289 - src.clean - WARNING - Column room_number: 394 value(s) could not be converted to numeric and were set to NaN
2025-12-05 13:04:57,291 - src.clean - INFO - Age range before validation: min=0.0, max=150.0
2025-12-05 13:04:57,293 - src.clean - WARNING - Age: 144 value(s) outside valid range (0–120); setting to NA
2025-12-05 13:04:57,294 - src.clean - INFO - Room_number range before validation: min=101.0, max=500.0
2025-12-05 13:04:57,296 - src.clean - INFO - Rounded billing_amount to 2 decimal places.
2025-12-05 13:04:57,330 - src.clean - WARNING - Column date_of_admission: 2858 value(s) could not be parsed as datetime and were set to NaT
2025-12-05 13:04:57,364 - src.clean - WARNING - Column discharge_date: 2858 value(s) could not be parsed as datetime and were set to NaT
2025-12-05 13:04:57,364 - src.clean - INFO - clean() completed. Output df has 57166 rows x 16 columns
2025-12-05 13:04:57,365 - src.transform - INFO - Starting transform(): input df has 57166 rows x 16 columns
2025-12-05 13:04:57,631 - src.transform - INFO - Built people_df (schema-driven, no nulls in ['name', 'age', 'gender', 'blood_type']): 46803 rows x 5 columns
2025-12-05 13:04:57,662 - src.transform - INFO - Built doctors_df (pre-hospital merge, no nulls): 46283 rows x 3 columns
2025-12-05 13:04:57,679 - src.transform - INFO - Built hospitals_df (no nulls): 37437 rows x 2 columns
2025-12-05 13:04:57,699 - src.transform - INFO - Updated doctors_df after hospital merge: 46283 rows x 4 columns
2025-12-05 13:04:57,711 - src.transform - INFO - Built conditions_df (no nulls): 6 rows x 2 columns
2025-12-05 13:04:57,721 - src.transform - INFO - Built insurance_df (no nulls): 6 rows x 2 columns
2025-12-05 13:04:57,728 - src.transform - WARNING - test_results_df: 2839 invalid or null result_label value(s) dropped before dimension build
2025-12-05 13:04:57,733 - src.transform - INFO - Built test_results_df (no nulls): 3 rows x 2 columns
2025-12-05 13:04:57,743 - src.transform - INFO - Built admission_types_df (no nulls): 3 rows x 2 columns
2025-12-05 13:04:58,153 - src.transform - INFO - Finished merges; df is now 57166 rows x 28 columns
2025-12-05 13:04:59,701 - src.transform - INFO - Built admissions_df: 25974 rows x 12 columns
2025-12-05 13:04:59,701 - src.transform - INFO - After reject split: 25974 valid admissions, 31192 rejected rows
2025-12-05 13:04:59,701 - src.transform - INFO - transform() completed successfully. Output tables: {'people': (46803, 5), 'doctors': (46283, 4), 'hospitals': (37437, 2), 'conditions': (6, 2), 'insurance': (6, 2), 'admission_types': (3, 2), 'test_results': (3, 2), 'admissions': (25974, 12), 'rejects': (31192, 16)}
2025-12-05 13:04:59,708 - src.load - INFO - Starting load()
2025-12-05 13:04:59,709 - src.load - INFO - Row counts - people=46803, hospitals=37437, doctors=46283, conditions=6, insurance=6, test_results=3, admission_types=3, admissions=25974, rejects=31192
2025-12-05 13:04:59,709 - src.load - INFO - Connecting to database...
2025-12-05 13:05:00,115 - src.load - INFO - Database connection established.
2025-12-05 13:05:00,828 - src.load - INFO - Tables created/verified successfully.
2025-12-05 13:05:00,829 - src.load - INFO - Truncating tables and resetting identities...
2025-12-05 13:05:00,885 - src.load - INFO - Tables truncated.
2025-12-05 13:05:00,885 - src.load - INFO - Starting insertion.
2025-12-05 13:05:35,464 - src.load - INFO - Load completed successfully.
2025-12-05 13:05:35,471 - src.load - INFO - Database connection closed. End of load().
2025-12-05 13:11:26,312 - src.clean - INFO - Starting clean(): input df has 2 rows x 3 columns
2025-12-05 13:11:26,370 - src.clean - INFO - Standardized string columns where present.
2025-12-05 13:11:26,371 - src.clean - INFO - clean() completed. Output df has 2 rows x 3 columns
2025-12-05 13:11:26,375 - src.clean - INFO - Starting clean(): input df has 1 rows x 2 columns
2025-12-05 13:11:26,381 - src.clean - INFO - Standardized string columns where present.
2025-12-05 13:11:26,381 - src.clean - INFO - clean() completed. Output df has 1 rows x 2 columns
2025-12-05 13:11:26,400 - src.load - INFO - Starting load()
2025-12-05 13:11:26,400 - src.load - INFO - Row counts - people=1, hospitals=1, doctors=1, conditions=1, insurance=1, test_results=1, admission_types=1, admissions=1, rejects=1
2025-12-05 13:11:26,400 - src.load - INFO - Connecting to database...
2025-12-05 13:11:26,400 - src.load - INFO - Database connection established.
2025-12-05 13:11:26,401 - src.load - INFO - Tables created/verified successfully.
2025-12-05 13:11:26,401 - src.load - INFO - Truncating tables and resetting identities...
2025-12-05 13:11:26,401 - src.load - INFO - Tables truncated.
2025-12-05 13:11:26,401 - src.load - INFO - Starting insertion.
2025-12-05 13:11:26,412 - src.load - INFO - Load completed successfully.
2025-12-05 13:11:26,412 - src.load - INFO - Database connection closed. End of load().
2025-12-05 13:11:26,420 - src.load - INFO - Starting load()
2025-12-05 13:11:26,420 - src.load - INFO - Row counts - people=3, hospitals=1, doctors=1, conditions=1, insurance=1, test_results=1, admission_types=1, admissions=1, rejects=1
2025-12-05 13:11:26,421 - src.load - INFO - Connecting to database...
2025-12-05 13:11:26,422 - src.load - INFO - Database connection established.
2025-12-05 13:11:26,422 - src.load - INFO - Tables created/verified successfully.
2025-12-05 13:11:26,423 - src.load - INFO - Truncating tables and resetting identities...
2025-12-05 13:11:26,423 - src.load - INFO - Tables truncated.
2025-12-05 13:11:26,423 - src.load - INFO - Starting insertion.
2025-12-05 13:11:26,425 - src.load - WARNING - Invalid age 150 for person Too Old; setting age to NULL before insert
2025-12-05 13:11:26,430 - src.load - INFO - Load completed successfully.
2025-12-05 13:11:26,430 - src.load - INFO - Database connection closed. End of load().
2025-12-05 13:11:26,439 - src.load - INFO - Starting load()
2025-12-05 13:11:26,439 - src.load - INFO - Row counts - people=1, hospitals=1, doctors=1, conditions=1, insurance=1, test_results=1, admission_types=1, admissions=1, rejects=1
2025-12-05 13:11:26,439 - src.load - INFO - Connecting to database...
2025-12-05 13:11:26,439 - src.load - INFO - Database connection established.
2025-12-05 13:11:26,439 - src.load - INFO - Tables created/verified successfully.
2025-12-05 13:11:26,439 - src.load - INFO - Truncating tables and resetting identities...
2025-12-05 13:11:26,440 - src.load - INFO - Tables truncated.
2025-12-05 13:11:26,440 - src.load - INFO - Starting insertion.
2025-12-05 13:11:26,441 - src.load - ERROR - Failed inserting people row: Pandas(person_id=1, name='Error Person', age=40, gender='M', blood_type='AB+')
Traceback (most recent call last):
  File "/Users/mattmurno/Desktop/Revature training files/etl_proj/src/load.py", line 130, in load
    cur.execute(
  File "/Users/mattmurno/Desktop/Revature training files/etl_proj/tests/test_load.py", line 18, in execute
    raise psycopg2.Error("Simulated DB error")
psycopg2.Error: Simulated DB error
2025-12-05 13:11:26,452 - src.load - ERROR - Error in load() while working with the database.
Traceback (most recent call last):
  File "/Users/mattmurno/Desktop/Revature training files/etl_proj/src/load.py", line 130, in load
    cur.execute(
  File "/Users/mattmurno/Desktop/Revature training files/etl_proj/tests/test_load.py", line 18, in execute
    raise psycopg2.Error("Simulated DB error")
psycopg2.Error: Simulated DB error
2025-12-05 13:11:26,455 - src.load - INFO - Transaction rolled back due to error.
2025-12-05 13:11:26,456 - src.load - INFO - Database connection closed. End of load().
2025-12-05 13:11:26,493 - src.read - INFO - Reading CSV file from /private/var/folders/45/mms0wwj51255z_fqrdsfrqzh0000gn/T/pytest-of-mattmurno/pytest-13/test_read_csv_success0/test.csv
2025-12-05 13:11:26,520 - src.read - INFO - Successfully read CSV: 2 rows x 2 columns
2025-12-05 13:11:26,531 - src.read - INFO - Reading JSON file from /private/var/folders/45/mms0wwj51255z_fqrdsfrqzh0000gn/T/pytest-of-mattmurno/pytest-13/test_read_json_success0/test.json
2025-12-05 13:11:26,550 - src.read - INFO - Successfully read JSON: 2 rows x 2 columns
2025-12-05 13:11:26,556 - src.read - INFO - Starting read() for type=csv, path=/private/var/folders/45/mms0wwj51255z_fqrdsfrqzh0000gn/T/pytest-of-mattmurno/pytest-13/test_read_dispatches_to_csv0/test.csv
2025-12-05 13:11:26,556 - src.read - INFO - Reading CSV file from /private/var/folders/45/mms0wwj51255z_fqrdsfrqzh0000gn/T/pytest-of-mattmurno/pytest-13/test_read_dispatches_to_csv0/test.csv
2025-12-05 13:11:26,558 - src.read - INFO - Successfully read CSV: 2 rows x 2 columns
2025-12-05 13:11:26,576 - src.read - INFO - Starting read() for type=json, path=/private/var/folders/45/mms0wwj51255z_fqrdsfrqzh0000gn/T/pytest-of-mattmurno/pytest-13/test_read_dispatches_to_json0/test.json
2025-12-05 13:11:26,577 - src.read - INFO - Reading JSON file from /private/var/folders/45/mms0wwj51255z_fqrdsfrqzh0000gn/T/pytest-of-mattmurno/pytest-13/test_read_dispatches_to_json0/test.json
2025-12-05 13:11:26,586 - src.read - INFO - Successfully read JSON: 2 rows x 2 columns
2025-12-05 13:11:26,593 - src.read - INFO - Reading CSV file from /private/var/folders/45/mms0wwj51255z_fqrdsfrqzh0000gn/T/pytest-of-mattmurno/pytest-13/test_read_csv_missing_file_rai0/does_not_exist.csv
2025-12-05 13:11:26,594 - src.read - ERROR - Failed to read CSV file from /private/var/folders/45/mms0wwj51255z_fqrdsfrqzh0000gn/T/pytest-of-mattmurno/pytest-13/test_read_csv_missing_file_rai0/does_not_exist.csv
Traceback (most recent call last):
  File "/Users/mattmurno/Desktop/Revature training files/etl_proj/src/read.py", line 11, in read_csv
    df = pd.read_csv(filepath)
         ^^^^^^^^^^^^^^^^^^^^^
  File "/Users/mattmurno/Desktop/Revature training files/etl_proj/venv/lib/python3.11/site-packages/pandas/io/parsers/readers.py", line 1026, in read_csv
    return _read(filepath_or_buffer, kwds)
           ^^^^^^^^^^^^^^^^^^^^^^^^^^^^^^^
  File "/Users/mattmurno/Desktop/Revature training files/etl_proj/venv/lib/python3.11/site-packages/pandas/io/parsers/readers.py", line 620, in _read
    parser = TextFileReader(filepath_or_buffer, **kwds)
             ^^^^^^^^^^^^^^^^^^^^^^^^^^^^^^^^^^^^^^^^^^
  File "/Users/mattmurno/Desktop/Revature training files/etl_proj/venv/lib/python3.11/site-packages/pandas/io/parsers/readers.py", line 1620, in __init__
    self._engine = self._make_engine(f, self.engine)
                   ^^^^^^^^^^^^^^^^^^^^^^^^^^^^^^^^^
  File "/Users/mattmurno/Desktop/Revature training files/etl_proj/venv/lib/python3.11/site-packages/pandas/io/parsers/readers.py", line 1880, in _make_engine
    self.handles = get_handle(
                   ^^^^^^^^^^^
  File "/Users/mattmurno/Desktop/Revature training files/etl_proj/venv/lib/python3.11/site-packages/pandas/io/common.py", line 873, in get_handle
    handle = open(
             ^^^^^
FileNotFoundError: [Errno 2] No such file or directory: '/private/var/folders/45/mms0wwj51255z_fqrdsfrqzh0000gn/T/pytest-of-mattmurno/pytest-13/test_read_csv_missing_file_rai0/does_not_exist.csv'
2025-12-05 13:11:26,625 - src.read - INFO - Reading JSON file from /private/var/folders/45/mms0wwj51255z_fqrdsfrqzh0000gn/T/pytest-of-mattmurno/pytest-13/test_read_json_missing_file_ra0/does_not_exist.json
2025-12-05 13:11:26,626 - src.read - ERROR - Failed to read JSON file from /private/var/folders/45/mms0wwj51255z_fqrdsfrqzh0000gn/T/pytest-of-mattmurno/pytest-13/test_read_json_missing_file_ra0/does_not_exist.json
Traceback (most recent call last):
  File "/Users/mattmurno/Desktop/Revature training files/etl_proj/src/read.py", line 22, in read_json
    df = pd.read_json(filepath)
         ^^^^^^^^^^^^^^^^^^^^^^
  File "/Users/mattmurno/Desktop/Revature training files/etl_proj/venv/lib/python3.11/site-packages/pandas/io/json/_json.py", line 791, in read_json
    json_reader = JsonReader(
                  ^^^^^^^^^^^
  File "/Users/mattmurno/Desktop/Revature training files/etl_proj/venv/lib/python3.11/site-packages/pandas/io/json/_json.py", line 904, in __init__
    data = self._get_data_from_filepath(filepath_or_buffer)
           ^^^^^^^^^^^^^^^^^^^^^^^^^^^^^^^^^^^^^^^^^^^^^^^^
  File "/Users/mattmurno/Desktop/Revature training files/etl_proj/venv/lib/python3.11/site-packages/pandas/io/json/_json.py", line 960, in _get_data_from_filepath
    raise FileNotFoundError(f"File {filepath_or_buffer} does not exist")
FileNotFoundError: File /private/var/folders/45/mms0wwj51255z_fqrdsfrqzh0000gn/T/pytest-of-mattmurno/pytest-13/test_read_json_missing_file_ra0/does_not_exist.json does not exist
2025-12-05 13:11:26,638 - src.read - INFO - Starting read() for type=xml, path=some/path/file.xml
2025-12-05 13:11:26,638 - src.read - ERROR - Unsupported source type in read(): xml
2025-12-05 13:11:26,644 - src.transform - INFO - Starting transform(): input df has 2 rows x 15 columns
2025-12-05 13:11:26,756 - src.transform - ERROR - transform() failed.
Traceback (most recent call last):
  File "/Users/mattmurno/Desktop/Revature training files/etl_proj/src/transform.py", line 49, in transform
    df[doctors_source_cols]
    ~~^^^^^^^^^^^^^^^^^^^^^
  File "/Users/mattmurno/Desktop/Revature training files/etl_proj/venv/lib/python3.11/site-packages/pandas/core/frame.py", line 4119, in __getitem__
    indexer = self.columns._get_indexer_strict(key, "columns")[1]
              ^^^^^^^^^^^^^^^^^^^^^^^^^^^^^^^^^^^^^^^^^^^^^^^^
  File "/Users/mattmurno/Desktop/Revature training files/etl_proj/venv/lib/python3.11/site-packages/pandas/core/indexes/base.py", line 6212, in _get_indexer_strict
    self._raise_if_missing(keyarr, indexer, axis_name)
  File "/Users/mattmurno/Desktop/Revature training files/etl_proj/venv/lib/python3.11/site-packages/pandas/core/indexes/base.py", line 6261, in _raise_if_missing
    raise KeyError(f"None of [{key}] are in the [{axis_name}]")
KeyError: "None of [Index(['doctor_name', 'hospital_id'], dtype='object')] are in the [columns]"
2025-12-05 13:11:27,432 - src.transform - INFO - Starting transform(): input df has 3 rows x 15 columns
2025-12-05 13:11:27,442 - src.transform - ERROR - transform() failed.
Traceback (most recent call last):
  File "/Users/mattmurno/Desktop/Revature training files/etl_proj/src/transform.py", line 49, in transform
    df[doctors_source_cols]
    ~~^^^^^^^^^^^^^^^^^^^^^
  File "/Users/mattmurno/Desktop/Revature training files/etl_proj/venv/lib/python3.11/site-packages/pandas/core/frame.py", line 4119, in __getitem__
    indexer = self.columns._get_indexer_strict(key, "columns")[1]
              ^^^^^^^^^^^^^^^^^^^^^^^^^^^^^^^^^^^^^^^^^^^^^^^^
  File "/Users/mattmurno/Desktop/Revature training files/etl_proj/venv/lib/python3.11/site-packages/pandas/core/indexes/base.py", line 6212, in _get_indexer_strict
    self._raise_if_missing(keyarr, indexer, axis_name)
  File "/Users/mattmurno/Desktop/Revature training files/etl_proj/venv/lib/python3.11/site-packages/pandas/core/indexes/base.py", line 6261, in _raise_if_missing
    raise KeyError(f"None of [{key}] are in the [{axis_name}]")
KeyError: "None of [Index(['doctor_name', 'hospital_id'], dtype='object')] are in the [columns]"
2025-12-05 13:11:27,875 - src.transform - INFO - Starting transform(): input df has 1 rows x 14 columns
2025-12-05 13:11:27,876 - src.transform - ERROR - transform() failed.
Traceback (most recent call last):
  File "/Users/mattmurno/Desktop/Revature training files/etl_proj/src/transform.py", line 25, in transform
    df[people_source_cols]
    ~~^^^^^^^^^^^^^^^^^^^^
  File "/Users/mattmurno/Desktop/Revature training files/etl_proj/venv/lib/python3.11/site-packages/pandas/core/frame.py", line 4119, in __getitem__
    indexer = self.columns._get_indexer_strict(key, "columns")[1]
              ^^^^^^^^^^^^^^^^^^^^^^^^^^^^^^^^^^^^^^^^^^^^^^^^
  File "/Users/mattmurno/Desktop/Revature training files/etl_proj/venv/lib/python3.11/site-packages/pandas/core/indexes/base.py", line 6212, in _get_indexer_strict
    self._raise_if_missing(keyarr, indexer, axis_name)
  File "/Users/mattmurno/Desktop/Revature training files/etl_proj/venv/lib/python3.11/site-packages/pandas/core/indexes/base.py", line 6264, in _raise_if_missing
    raise KeyError(f"{not_found} not in index")
KeyError: "['name'] not in index"
2025-12-05 13:13:49,438 - src.read - INFO - Starting read() for type=csv, path=data/healthcare_dataset_dirty.csv
2025-12-05 13:13:49,439 - src.read - INFO - Reading CSV file from data/healthcare_dataset_dirty.csv
2025-12-05 13:13:49,713 - src.read - INFO - Successfully read CSV: 57166 rows x 15 columns
2025-12-05 13:13:49,714 - src.clean - INFO - Starting clean(): input df has 57166 rows x 15 columns
2025-12-05 13:13:50,167 - src.clean - INFO - Standardized string columns where present.
2025-12-05 13:13:50,226 - src.clean - WARNING - Column age: 285 value(s) could not be converted to numeric and were set to NaN
2025-12-05 13:13:50,448 - src.clean - INFO - Column billing_amount converted to numeric successfully.
2025-12-05 13:13:50,483 - src.clean - WARNING - Column room_number: 394 value(s) could not be converted to numeric and were set to NaN
2025-12-05 13:13:50,531 - src.clean - INFO - Age range before validation: min=0.0, max=150.0
2025-12-05 13:13:50,561 - src.clean - WARNING - Age: 144 value(s) outside valid range (0–120); setting to NA
2025-12-05 13:13:50,562 - src.clean - INFO - Room_number range before validation: min=101.0, max=500.0
2025-12-05 13:13:50,567 - src.clean - INFO - Rounded billing_amount to 2 decimal places.
2025-12-05 13:13:50,638 - src.clean - WARNING - Column date_of_admission: 2858 value(s) could not be parsed as datetime and were set to NaT
2025-12-05 13:13:50,676 - src.clean - WARNING - Column discharge_date: 2858 value(s) could not be parsed as datetime and were set to NaT
2025-12-05 13:13:50,677 - src.clean - INFO - clean() completed. Output df has 57166 rows x 16 columns
2025-12-05 13:13:50,677 - src.transform - INFO - Starting transform(): input df has 57166 rows x 16 columns
2025-12-05 13:13:51,042 - src.transform - ERROR - transform() failed.
Traceback (most recent call last):
  File "/Users/mattmurno/Desktop/Revature training files/etl_proj/src/transform.py", line 49, in transform
    df[doctors_source_cols]
    ~~^^^^^^^^^^^^^^^^^^^^^
  File "/Users/mattmurno/Desktop/Revature training files/etl_proj/venv/lib/python3.11/site-packages/pandas/core/frame.py", line 4119, in __getitem__
    indexer = self.columns._get_indexer_strict(key, "columns")[1]
              ^^^^^^^^^^^^^^^^^^^^^^^^^^^^^^^^^^^^^^^^^^^^^^^^
  File "/Users/mattmurno/Desktop/Revature training files/etl_proj/venv/lib/python3.11/site-packages/pandas/core/indexes/base.py", line 6212, in _get_indexer_strict
    self._raise_if_missing(keyarr, indexer, axis_name)
  File "/Users/mattmurno/Desktop/Revature training files/etl_proj/venv/lib/python3.11/site-packages/pandas/core/indexes/base.py", line 6261, in _raise_if_missing
    raise KeyError(f"None of [{key}] are in the [{axis_name}]")
KeyError: "None of [Index(['doctor_name', 'hospital_id'], dtype='object')] are in the [columns]"
2025-12-05 13:14:38,403 - src.read - INFO - Starting read() for type=csv, path=data/healthcare_dataset_dirty.csv
2025-12-05 13:14:38,404 - src.read - INFO - Reading CSV file from data/healthcare_dataset_dirty.csv
2025-12-05 13:14:38,631 - src.read - INFO - Successfully read CSV: 57166 rows x 15 columns
2025-12-05 13:14:38,631 - src.clean - INFO - Starting clean(): input df has 57166 rows x 15 columns
2025-12-05 13:14:39,411 - src.clean - INFO - Standardized string columns where present.
2025-12-05 13:14:39,499 - src.clean - WARNING - Column age: 285 value(s) could not be converted to numeric and were set to NaN
2025-12-05 13:14:39,667 - src.clean - INFO - Column billing_amount converted to numeric successfully.
2025-12-05 13:14:39,702 - src.clean - WARNING - Column room_number: 394 value(s) could not be converted to numeric and were set to NaN
2025-12-05 13:14:39,703 - src.clean - INFO - Age range before validation: min=0.0, max=150.0
2025-12-05 13:14:39,704 - src.clean - WARNING - Age: 144 value(s) outside valid range (0–120); setting to NA
2025-12-05 13:14:39,705 - src.clean - INFO - Room_number range before validation: min=101.0, max=500.0
2025-12-05 13:14:39,706 - src.clean - INFO - Rounded billing_amount to 2 decimal places.
2025-12-05 13:14:39,728 - src.clean - WARNING - Column date_of_admission: 2858 value(s) could not be parsed as datetime and were set to NaT
2025-12-05 13:14:39,744 - src.clean - WARNING - Column discharge_date: 2858 value(s) could not be parsed as datetime and were set to NaT
2025-12-05 13:14:39,744 - src.clean - INFO - clean() completed. Output df has 57166 rows x 16 columns
2025-12-05 13:14:39,744 - src.transform - INFO - Starting transform(): input df has 57166 rows x 16 columns
2025-12-05 13:14:40,049 - src.transform - ERROR - transform() failed.
Traceback (most recent call last):
  File "/Users/mattmurno/Desktop/Revature training files/etl_proj/src/transform.py", line 49, in transform
    df[doctors_source_cols]
    ~~^^^^^^^^^^^^^^^^^^^^^
  File "/Users/mattmurno/Desktop/Revature training files/etl_proj/venv/lib/python3.11/site-packages/pandas/core/frame.py", line 4119, in __getitem__
    indexer = self.columns._get_indexer_strict(key, "columns")[1]
              ^^^^^^^^^^^^^^^^^^^^^^^^^^^^^^^^^^^^^^^^^^^^^^^^
  File "/Users/mattmurno/Desktop/Revature training files/etl_proj/venv/lib/python3.11/site-packages/pandas/core/indexes/base.py", line 6212, in _get_indexer_strict
    self._raise_if_missing(keyarr, indexer, axis_name)
  File "/Users/mattmurno/Desktop/Revature training files/etl_proj/venv/lib/python3.11/site-packages/pandas/core/indexes/base.py", line 6261, in _raise_if_missing
    raise KeyError(f"None of [{key}] are in the [{axis_name}]")
KeyError: "None of [Index(['doctor_name', 'hospital_id'], dtype='object')] are in the [columns]"
2025-12-05 13:17:01,423 - src.read - INFO - Starting read() for type=csv, path=data/healthcare_dataset_dirty.csv
2025-12-05 13:17:01,423 - src.read - INFO - Reading CSV file from data/healthcare_dataset_dirty.csv
2025-12-05 13:17:01,668 - src.read - INFO - Successfully read CSV: 57166 rows x 15 columns
2025-12-05 13:17:01,668 - src.clean - INFO - Starting clean(): input df has 57166 rows x 15 columns
2025-12-05 13:17:02,148 - src.clean - INFO - Standardized string columns where present.
2025-12-05 13:17:02,186 - src.clean - WARNING - Column age: 285 value(s) could not be converted to numeric and were set to NaN
2025-12-05 13:17:02,272 - src.clean - INFO - Column billing_amount converted to numeric successfully.
2025-12-05 13:17:02,307 - src.clean - WARNING - Column room_number: 394 value(s) could not be converted to numeric and were set to NaN
2025-12-05 13:17:02,308 - src.clean - INFO - Age range before validation: min=0.0, max=150.0
2025-12-05 13:17:02,309 - src.clean - WARNING - Age: 144 value(s) outside valid range (0–120); setting to NA
2025-12-05 13:17:02,310 - src.clean - INFO - Room_number range before validation: min=101.0, max=500.0
2025-12-05 13:17:02,312 - src.clean - INFO - Rounded billing_amount to 2 decimal places.
2025-12-05 13:17:02,333 - src.clean - WARNING - Column date_of_admission: 2858 value(s) could not be parsed as datetime and were set to NaT
2025-12-05 13:17:02,354 - src.clean - WARNING - Column discharge_date: 2858 value(s) could not be parsed as datetime and were set to NaT
2025-12-05 13:17:02,354 - src.clean - INFO - clean() completed. Output df has 57166 rows x 16 columns
2025-12-05 13:17:02,354 - src.transform - INFO - Starting transform(): input df has 57166 rows x 16 columns
2025-12-05 13:17:02,867 - src.transform - ERROR - transform() failed.
Traceback (most recent call last):
  File "/Users/mattmurno/Desktop/Revature training files/etl_proj/src/transform.py", line 49, in transform
    df[doctors_source_cols]
    ~~^^^^^^^^^^^^^^^^^^^^^
  File "/Users/mattmurno/Desktop/Revature training files/etl_proj/venv/lib/python3.11/site-packages/pandas/core/frame.py", line 4119, in __getitem__
    indexer = self.columns._get_indexer_strict(key, "columns")[1]
              ^^^^^^^^^^^^^^^^^^^^^^^^^^^^^^^^^^^^^^^^^^^^^^^^
  File "/Users/mattmurno/Desktop/Revature training files/etl_proj/venv/lib/python3.11/site-packages/pandas/core/indexes/base.py", line 6212, in _get_indexer_strict
    self._raise_if_missing(keyarr, indexer, axis_name)
  File "/Users/mattmurno/Desktop/Revature training files/etl_proj/venv/lib/python3.11/site-packages/pandas/core/indexes/base.py", line 6261, in _raise_if_missing
    raise KeyError(f"None of [{key}] are in the [{axis_name}]")
KeyError: "None of [Index(['doctor_name', 'hospital_id'], dtype='object')] are in the [columns]"
2025-12-05 13:17:27,325 - src.read - INFO - Starting read() for type=csv, path=data/healthcare_dataset_dirty.csv
2025-12-05 13:17:27,326 - src.read - INFO - Reading CSV file from data/healthcare_dataset_dirty.csv
2025-12-05 13:17:27,544 - src.read - INFO - Successfully read CSV: 57166 rows x 15 columns
2025-12-05 13:17:27,545 - src.clean - INFO - Starting clean(): input df has 57166 rows x 15 columns
2025-12-05 13:17:28,118 - src.clean - INFO - Standardized string columns where present.
2025-12-05 13:17:28,164 - src.clean - WARNING - Column age: 285 value(s) could not be converted to numeric and were set to NaN
2025-12-05 13:17:28,272 - src.clean - INFO - Column billing_amount converted to numeric successfully.
2025-12-05 13:17:28,307 - src.clean - WARNING - Column room_number: 394 value(s) could not be converted to numeric and were set to NaN
2025-12-05 13:17:28,309 - src.clean - INFO - Age range before validation: min=0.0, max=150.0
2025-12-05 13:17:28,310 - src.clean - WARNING - Age: 144 value(s) outside valid range (0–120); setting to NA
2025-12-05 13:17:28,312 - src.clean - INFO - Room_number range before validation: min=101.0, max=500.0
2025-12-05 13:17:28,314 - src.clean - INFO - Rounded billing_amount to 2 decimal places.
2025-12-05 13:17:28,344 - src.clean - WARNING - Column date_of_admission: 2858 value(s) could not be parsed as datetime and were set to NaT
2025-12-05 13:17:28,368 - src.clean - WARNING - Column discharge_date: 2858 value(s) could not be parsed as datetime and were set to NaT
2025-12-05 13:17:28,369 - src.clean - INFO - clean() completed. Output df has 57166 rows x 16 columns
2025-12-05 13:17:28,370 - src.transform - INFO - Starting transform(): input df has 57166 rows x 16 columns
2025-12-05 13:17:28,625 - src.transform - ERROR - transform() failed.
Traceback (most recent call last):
  File "/Users/mattmurno/Desktop/Revature training files/etl_proj/src/transform.py", line 50, in transform
    df[doctors_source_cols]
    ~~^^^^^^^^^^^^^^^^^^^^^
  File "/Users/mattmurno/Desktop/Revature training files/etl_proj/venv/lib/python3.11/site-packages/pandas/core/frame.py", line 4119, in __getitem__
    indexer = self.columns._get_indexer_strict(key, "columns")[1]
              ^^^^^^^^^^^^^^^^^^^^^^^^^^^^^^^^^^^^^^^^^^^^^^^^
  File "/Users/mattmurno/Desktop/Revature training files/etl_proj/venv/lib/python3.11/site-packages/pandas/core/indexes/base.py", line 6212, in _get_indexer_strict
    self._raise_if_missing(keyarr, indexer, axis_name)
  File "/Users/mattmurno/Desktop/Revature training files/etl_proj/venv/lib/python3.11/site-packages/pandas/core/indexes/base.py", line 6261, in _raise_if_missing
    raise KeyError(f"None of [{key}] are in the [{axis_name}]")
KeyError: "None of [Index(['doctor_name', 'hospital_id'], dtype='object')] are in the [columns]"
2025-12-05 13:18:18,674 - src.read - INFO - Starting read() for type=csv, path=data/healthcare_dataset_dirty.csv
2025-12-05 13:18:18,675 - src.read - INFO - Reading CSV file from data/healthcare_dataset_dirty.csv
2025-12-05 13:18:18,975 - src.read - INFO - Successfully read CSV: 57166 rows x 15 columns
2025-12-05 13:18:18,975 - src.clean - INFO - Starting clean(): input df has 57166 rows x 15 columns
2025-12-05 13:18:19,425 - src.clean - INFO - Standardized string columns where present.
2025-12-05 13:18:19,457 - src.clean - WARNING - Column age: 285 value(s) could not be converted to numeric and were set to NaN
2025-12-05 13:18:19,555 - src.clean - INFO - Column billing_amount converted to numeric successfully.
2025-12-05 13:18:19,590 - src.clean - WARNING - Column room_number: 394 value(s) could not be converted to numeric and were set to NaN
2025-12-05 13:18:19,592 - src.clean - INFO - Age range before validation: min=0.0, max=150.0
2025-12-05 13:18:19,595 - src.clean - WARNING - Age: 144 value(s) outside valid range (0–120); setting to NA
2025-12-05 13:18:19,597 - src.clean - INFO - Room_number range before validation: min=101.0, max=500.0
2025-12-05 13:18:19,598 - src.clean - INFO - Rounded billing_amount to 2 decimal places.
2025-12-05 13:18:19,637 - src.clean - WARNING - Column date_of_admission: 2858 value(s) could not be parsed as datetime and were set to NaT
2025-12-05 13:18:19,672 - src.clean - WARNING - Column discharge_date: 2858 value(s) could not be parsed as datetime and were set to NaT
2025-12-05 13:18:19,674 - src.clean - INFO - clean() completed. Output df has 57166 rows x 16 columns
2025-12-05 13:18:19,674 - src.transform - INFO - Starting transform(): input df has 57166 rows x 16 columns
2025-12-05 13:18:19,986 - src.transform - ERROR - transform() failed.
Traceback (most recent call last):
  File "/Users/mattmurno/Desktop/Revature training files/etl_proj/src/transform.py", line 51, in transform
    df[doctors_source_cols]
    ~~^^^^^^^^^^^^^^^^^^^^^
  File "/Users/mattmurno/Desktop/Revature training files/etl_proj/venv/lib/python3.11/site-packages/pandas/core/frame.py", line 4119, in __getitem__
    indexer = self.columns._get_indexer_strict(key, "columns")[1]
              ^^^^^^^^^^^^^^^^^^^^^^^^^^^^^^^^^^^^^^^^^^^^^^^^
  File "/Users/mattmurno/Desktop/Revature training files/etl_proj/venv/lib/python3.11/site-packages/pandas/core/indexes/base.py", line 6212, in _get_indexer_strict
    self._raise_if_missing(keyarr, indexer, axis_name)
  File "/Users/mattmurno/Desktop/Revature training files/etl_proj/venv/lib/python3.11/site-packages/pandas/core/indexes/base.py", line 6261, in _raise_if_missing
    raise KeyError(f"None of [{key}] are in the [{axis_name}]")
KeyError: "None of [Index(['doctor_name', 'hospital_id'], dtype='object')] are in the [columns]"
2025-12-05 13:19:14,786 - src.read - INFO - Starting read() for type=csv, path=data/healthcare_dataset_dirty.csv
2025-12-05 13:19:14,786 - src.read - INFO - Reading CSV file from data/healthcare_dataset_dirty.csv
2025-12-05 13:19:15,129 - src.read - INFO - Successfully read CSV: 57166 rows x 15 columns
2025-12-05 13:19:15,129 - src.clean - INFO - Starting clean(): input df has 57166 rows x 15 columns
2025-12-05 13:19:15,621 - src.clean - INFO - Standardized string columns where present.
2025-12-05 13:19:15,671 - src.clean - WARNING - Column age: 285 value(s) could not be converted to numeric and were set to NaN
2025-12-05 13:19:15,762 - src.clean - INFO - Column billing_amount converted to numeric successfully.
2025-12-05 13:19:15,790 - src.clean - WARNING - Column room_number: 394 value(s) could not be converted to numeric and were set to NaN
2025-12-05 13:19:15,792 - src.clean - INFO - Age range before validation: min=0.0, max=150.0
2025-12-05 13:19:15,793 - src.clean - WARNING - Age: 144 value(s) outside valid range (0–120); setting to NA
2025-12-05 13:19:15,793 - src.clean - INFO - Room_number range before validation: min=101.0, max=500.0
2025-12-05 13:19:15,794 - src.clean - INFO - Rounded billing_amount to 2 decimal places.
2025-12-05 13:19:15,823 - src.clean - WARNING - Column date_of_admission: 2858 value(s) could not be parsed as datetime and were set to NaT
2025-12-05 13:19:15,840 - src.clean - WARNING - Column discharge_date: 2858 value(s) could not be parsed as datetime and were set to NaT
2025-12-05 13:19:15,840 - src.clean - INFO - clean() completed. Output df has 57166 rows x 16 columns
2025-12-05 13:19:15,841 - src.transform - INFO - Starting transform(): input df has 57166 rows x 16 columns
2025-12-05 13:19:16,305 - src.transform - ERROR - transform() failed.
Traceback (most recent call last):
  File "/Users/mattmurno/Desktop/Revature training files/etl_proj/src/transform.py", line 50, in transform
    df[doctors_source_cols]
    ~~^^^^^^^^^^^^^^^^^^^^^
  File "/Users/mattmurno/Desktop/Revature training files/etl_proj/venv/lib/python3.11/site-packages/pandas/core/frame.py", line 4119, in __getitem__
    indexer = self.columns._get_indexer_strict(key, "columns")[1]
              ^^^^^^^^^^^^^^^^^^^^^^^^^^^^^^^^^^^^^^^^^^^^^^^^
  File "/Users/mattmurno/Desktop/Revature training files/etl_proj/venv/lib/python3.11/site-packages/pandas/core/indexes/base.py", line 6212, in _get_indexer_strict
    self._raise_if_missing(keyarr, indexer, axis_name)
  File "/Users/mattmurno/Desktop/Revature training files/etl_proj/venv/lib/python3.11/site-packages/pandas/core/indexes/base.py", line 6261, in _raise_if_missing
    raise KeyError(f"None of [{key}] are in the [{axis_name}]")
KeyError: "None of [Index(['doctor_name', 'hospital_id'], dtype='object')] are in the [columns]"
2025-12-05 13:20:06,066 - src.read - INFO - Starting read() for type=csv, path=data/healthcare_dataset_dirty.csv
2025-12-05 13:20:06,067 - src.read - INFO - Reading CSV file from data/healthcare_dataset_dirty.csv
2025-12-05 13:20:06,807 - src.read - INFO - Successfully read CSV: 57166 rows x 15 columns
2025-12-05 13:20:06,807 - src.clean - INFO - Starting clean(): input df has 57166 rows x 15 columns
2025-12-05 13:20:07,409 - src.clean - INFO - Standardized string columns where present.
2025-12-05 13:20:07,440 - src.clean - WARNING - Column age: 285 value(s) could not be converted to numeric and were set to NaN
2025-12-05 13:20:07,525 - src.clean - INFO - Column billing_amount converted to numeric successfully.
2025-12-05 13:20:07,587 - src.clean - WARNING - Column room_number: 394 value(s) could not be converted to numeric and were set to NaN
2025-12-05 13:20:07,589 - src.clean - INFO - Age range before validation: min=0.0, max=150.0
2025-12-05 13:20:07,590 - src.clean - WARNING - Age: 144 value(s) outside valid range (0–120); setting to NA
2025-12-05 13:20:07,594 - src.clean - INFO - Room_number range before validation: min=101.0, max=500.0
2025-12-05 13:20:07,596 - src.clean - INFO - Rounded billing_amount to 2 decimal places.
2025-12-05 13:20:07,672 - src.clean - WARNING - Column date_of_admission: 2858 value(s) could not be parsed as datetime and were set to NaT
2025-12-05 13:20:07,711 - src.clean - WARNING - Column discharge_date: 2858 value(s) could not be parsed as datetime and were set to NaT
2025-12-05 13:20:07,711 - src.clean - INFO - clean() completed. Output df has 57166 rows x 16 columns
2025-12-05 13:20:07,711 - src.transform - INFO - Starting transform(): input df has 57166 rows x 16 columns
2025-12-05 13:20:07,982 - src.transform - INFO - Built people_df (no nulls): 46803 rows x 5 columns
2025-12-05 13:20:08,021 - src.transform - INFO - Built doctors_df (pre-hospital merge, no nulls): 46283 rows x 3 columns
2025-12-05 13:20:08,042 - src.transform - INFO - Built hospitals_df (no nulls): 37437 rows x 2 columns
2025-12-05 13:20:08,086 - src.transform - INFO - Updated doctors_df after hospital merge: 46283 rows x 4 columns
2025-12-05 13:20:08,101 - src.transform - INFO - Built conditions_df (no nulls): 6 rows x 2 columns
2025-12-05 13:20:08,118 - src.transform - INFO - Built insurance_df (no nulls): 6 rows x 2 columns
2025-12-05 13:20:08,127 - src.transform - WARNING - test_results_df: 2839 invalid or null result_label value(s) dropped before dimension build
2025-12-05 13:20:08,131 - src.transform - INFO - Built test_results_df (no nulls): 3 rows x 2 columns
2025-12-05 13:20:08,145 - src.transform - INFO - Built admission_types_df (no nulls): 3 rows x 2 columns
2025-12-05 13:20:08,567 - src.transform - INFO - Finished merges; df is now 57166 rows x 28 columns
2025-12-05 13:20:09,895 - src.transform - INFO - Built admissions_df: 25974 rows x 12 columns
2025-12-05 13:20:09,895 - src.transform - INFO - After reject split: 25974 valid admissions, 31192 rejected rows
2025-12-05 13:20:09,895 - src.transform - INFO - transform() completed successfully. Output tables: {'people': (46803, 5), 'doctors': (46283, 4), 'hospitals': (37437, 2), 'conditions': (6, 2), 'insurance': (6, 2), 'admission_types': (3, 2), 'test_results': (3, 2), 'admissions': (25974, 12), 'rejects': (31192, 16)}
2025-12-05 13:20:09,903 - src.load - INFO - Starting load()
2025-12-05 13:20:09,903 - src.load - INFO - Row counts - people=46803, hospitals=37437, doctors=46283, conditions=6, insurance=6, test_results=3, admission_types=3, admissions=25974, rejects=31192
2025-12-05 13:20:09,903 - src.load - INFO - Connecting to database...
2025-12-05 13:20:10,094 - src.load - INFO - Database connection established.
2025-12-05 13:20:10,111 - src.load - INFO - Tables created/verified successfully.
2025-12-05 13:20:10,111 - src.load - INFO - Truncating tables and resetting identities...
2025-12-05 13:20:10,168 - src.load - INFO - Tables truncated.
2025-12-05 13:20:10,170 - src.load - INFO - Starting insertion.
2025-12-05 13:20:41,836 - src.load - INFO - Load completed successfully.
2025-12-05 13:20:41,837 - src.load - INFO - Database connection closed. End of load().
2025-12-05 13:35:52,079 - src.read - INFO - Starting read() for type=csv, path=data/healthcare_dataset_dirty.csv
2025-12-05 13:35:52,080 - src.read - INFO - Reading CSV file from data/healthcare_dataset_dirty.csv
2025-12-05 13:35:52,364 - src.read - INFO - Successfully read CSV: 57166 rows x 15 columns
2025-12-05 13:35:52,364 - src.clean - INFO - Starting clean(): input df has 57166 rows x 15 columns
2025-12-05 13:35:52,833 - src.clean - INFO - Standardized string columns where present.
2025-12-05 13:35:52,879 - src.clean - WARNING - Column age: 285 value(s) could not be converted to numeric and were set to NaN
2025-12-05 13:35:52,969 - src.clean - INFO - Column billing_amount converted to numeric successfully.
2025-12-05 13:35:53,009 - src.clean - WARNING - Column room_number: 394 value(s) could not be converted to numeric and were set to NaN
2025-12-05 13:35:53,010 - src.clean - INFO - Age range before validation: min=0.0, max=150.0
2025-12-05 13:35:53,012 - src.clean - WARNING - Age: 144 value(s) outside valid range (0–120); setting to NA
2025-12-05 13:35:53,013 - src.clean - INFO - Room_number range before validation: min=101.0, max=500.0
2025-12-05 13:35:53,017 - src.clean - INFO - Rounded billing_amount to 2 decimal places.
2025-12-05 13:35:53,207 - src.clean - WARNING - Column date_of_admission: 2858 value(s) could not be parsed as datetime and were set to NaT
2025-12-05 13:35:53,285 - src.clean - WARNING - Column discharge_date: 2858 value(s) could not be parsed as datetime and were set to NaT
2025-12-05 13:35:53,285 - src.clean - INFO - clean() completed. Output df has 57166 rows x 16 columns
2025-12-05 13:35:53,286 - src.transform - INFO - Starting transform(): input df has 57166 rows x 16 columns
2025-12-05 13:35:53,589 - src.transform - INFO - Built people_df (no nulls): 46803 rows x 5 columns
2025-12-05 13:35:53,623 - src.transform - INFO - Built doctors_df (pre-hospital merge, no nulls): 46283 rows x 3 columns
2025-12-05 13:35:53,643 - src.transform - INFO - Built hospitals_df (no nulls): 37437 rows x 2 columns
2025-12-05 13:35:53,677 - src.transform - INFO - Updated doctors_df after hospital merge: 46283 rows x 4 columns
2025-12-05 13:35:53,691 - src.transform - INFO - Built conditions_df (no nulls): 6 rows x 2 columns
2025-12-05 13:35:53,705 - src.transform - INFO - Built insurance_df (no nulls): 6 rows x 2 columns
2025-12-05 13:35:53,715 - src.transform - WARNING - test_results_df: 2839 invalid or null result_label value(s) dropped before dimension build
2025-12-05 13:35:53,721 - src.transform - INFO - Built test_results_df (no nulls): 3 rows x 2 columns
2025-12-05 13:35:53,738 - src.transform - INFO - Built admission_types_df (no nulls): 3 rows x 2 columns
2025-12-05 13:35:54,180 - src.transform - INFO - Finished merges; df is now 57166 rows x 28 columns
2025-12-05 13:35:55,462 - src.transform - INFO - Built admissions_df: 25974 rows x 12 columns
2025-12-05 13:35:55,462 - src.transform - INFO - After reject split: 25974 valid admissions, 31192 rejected rows
2025-12-05 13:35:55,462 - src.transform - INFO - transform() completed successfully. Output tables: {'people': (46803, 5), 'doctors': (46283, 4), 'hospitals': (37437, 2), 'conditions': (6, 2), 'insurance': (6, 2), 'admission_types': (3, 2), 'test_results': (3, 2), 'admissions': (25974, 12), 'rejects': (31192, 16)}
2025-12-05 13:35:55,468 - src.load - INFO - Starting load()
2025-12-05 13:35:55,468 - src.load - INFO - Row counts - people=46803, hospitals=37437, doctors=46283, conditions=6, insurance=6, test_results=3, admission_types=3, admissions=25974, rejects=31192
2025-12-05 13:35:55,468 - src.load - INFO - Connecting to database...
2025-12-05 13:35:55,735 - src.load - INFO - Database connection established.
2025-12-05 13:35:55,739 - src.load - INFO - Tables created/verified successfully.
2025-12-05 13:35:55,739 - src.load - INFO - Truncating tables and resetting identities...
2025-12-05 13:35:55,878 - src.load - INFO - Tables truncated.
2025-12-05 13:35:55,878 - src.load - INFO - Starting insertion.
2025-12-05 13:36:25,800 - src.load - INFO - Load completed successfully.
2025-12-05 13:36:25,800 - src.load - INFO - Database connection closed. End of load().
2025-12-05 13:48:12,812 - src.read - INFO - Starting read() for type=csv, path=data/healthcare_dataset_dirty.csv
2025-12-05 13:48:12,813 - src.read - INFO - Reading CSV file from data/healthcare_dataset_dirty.csv
2025-12-05 13:48:13,214 - src.read - INFO - Successfully read CSV: 57166 rows x 15 columns
2025-12-05 13:48:13,214 - src.clean - INFO - Starting clean(): input df has 57166 rows x 15 columns
2025-12-05 13:48:13,728 - src.clean - INFO - Standardized string columns where present.
2025-12-05 13:48:13,763 - src.clean - WARNING - Column age: 285 value(s) could not be converted to numeric and were set to NaN
2025-12-05 13:48:13,851 - src.clean - INFO - Column billing_amount converted to numeric successfully.
2025-12-05 13:48:13,891 - src.clean - WARNING - Column room_number: 394 value(s) could not be converted to numeric and were set to NaN
2025-12-05 13:48:13,894 - src.clean - INFO - Age range before validation: min=0.0, max=150.0
2025-12-05 13:48:13,900 - src.clean - WARNING - Age: 144 value(s) outside valid range (0–120); setting to NA
2025-12-05 13:48:13,902 - src.clean - INFO - Room_number range before validation: min=101.0, max=500.0
2025-12-05 13:48:13,903 - src.clean - INFO - Rounded billing_amount to 2 decimal places.
2025-12-05 13:48:14,076 - src.clean - WARNING - Column date_of_admission: 2858 value(s) could not be parsed as datetime and were set to NaT
2025-12-05 13:48:14,098 - src.clean - WARNING - Column discharge_date: 2858 value(s) could not be parsed as datetime and were set to NaT
2025-12-05 13:48:14,099 - src.clean - INFO - clean() completed. Output df has 57166 rows x 16 columns
2025-12-05 13:48:14,099 - src.transform - INFO - Starting transform(): input df has 57166 rows x 16 columns
2025-12-05 13:48:14,346 - src.transform - INFO - Built people_df (no nulls): 46803 rows x 5 columns
2025-12-05 13:48:14,396 - src.transform - INFO - Built doctors_df (pre-hospital merge, no nulls): 46283 rows x 3 columns
2025-12-05 13:48:14,436 - src.transform - INFO - Built hospitals_df (no nulls): 37437 rows x 2 columns
2025-12-05 13:48:14,493 - src.transform - INFO - Updated doctors_df after hospital merge: 46283 rows x 4 columns
2025-12-05 13:48:14,521 - src.transform - INFO - Built conditions_df (no nulls): 6 rows x 2 columns
2025-12-05 13:48:14,535 - src.transform - INFO - Built insurance_df (no nulls): 6 rows x 2 columns
2025-12-05 13:48:14,549 - src.transform - WARNING - test_results_df: 2839 invalid or null result_label value(s) dropped before dimension build
2025-12-05 13:48:14,557 - src.transform - INFO - Built test_results_df (no nulls): 3 rows x 2 columns
2025-12-05 13:48:14,574 - src.transform - INFO - Built admission_types_df (no nulls): 3 rows x 2 columns
2025-12-05 13:48:14,949 - src.transform - INFO - Finished merges; df is now 57166 rows x 28 columns
2025-12-05 13:48:16,302 - src.transform - INFO - Built admissions_df: 25974 rows x 12 columns
2025-12-05 13:48:16,302 - src.transform - INFO - After reject split: 25974 valid admissions, 31192 rejected rows
2025-12-05 13:48:16,302 - src.transform - INFO - transform() completed successfully. Output tables: {'people': (46803, 5), 'doctors': (46283, 4), 'hospitals': (37437, 2), 'conditions': (6, 2), 'insurance': (6, 2), 'admission_types': (3, 2), 'test_results': (3, 2), 'admissions': (25974, 12), 'rejects': (31192, 16)}
2025-12-05 13:48:16,309 - src.load - INFO - Starting load()
2025-12-05 13:48:16,309 - src.load - INFO - Row counts - people=46803, hospitals=37437, doctors=46283, conditions=6, insurance=6, test_results=3, admission_types=3, admissions=25974, rejects=31192
2025-12-05 13:48:16,309 - src.load - INFO - Connecting to database...
2025-12-05 13:48:16,551 - src.load - INFO - Database connection established.
2025-12-05 13:48:16,569 - src.load - INFO - Tables created/verified successfully.
2025-12-05 13:48:16,569 - src.load - INFO - Truncating tables and resetting identities...
2025-12-05 13:48:16,622 - src.load - INFO - Tables truncated.
2025-12-05 13:48:16,622 - src.load - INFO - Starting insertion.
2025-12-05 13:48:51,008 - src.load - INFO - Load completed successfully.
2025-12-05 13:48:51,008 - src.load - INFO - Database connection closed. End of load().
2025-12-05 13:49:46,449 - src.read - INFO - Starting read() for type=csv, path=data/healthcare_dataset_dirty.csv
2025-12-05 13:49:46,450 - src.read - INFO - Reading CSV file from data/healthcare_dataset_dirty.csv
2025-12-05 13:49:46,767 - src.read - INFO - Successfully read CSV: 57166 rows x 15 columns
2025-12-05 13:49:46,767 - src.clean - INFO - Starting clean(): input df has 57166 rows x 15 columns
2025-12-05 13:49:47,242 - src.clean - INFO - Standardized string columns where present.
2025-12-05 13:49:47,281 - src.clean - WARNING - Column age: 285 value(s) could not be converted to numeric and were set to NaN
2025-12-05 13:49:47,382 - src.clean - INFO - Column billing_amount converted to numeric successfully.
2025-12-05 13:49:47,412 - src.clean - WARNING - Column room_number: 394 value(s) could not be converted to numeric and were set to NaN
2025-12-05 13:49:47,413 - src.clean - INFO - Age range before validation: min=0.0, max=150.0
2025-12-05 13:49:47,414 - src.clean - WARNING - Age: 144 value(s) outside valid range (0–120); setting to NA
2025-12-05 13:49:47,415 - src.clean - INFO - Room_number range before validation: min=101.0, max=500.0
2025-12-05 13:49:47,417 - src.clean - INFO - Rounded billing_amount to 2 decimal places.
2025-12-05 13:49:47,437 - src.clean - WARNING - Column date_of_admission: 2858 value(s) could not be parsed as datetime and were set to NaT
2025-12-05 13:49:47,453 - src.clean - WARNING - Column discharge_date: 2858 value(s) could not be parsed as datetime and were set to NaT
2025-12-05 13:49:47,453 - src.clean - INFO - clean() completed. Output df has 57166 rows x 16 columns
2025-12-05 13:49:47,453 - src.transform - INFO - Starting transform(): input df has 57166 rows x 16 columns
2025-12-05 13:49:47,791 - src.transform - INFO - Built people_df (no nulls): 46803 rows x 5 columns
2025-12-05 13:49:47,834 - src.transform - INFO - Built doctors_df (pre-hospital merge, no nulls): 46803 rows x 5 columns
2025-12-05 13:49:47,834 - src.transform - ERROR - transform() failed.
Traceback (most recent call last):
  File "/Users/mattmurno/Desktop/Revature training files/etl_proj/src/transform.py", line 67, in transform
    doctors_df[["hospital"]]
    ~~~~~~~~~~^^^^^^^^^^^^^^
  File "/Users/mattmurno/Desktop/Revature training files/etl_proj/venv/lib/python3.11/site-packages/pandas/core/frame.py", line 4119, in __getitem__
    indexer = self.columns._get_indexer_strict(key, "columns")[1]
              ^^^^^^^^^^^^^^^^^^^^^^^^^^^^^^^^^^^^^^^^^^^^^^^^
  File "/Users/mattmurno/Desktop/Revature training files/etl_proj/venv/lib/python3.11/site-packages/pandas/core/indexes/base.py", line 6212, in _get_indexer_strict
    self._raise_if_missing(keyarr, indexer, axis_name)
  File "/Users/mattmurno/Desktop/Revature training files/etl_proj/venv/lib/python3.11/site-packages/pandas/core/indexes/base.py", line 6261, in _raise_if_missing
    raise KeyError(f"None of [{key}] are in the [{axis_name}]")
KeyError: "None of [Index(['hospital'], dtype='object')] are in the [columns]"
2025-12-05 13:49:57,149 - src.read - INFO - Starting read() for type=csv, path=data/healthcare_dataset_dirty.csv
2025-12-05 13:49:57,150 - src.read - INFO - Reading CSV file from data/healthcare_dataset_dirty.csv
2025-12-05 13:49:57,336 - src.read - INFO - Successfully read CSV: 57166 rows x 15 columns
2025-12-05 13:49:57,336 - src.clean - INFO - Starting clean(): input df has 57166 rows x 15 columns
2025-12-05 13:49:57,769 - src.clean - INFO - Standardized string columns where present.
2025-12-05 13:49:57,805 - src.clean - WARNING - Column age: 285 value(s) could not be converted to numeric and were set to NaN
2025-12-05 13:49:57,983 - src.clean - INFO - Column billing_amount converted to numeric successfully.
2025-12-05 13:49:58,022 - src.clean - WARNING - Column room_number: 394 value(s) could not be converted to numeric and were set to NaN
2025-12-05 13:49:58,023 - src.clean - INFO - Age range before validation: min=0.0, max=150.0
2025-12-05 13:49:58,023 - src.clean - WARNING - Age: 144 value(s) outside valid range (0–120); setting to NA
2025-12-05 13:49:58,025 - src.clean - INFO - Room_number range before validation: min=101.0, max=500.0
2025-12-05 13:49:58,025 - src.clean - INFO - Rounded billing_amount to 2 decimal places.
2025-12-05 13:49:58,044 - src.clean - WARNING - Column date_of_admission: 2858 value(s) could not be parsed as datetime and were set to NaT
2025-12-05 13:49:58,060 - src.clean - WARNING - Column discharge_date: 2858 value(s) could not be parsed as datetime and were set to NaT
2025-12-05 13:49:58,060 - src.clean - INFO - clean() completed. Output df has 57166 rows x 16 columns
2025-12-05 13:49:58,060 - src.transform - INFO - Starting transform(): input df has 57166 rows x 16 columns
2025-12-05 13:49:58,292 - src.transform - INFO - Built people_df (no nulls): 46803 rows x 5 columns
2025-12-05 13:49:58,292 - src.transform - ERROR - transform() failed.
Traceback (most recent call last):
  File "/Users/mattmurno/Desktop/Revature training files/etl_proj/src/transform.py", line 47, in transform
    df[doctors_source_cols]
    ~~^^^^^^^^^^^^^^^^^^^^^
  File "/Users/mattmurno/Desktop/Revature training files/etl_proj/venv/lib/python3.11/site-packages/pandas/core/frame.py", line 4119, in __getitem__
    indexer = self.columns._get_indexer_strict(key, "columns")[1]
              ^^^^^^^^^^^^^^^^^^^^^^^^^^^^^^^^^^^^^^^^^^^^^^^^
  File "/Users/mattmurno/Desktop/Revature training files/etl_proj/venv/lib/python3.11/site-packages/pandas/core/indexes/base.py", line 6212, in _get_indexer_strict
    self._raise_if_missing(keyarr, indexer, axis_name)
  File "/Users/mattmurno/Desktop/Revature training files/etl_proj/venv/lib/python3.11/site-packages/pandas/core/indexes/base.py", line 6264, in _raise_if_missing
    raise KeyError(f"{not_found} not in index")
KeyError: "['hospital_id'] not in index"
2025-12-05 13:51:10,935 - src.read - INFO - Starting read() for type=csv, path=data/healthcare_dataset_dirty.csv
2025-12-05 13:51:10,935 - src.read - INFO - Reading CSV file from data/healthcare_dataset_dirty.csv
2025-12-05 13:51:11,321 - src.read - INFO - Successfully read CSV: 57166 rows x 15 columns
2025-12-05 13:51:11,321 - src.clean - INFO - Starting clean(): input df has 57166 rows x 15 columns
2025-12-05 13:51:11,760 - src.clean - INFO - Standardized string columns where present.
2025-12-05 13:51:11,801 - src.clean - WARNING - Column age: 285 value(s) could not be converted to numeric and were set to NaN
2025-12-05 13:51:11,883 - src.clean - INFO - Column billing_amount converted to numeric successfully.
2025-12-05 13:51:12,013 - src.clean - WARNING - Column room_number: 394 value(s) could not be converted to numeric and were set to NaN
2025-12-05 13:51:12,014 - src.clean - INFO - Age range before validation: min=0.0, max=150.0
2025-12-05 13:51:12,016 - src.clean - WARNING - Age: 144 value(s) outside valid range (0–120); setting to NA
2025-12-05 13:51:12,018 - src.clean - INFO - Room_number range before validation: min=101.0, max=500.0
2025-12-05 13:51:12,030 - src.clean - INFO - Rounded billing_amount to 2 decimal places.
2025-12-05 13:51:12,054 - src.clean - WARNING - Column date_of_admission: 2858 value(s) could not be parsed as datetime and were set to NaT
2025-12-05 13:51:12,077 - src.clean - WARNING - Column discharge_date: 2858 value(s) could not be parsed as datetime and were set to NaT
2025-12-05 13:51:12,077 - src.clean - INFO - clean() completed. Output df has 57166 rows x 16 columns
2025-12-05 13:51:12,077 - src.transform - INFO - Starting transform(): input df has 57166 rows x 16 columns
2025-12-05 13:51:12,336 - src.transform - INFO - Built people_df (no nulls): 46803 rows x 5 columns
2025-12-05 13:51:12,336 - src.transform - ERROR - transform() failed.
Traceback (most recent call last):
  File "/Users/mattmurno/Desktop/Revature training files/etl_proj/src/transform.py", line 47, in transform
    df[doctors_source_cols]
    ~~^^^^^^^^^^^^^^^^^^^^^
  File "/Users/mattmurno/Desktop/Revature training files/etl_proj/venv/lib/python3.11/site-packages/pandas/core/frame.py", line 4119, in __getitem__
    indexer = self.columns._get_indexer_strict(key, "columns")[1]
              ^^^^^^^^^^^^^^^^^^^^^^^^^^^^^^^^^^^^^^^^^^^^^^^^
  File "/Users/mattmurno/Desktop/Revature training files/etl_proj/venv/lib/python3.11/site-packages/pandas/core/indexes/base.py", line 6212, in _get_indexer_strict
    self._raise_if_missing(keyarr, indexer, axis_name)
  File "/Users/mattmurno/Desktop/Revature training files/etl_proj/venv/lib/python3.11/site-packages/pandas/core/indexes/base.py", line 6264, in _raise_if_missing
    raise KeyError(f"{not_found} not in index")
KeyError: "['hospital_id'] not in index"
2025-12-05 13:52:47,946 - src.read - INFO - Starting read() for type=csv, path=data/healthcare_dataset_dirty.csv
2025-12-05 13:52:47,947 - src.read - INFO - Reading CSV file from data/healthcare_dataset_dirty.csv
2025-12-05 13:52:48,253 - src.read - INFO - Successfully read CSV: 57166 rows x 15 columns
2025-12-05 13:52:48,253 - src.clean - INFO - Starting clean(): input df has 57166 rows x 15 columns
2025-12-05 13:52:48,722 - src.clean - INFO - Standardized string columns where present.
2025-12-05 13:52:48,762 - src.clean - WARNING - Column age: 285 value(s) could not be converted to numeric and were set to NaN
2025-12-05 13:52:48,938 - src.clean - INFO - Column billing_amount converted to numeric successfully.
2025-12-05 13:52:48,989 - src.clean - WARNING - Column room_number: 394 value(s) could not be converted to numeric and were set to NaN
2025-12-05 13:52:48,991 - src.clean - INFO - Age range before validation: min=0.0, max=150.0
2025-12-05 13:52:48,993 - src.clean - WARNING - Age: 144 value(s) outside valid range (0–120); setting to NA
2025-12-05 13:52:48,994 - src.clean - INFO - Room_number range before validation: min=101.0, max=500.0
2025-12-05 13:52:48,995 - src.clean - INFO - Rounded billing_amount to 2 decimal places.
2025-12-05 13:52:49,013 - src.clean - WARNING - Column date_of_admission: 2858 value(s) could not be parsed as datetime and were set to NaT
2025-12-05 13:52:49,031 - src.clean - WARNING - Column discharge_date: 2858 value(s) could not be parsed as datetime and were set to NaT
2025-12-05 13:52:49,031 - src.clean - INFO - clean() completed. Output df has 57166 rows x 16 columns
2025-12-05 13:52:49,032 - src.transform - INFO - Starting transform(): input df has 57166 rows x 16 columns
2025-12-05 13:52:49,303 - src.transform - INFO - Built people_df (no nulls): 46803 rows x 5 columns
2025-12-05 13:52:49,303 - src.transform - ERROR - transform() failed.
Traceback (most recent call last):
  File "/Users/mattmurno/Desktop/Revature training files/etl_proj/src/transform.py", line 47, in transform
    df[doctors_source_cols]
    ~~^^^^^^^^^^^^^^^^^^^^^
  File "/Users/mattmurno/Desktop/Revature training files/etl_proj/venv/lib/python3.11/site-packages/pandas/core/frame.py", line 4119, in __getitem__
    indexer = self.columns._get_indexer_strict(key, "columns")[1]
              ^^^^^^^^^^^^^^^^^^^^^^^^^^^^^^^^^^^^^^^^^^^^^^^^
  File "/Users/mattmurno/Desktop/Revature training files/etl_proj/venv/lib/python3.11/site-packages/pandas/core/indexes/base.py", line 6212, in _get_indexer_strict
    self._raise_if_missing(keyarr, indexer, axis_name)
  File "/Users/mattmurno/Desktop/Revature training files/etl_proj/venv/lib/python3.11/site-packages/pandas/core/indexes/base.py", line 6264, in _raise_if_missing
    raise KeyError(f"{not_found} not in index")
KeyError: "['hospital_id'] not in index"
2025-12-05 13:55:32,062 - src.read - INFO - Starting read() for type=csv, path=data/healthcare_dataset_dirty.csv
2025-12-05 13:55:32,063 - src.read - INFO - Reading CSV file from data/healthcare_dataset_dirty.csv
2025-12-05 13:55:32,462 - src.read - INFO - Successfully read CSV: 57166 rows x 15 columns
2025-12-05 13:55:32,463 - src.clean - INFO - Starting clean(): input df has 57166 rows x 15 columns
2025-12-05 13:55:32,916 - src.clean - INFO - Standardized string columns where present.
2025-12-05 13:55:32,950 - src.clean - WARNING - Column age: 285 value(s) could not be converted to numeric and were set to NaN
2025-12-05 13:55:33,036 - src.clean - INFO - Column billing_amount converted to numeric successfully.
2025-12-05 13:55:33,081 - src.clean - WARNING - Column room_number: 394 value(s) could not be converted to numeric and were set to NaN
2025-12-05 13:55:33,096 - src.clean - INFO - Age range before validation: min=0.0, max=150.0
2025-12-05 13:55:33,181 - src.clean - WARNING - Age: 144 value(s) outside valid range (0–120); setting to NA
2025-12-05 13:55:33,186 - src.clean - INFO - Room_number range before validation: min=101.0, max=500.0
2025-12-05 13:55:33,200 - src.clean - INFO - Rounded billing_amount to 2 decimal places.
2025-12-05 13:55:33,266 - src.clean - WARNING - Column date_of_admission: 2858 value(s) could not be parsed as datetime and were set to NaT
2025-12-05 13:55:33,281 - src.clean - WARNING - Column discharge_date: 2858 value(s) could not be parsed as datetime and were set to NaT
2025-12-05 13:55:33,281 - src.clean - INFO - clean() completed. Output df has 57166 rows x 16 columns
2025-12-05 13:55:33,281 - src.transform - INFO - Starting transform(): input df has 57166 rows x 16 columns
2025-12-05 13:55:33,572 - src.transform - INFO - Built people_df (no nulls): 46803 rows x 5 columns
2025-12-05 13:55:33,573 - src.transform - ERROR - transform() failed.
Traceback (most recent call last):
  File "/Users/mattmurno/Desktop/Revature training files/etl_proj/src/transform.py", line 47, in transform
    df[doctors_source_cols]
    ~~^^^^^^^^^^^^^^^^^^^^^
  File "/Users/mattmurno/Desktop/Revature training files/etl_proj/venv/lib/python3.11/site-packages/pandas/core/frame.py", line 4119, in __getitem__
    indexer = self.columns._get_indexer_strict(key, "columns")[1]
              ^^^^^^^^^^^^^^^^^^^^^^^^^^^^^^^^^^^^^^^^^^^^^^^^
  File "/Users/mattmurno/Desktop/Revature training files/etl_proj/venv/lib/python3.11/site-packages/pandas/core/indexes/base.py", line 6212, in _get_indexer_strict
    self._raise_if_missing(keyarr, indexer, axis_name)
  File "/Users/mattmurno/Desktop/Revature training files/etl_proj/venv/lib/python3.11/site-packages/pandas/core/indexes/base.py", line 6264, in _raise_if_missing
    raise KeyError(f"{not_found} not in index")
KeyError: "['hospital_id'] not in index"
2025-12-05 13:56:08,301 - src.read - INFO - Starting read() for type=csv, path=data/healthcare_dataset_dirty.csv
2025-12-05 13:56:08,302 - src.read - INFO - Reading CSV file from data/healthcare_dataset_dirty.csv
2025-12-05 13:56:08,594 - src.read - INFO - Successfully read CSV: 57166 rows x 15 columns
2025-12-05 13:56:08,594 - src.clean - INFO - Starting clean(): input df has 57166 rows x 15 columns
2025-12-05 13:56:09,102 - src.clean - INFO - Standardized string columns where present.
2025-12-05 13:56:09,135 - src.clean - WARNING - Column age: 285 value(s) could not be converted to numeric and were set to NaN
2025-12-05 13:56:09,225 - src.clean - INFO - Column billing_amount converted to numeric successfully.
2025-12-05 13:56:09,269 - src.clean - WARNING - Column room_number: 394 value(s) could not be converted to numeric and were set to NaN
2025-12-05 13:56:09,270 - src.clean - INFO - Age range before validation: min=0.0, max=150.0
2025-12-05 13:56:09,272 - src.clean - WARNING - Age: 144 value(s) outside valid range (0–120); setting to NA
2025-12-05 13:56:09,273 - src.clean - INFO - Room_number range before validation: min=101.0, max=500.0
2025-12-05 13:56:09,274 - src.clean - INFO - Rounded billing_amount to 2 decimal places.
2025-12-05 13:56:09,305 - src.clean - WARNING - Column date_of_admission: 2858 value(s) could not be parsed as datetime and were set to NaT
2025-12-05 13:56:09,334 - src.clean - WARNING - Column discharge_date: 2858 value(s) could not be parsed as datetime and were set to NaT
2025-12-05 13:56:09,334 - src.clean - INFO - clean() completed. Output df has 57166 rows x 16 columns
2025-12-05 13:56:09,334 - src.transform - INFO - Starting transform(): input df has 57166 rows x 16 columns
2025-12-05 13:56:09,585 - src.transform - INFO - Built people_df (no nulls): 46803 rows x 5 columns
2025-12-05 13:56:09,585 - src.transform - ERROR - transform() failed.
Traceback (most recent call last):
  File "/Users/mattmurno/Desktop/Revature training files/etl_proj/src/transform.py", line 48, in transform
    df[doctors_source_cols]
    ~~^^^^^^^^^^^^^^^^^^^^^
  File "/Users/mattmurno/Desktop/Revature training files/etl_proj/venv/lib/python3.11/site-packages/pandas/core/frame.py", line 4119, in __getitem__
    indexer = self.columns._get_indexer_strict(key, "columns")[1]
              ^^^^^^^^^^^^^^^^^^^^^^^^^^^^^^^^^^^^^^^^^^^^^^^^
  File "/Users/mattmurno/Desktop/Revature training files/etl_proj/venv/lib/python3.11/site-packages/pandas/core/indexes/base.py", line 6212, in _get_indexer_strict
    self._raise_if_missing(keyarr, indexer, axis_name)
  File "/Users/mattmurno/Desktop/Revature training files/etl_proj/venv/lib/python3.11/site-packages/pandas/core/indexes/base.py", line 6264, in _raise_if_missing
    raise KeyError(f"{not_found} not in index")
KeyError: "['hospital_id'] not in index"
2025-12-05 14:09:53,725 - src.read - INFO - Starting read() for type=csv, path=data/healthcare_dataset_dirty.csv
2025-12-05 14:09:53,725 - src.read - INFO - Reading CSV file from data/healthcare_dataset_dirty.csv
2025-12-05 14:09:54,010 - src.read - INFO - Successfully read CSV: 57166 rows x 15 columns
2025-12-05 14:09:54,010 - src.clean - INFO - Starting clean(): input df has 57166 rows x 15 columns
2025-12-05 14:09:54,434 - src.clean - INFO - Standardized string columns where present.
2025-12-05 14:09:54,467 - src.clean - WARNING - Column age: 285 value(s) could not be converted to numeric and were set to NaN
2025-12-05 14:09:54,559 - src.clean - INFO - Column billing_amount converted to numeric successfully.
2025-12-05 14:09:54,616 - src.clean - WARNING - Column room_number: 394 value(s) could not be converted to numeric and were set to NaN
2025-12-05 14:09:54,642 - src.clean - INFO - Age range before validation: min=0.0, max=150.0
2025-12-05 14:09:54,643 - src.clean - WARNING - Age: 144 value(s) outside valid range (0–120); setting to NA
2025-12-05 14:09:54,648 - src.clean - INFO - Room_number range before validation: min=101.0, max=500.0
2025-12-05 14:09:54,652 - src.clean - INFO - Rounded billing_amount to 2 decimal places.
2025-12-05 14:09:54,705 - src.clean - WARNING - Column date_of_admission: 2858 value(s) could not be parsed as datetime and were set to NaT
2025-12-05 14:09:54,733 - src.clean - WARNING - Column discharge_date: 2858 value(s) could not be parsed as datetime and were set to NaT
2025-12-05 14:09:54,733 - src.clean - INFO - clean() completed. Output df has 57166 rows x 16 columns
2025-12-05 14:09:54,733 - src.transform - INFO - Starting transform(): input df has 57166 rows x 16 columns
2025-12-05 14:09:54,734 - src.transform - ERROR - transform() failed.
Traceback (most recent call last):
  File "/Users/mattmurno/Desktop/Revature training files/etl_proj/src/transform.py", line 25, in transform
    df[people_source_cols]
    ~~^^^^^^^^^^^^^^^^^^^^
  File "/Users/mattmurno/Desktop/Revature training files/etl_proj/venv/lib/python3.11/site-packages/pandas/core/frame.py", line 4074, in __getitem__
    check_dict_or_set_indexers(key)
  File "/Users/mattmurno/Desktop/Revature training files/etl_proj/venv/lib/python3.11/site-packages/pandas/core/indexing.py", line 2819, in check_dict_or_set_indexers
    raise TypeError(
TypeError: Passing a dict as an indexer is not supported. Use a list instead.
2025-12-05 14:14:17,794 - src.read - INFO - Starting read() for type=csv, path=data/healthcare_dataset_dirty.csv
2025-12-05 14:14:17,795 - src.read - INFO - Reading CSV file from data/healthcare_dataset_dirty.csv
2025-12-05 14:14:18,181 - src.read - INFO - Successfully read CSV: 57166 rows x 15 columns
2025-12-05 14:14:18,181 - src.clean - INFO - Starting clean(): input df has 57166 rows x 15 columns
2025-12-05 14:14:18,698 - src.clean - INFO - Standardized string columns where present.
2025-12-05 14:14:18,727 - src.clean - WARNING - Column age: 285 value(s) could not be converted to numeric and were set to NaN
2025-12-05 14:14:18,812 - src.clean - INFO - Column billing_amount converted to numeric successfully.
2025-12-05 14:14:18,845 - src.clean - WARNING - Column room_number: 394 value(s) could not be converted to numeric and were set to NaN
2025-12-05 14:14:18,845 - src.clean - INFO - Age range before validation: min=0.0, max=150.0
2025-12-05 14:14:18,847 - src.clean - WARNING - Age: 144 value(s) outside valid range (0–120); setting to NA
2025-12-05 14:14:18,848 - src.clean - INFO - Room_number range before validation: min=101.0, max=500.0
2025-12-05 14:14:18,849 - src.clean - INFO - Rounded billing_amount to 2 decimal places.
2025-12-05 14:14:18,886 - src.clean - WARNING - Column date_of_admission: 2858 value(s) could not be parsed as datetime and were set to NaT
2025-12-05 14:14:18,913 - src.clean - WARNING - Column discharge_date: 2858 value(s) could not be parsed as datetime and were set to NaT
2025-12-05 14:14:18,913 - src.clean - INFO - clean() completed. Output df has 57166 rows x 16 columns
2025-12-05 14:14:18,913 - src.transform - INFO - Starting transform(): input df has 57166 rows x 16 columns
2025-12-05 14:14:19,170 - src.transform - INFO - Built people_df (no nulls): 46803 rows x 5 columns
2025-12-05 14:14:19,171 - src.transform - ERROR - transform() failed.
Traceback (most recent call last):
  File "/Users/mattmurno/Desktop/Revature training files/etl_proj/src/transform.py", line 51, in transform
    df[doctors_source_cols]
    ~~^^^^^^^^^^^^^^^^^^^^^
  File "/Users/mattmurno/Desktop/Revature training files/etl_proj/venv/lib/python3.11/site-packages/pandas/core/frame.py", line 4119, in __getitem__
    indexer = self.columns._get_indexer_strict(key, "columns")[1]
              ^^^^^^^^^^^^^^^^^^^^^^^^^^^^^^^^^^^^^^^^^^^^^^^^
  File "/Users/mattmurno/Desktop/Revature training files/etl_proj/venv/lib/python3.11/site-packages/pandas/core/indexes/base.py", line 6212, in _get_indexer_strict
    self._raise_if_missing(keyarr, indexer, axis_name)
  File "/Users/mattmurno/Desktop/Revature training files/etl_proj/venv/lib/python3.11/site-packages/pandas/core/indexes/base.py", line 6264, in _raise_if_missing
    raise KeyError(f"{not_found} not in index")
KeyError: "['hospital_id'] not in index"
2025-12-05 14:15:52,484 - src.read - INFO - Starting read() for type=csv, path=data/healthcare_dataset_dirty.csv
2025-12-05 14:15:52,485 - src.read - INFO - Reading CSV file from data/healthcare_dataset_dirty.csv
2025-12-05 14:15:52,770 - src.read - INFO - Successfully read CSV: 57166 rows x 15 columns
2025-12-05 14:15:52,771 - src.clean - INFO - Starting clean(): input df has 57166 rows x 15 columns
2025-12-05 14:15:53,215 - src.clean - INFO - Standardized string columns where present.
2025-12-05 14:15:53,258 - src.clean - WARNING - Column age: 285 value(s) could not be converted to numeric and were set to NaN
2025-12-05 14:15:53,347 - src.clean - INFO - Column billing_amount converted to numeric successfully.
2025-12-05 14:15:53,391 - src.clean - WARNING - Column room_number: 394 value(s) could not be converted to numeric and were set to NaN
2025-12-05 14:15:53,392 - src.clean - INFO - Age range before validation: min=0.0, max=150.0
2025-12-05 14:15:53,393 - src.clean - WARNING - Age: 144 value(s) outside valid range (0–120); setting to NA
2025-12-05 14:15:53,396 - src.clean - INFO - Room_number range before validation: min=101.0, max=500.0
2025-12-05 14:15:53,398 - src.clean - INFO - Rounded billing_amount to 2 decimal places.
2025-12-05 14:15:53,459 - src.clean - WARNING - Column date_of_admission: 2858 value(s) could not be parsed as datetime and were set to NaT
2025-12-05 14:15:53,476 - src.clean - WARNING - Column discharge_date: 2858 value(s) could not be parsed as datetime and were set to NaT
2025-12-05 14:15:53,476 - src.clean - INFO - clean() completed. Output df has 57166 rows x 16 columns
2025-12-05 14:15:53,477 - src.transform - INFO - Starting transform(): input df has 57166 rows x 16 columns
2025-12-05 14:15:53,762 - src.transform - INFO - Built people_df (no nulls): 46803 rows x 5 columns
2025-12-05 14:15:53,762 - src.transform - ERROR - transform() failed.
Traceback (most recent call last):
  File "/Users/mattmurno/Desktop/Revature training files/etl_proj/src/transform.py", line 49, in transform
    df[doctors_not_null + ["hospital"]]
    ~~^^^^^^^^^^^^^^^^^^^^^^^^^^^^^^^^^
  File "/Users/mattmurno/Desktop/Revature training files/etl_proj/venv/lib/python3.11/site-packages/pandas/core/frame.py", line 4119, in __getitem__
    indexer = self.columns._get_indexer_strict(key, "columns")[1]
              ^^^^^^^^^^^^^^^^^^^^^^^^^^^^^^^^^^^^^^^^^^^^^^^^
  File "/Users/mattmurno/Desktop/Revature training files/etl_proj/venv/lib/python3.11/site-packages/pandas/core/indexes/base.py", line 6212, in _get_indexer_strict
    self._raise_if_missing(keyarr, indexer, axis_name)
  File "/Users/mattmurno/Desktop/Revature training files/etl_proj/venv/lib/python3.11/site-packages/pandas/core/indexes/base.py", line 6264, in _raise_if_missing
    raise KeyError(f"{not_found} not in index")
KeyError: "['hospital_id'] not in index"
2025-12-05 14:19:28,096 - src.read - INFO - Starting read() for type=csv, path=data/healthcare_dataset_dirty.csv
2025-12-05 14:19:28,096 - src.read - INFO - Reading CSV file from data/healthcare_dataset_dirty.csv
2025-12-05 14:19:28,391 - src.read - INFO - Successfully read CSV: 57166 rows x 15 columns
2025-12-05 14:19:28,391 - src.clean - INFO - Starting clean(): input df has 57166 rows x 15 columns
2025-12-05 14:19:28,886 - src.clean - INFO - Standardized string columns where present.
2025-12-05 14:19:28,917 - src.clean - WARNING - Column age: 285 value(s) could not be converted to numeric and were set to NaN
2025-12-05 14:19:28,995 - src.clean - INFO - Column billing_amount converted to numeric successfully.
2025-12-05 14:19:29,025 - src.clean - WARNING - Column room_number: 394 value(s) could not be converted to numeric and were set to NaN
2025-12-05 14:19:29,025 - src.clean - INFO - Age range before validation: min=0.0, max=150.0
2025-12-05 14:19:29,026 - src.clean - WARNING - Age: 144 value(s) outside valid range (0–120); setting to NA
2025-12-05 14:19:29,027 - src.clean - INFO - Room_number range before validation: min=101.0, max=500.0
2025-12-05 14:19:29,028 - src.clean - INFO - Rounded billing_amount to 2 decimal places.
2025-12-05 14:19:29,052 - src.clean - WARNING - Column date_of_admission: 2858 value(s) could not be parsed as datetime and were set to NaT
2025-12-05 14:19:29,067 - src.clean - WARNING - Column discharge_date: 2858 value(s) could not be parsed as datetime and were set to NaT
2025-12-05 14:19:29,067 - src.clean - INFO - clean() completed. Output df has 57166 rows x 16 columns
2025-12-05 14:19:29,067 - src.transform - INFO - Starting transform(): input df has 57166 rows x 16 columns
2025-12-05 14:19:29,388 - src.transform - INFO - Built people_df (no nulls): 46803 rows x 5 columns
2025-12-05 14:19:29,389 - src.transform - ERROR - transform() failed.
Traceback (most recent call last):
  File "/Users/mattmurno/Desktop/Revature training files/etl_proj/src/transform.py", line 50, in transform
    df[doctors_not_null + ["hospital"]]
    ~~^^^^^^^^^^^^^^^^^^^^^^^^^^^^^^^^^
  File "/Users/mattmurno/Desktop/Revature training files/etl_proj/venv/lib/python3.11/site-packages/pandas/core/frame.py", line 4119, in __getitem__
    indexer = self.columns._get_indexer_strict(key, "columns")[1]
              ^^^^^^^^^^^^^^^^^^^^^^^^^^^^^^^^^^^^^^^^^^^^^^^^
  File "/Users/mattmurno/Desktop/Revature training files/etl_proj/venv/lib/python3.11/site-packages/pandas/core/indexes/base.py", line 6212, in _get_indexer_strict
    self._raise_if_missing(keyarr, indexer, axis_name)
  File "/Users/mattmurno/Desktop/Revature training files/etl_proj/venv/lib/python3.11/site-packages/pandas/core/indexes/base.py", line 6264, in _raise_if_missing
    raise KeyError(f"{not_found} not in index")
KeyError: "['hospital_id'] not in index"
2025-12-05 14:22:29,382 - src.read - INFO - Starting read() for type=csv, path=data/healthcare_dataset_dirty.csv
2025-12-05 14:22:29,391 - src.read - INFO - Reading CSV file from data/healthcare_dataset_dirty.csv
2025-12-05 14:22:29,793 - src.read - INFO - Successfully read CSV: 57166 rows x 15 columns
2025-12-05 14:22:29,793 - src.clean - INFO - Starting clean(): input df has 57166 rows x 15 columns
2025-12-05 14:22:30,257 - src.clean - INFO - Standardized string columns where present.
2025-12-05 14:22:30,294 - src.clean - WARNING - Column age: 285 value(s) could not be converted to numeric and were set to NaN
2025-12-05 14:22:30,387 - src.clean - INFO - Column billing_amount converted to numeric successfully.
2025-12-05 14:22:30,434 - src.clean - WARNING - Column room_number: 394 value(s) could not be converted to numeric and were set to NaN
2025-12-05 14:22:30,436 - src.clean - INFO - Age range before validation: min=0.0, max=150.0
2025-12-05 14:22:30,438 - src.clean - WARNING - Age: 144 value(s) outside valid range (0–120); setting to NA
2025-12-05 14:22:30,439 - src.clean - INFO - Room_number range before validation: min=101.0, max=500.0
2025-12-05 14:22:30,442 - src.clean - INFO - Rounded billing_amount to 2 decimal places.
2025-12-05 14:22:30,506 - src.clean - WARNING - Column date_of_admission: 2858 value(s) could not be parsed as datetime and were set to NaT
2025-12-05 14:22:30,551 - src.clean - WARNING - Column discharge_date: 2858 value(s) could not be parsed as datetime and were set to NaT
2025-12-05 14:22:30,552 - src.clean - INFO - clean() completed. Output df has 57166 rows x 16 columns
2025-12-05 14:22:30,553 - src.transform - INFO - Starting transform(): input df has 57166 rows x 16 columns
2025-12-05 14:22:30,847 - src.transform - INFO - Built people_df (no nulls): 46803 rows x 5 columns
2025-12-05 14:22:30,847 - src.transform - ERROR - transform() failed.
Traceback (most recent call last):
  File "/Users/mattmurno/Desktop/Revature training files/etl_proj/src/transform.py", line 50, in transform
    df[doctors_not_null + ["hospital"]]
    ~~^^^^^^^^^^^^^^^^^^^^^^^^^^^^^^^^^
  File "/Users/mattmurno/Desktop/Revature training files/etl_proj/venv/lib/python3.11/site-packages/pandas/core/frame.py", line 4119, in __getitem__
    indexer = self.columns._get_indexer_strict(key, "columns")[1]
              ^^^^^^^^^^^^^^^^^^^^^^^^^^^^^^^^^^^^^^^^^^^^^^^^
  File "/Users/mattmurno/Desktop/Revature training files/etl_proj/venv/lib/python3.11/site-packages/pandas/core/indexes/base.py", line 6212, in _get_indexer_strict
    self._raise_if_missing(keyarr, indexer, axis_name)
  File "/Users/mattmurno/Desktop/Revature training files/etl_proj/venv/lib/python3.11/site-packages/pandas/core/indexes/base.py", line 6264, in _raise_if_missing
    raise KeyError(f"{not_found} not in index")
KeyError: "['hospital_id'] not in index"
2025-12-05 14:24:36,973 - src.read - INFO - Starting read() for type=csv, path=data/healthcare_dataset_dirty.csv
2025-12-05 14:24:36,974 - src.read - INFO - Reading CSV file from data/healthcare_dataset_dirty.csv
2025-12-05 14:24:37,453 - src.read - INFO - Successfully read CSV: 57166 rows x 15 columns
2025-12-05 14:24:37,453 - src.clean - INFO - Starting clean(): input df has 57166 rows x 15 columns
2025-12-05 14:24:37,982 - src.clean - INFO - Standardized string columns where present.
2025-12-05 14:24:38,039 - src.clean - WARNING - Column age: 285 value(s) could not be converted to numeric and were set to NaN
2025-12-05 14:24:38,140 - src.clean - INFO - Column billing_amount converted to numeric successfully.
2025-12-05 14:24:38,179 - src.clean - WARNING - Column room_number: 394 value(s) could not be converted to numeric and were set to NaN
2025-12-05 14:24:38,180 - src.clean - INFO - Age range before validation: min=0.0, max=150.0
2025-12-05 14:24:38,181 - src.clean - WARNING - Age: 144 value(s) outside valid range (0–120); setting to NA
2025-12-05 14:24:38,183 - src.clean - INFO - Room_number range before validation: min=101.0, max=500.0
2025-12-05 14:24:38,184 - src.clean - INFO - Rounded billing_amount to 2 decimal places.
2025-12-05 14:24:38,203 - src.clean - WARNING - Column date_of_admission: 2858 value(s) could not be parsed as datetime and were set to NaT
2025-12-05 14:24:38,219 - src.clean - WARNING - Column discharge_date: 2858 value(s) could not be parsed as datetime and were set to NaT
2025-12-05 14:24:38,219 - src.clean - INFO - clean() completed. Output df has 57166 rows x 16 columns
2025-12-05 14:24:38,219 - src.transform - INFO - Starting transform(): input df has 57166 rows x 16 columns
2025-12-05 14:24:38,468 - src.transform - INFO - Built people_df (no nulls): 46803 rows x 5 columns
2025-12-05 14:24:38,511 - src.transform - INFO - Built doctors_df (pre-hospital merge, no nulls): 46283 rows x 3 columns
2025-12-05 14:24:38,549 - src.transform - INFO - Built hospitals_df (no nulls): 37437 rows x 2 columns
2025-12-05 14:24:38,635 - src.transform - INFO - Updated doctors_df after hospital merge: 46283 rows x 4 columns
2025-12-05 14:24:38,652 - src.transform - INFO - Built conditions_df (no nulls): 6 rows x 2 columns
2025-12-05 14:24:38,665 - src.transform - INFO - Built insurance_df (no nulls): 6 rows x 2 columns
2025-12-05 14:24:38,679 - src.transform - WARNING - test_results_df: 2839 invalid or null result_label value(s) dropped before dimension build
2025-12-05 14:24:38,698 - src.transform - INFO - Built test_results_df (no nulls): 3 rows x 2 columns
2025-12-05 14:24:38,724 - src.transform - INFO - Built admission_types_df (no nulls): 3 rows x 2 columns
2025-12-05 14:24:39,096 - src.transform - INFO - Finished merges; df is now 57166 rows x 28 columns
2025-12-05 14:24:40,561 - src.transform - INFO - Built admissions_df: 25974 rows x 12 columns
2025-12-05 14:24:40,561 - src.transform - INFO - After reject split: 25974 valid admissions, 31192 rejected rows
2025-12-05 14:24:40,561 - src.transform - INFO - transform() completed successfully. Output tables: {'people': (46803, 5), 'doctors': (46283, 4), 'hospitals': (37437, 2), 'conditions': (6, 2), 'insurance': (6, 2), 'admission_types': (3, 2), 'test_results': (3, 2), 'admissions': (25974, 12), 'rejects': (31192, 16)}
2025-12-05 14:24:40,568 - src.load - INFO - Starting load()
2025-12-05 14:24:40,568 - src.load - INFO - Row counts - people=46803, hospitals=37437, doctors=46283, conditions=6, insurance=6, test_results=3, admission_types=3, admissions=25974, rejects=31192
2025-12-05 14:24:40,568 - src.load - INFO - Connecting to database...
2025-12-05 14:24:40,673 - src.load - INFO - Database connection established.
2025-12-05 14:24:40,679 - src.load - INFO - Tables created/verified successfully.
2025-12-05 14:24:40,679 - src.load - INFO - Truncating tables and resetting identities...
2025-12-05 14:24:40,887 - src.load - INFO - Tables truncated.
2025-12-05 14:24:40,888 - src.load - INFO - Starting insertion.
2025-12-05 14:25:16,104 - src.load - INFO - Load completed successfully.
2025-12-05 14:25:16,110 - src.load - INFO - Database connection closed. End of load().
2025-12-05 14:25:25,031 - src.read - INFO - Starting read() for type=csv, path=data/healthcare_dataset_dirty.csv
2025-12-05 14:25:25,031 - src.read - INFO - Reading CSV file from data/healthcare_dataset_dirty.csv
2025-12-05 14:25:25,248 - src.read - INFO - Successfully read CSV: 57166 rows x 15 columns
2025-12-05 14:25:25,248 - src.clean - INFO - Starting clean(): input df has 57166 rows x 15 columns
2025-12-05 14:25:25,658 - src.clean - INFO - Standardized string columns where present.
2025-12-05 14:25:25,691 - src.clean - WARNING - Column age: 285 value(s) could not be converted to numeric and were set to NaN
2025-12-05 14:25:25,826 - src.clean - INFO - Column billing_amount converted to numeric successfully.
2025-12-05 14:25:25,862 - src.clean - WARNING - Column room_number: 394 value(s) could not be converted to numeric and were set to NaN
2025-12-05 14:25:25,867 - src.clean - INFO - Age range before validation: min=0.0, max=150.0
2025-12-05 14:25:25,868 - src.clean - WARNING - Age: 144 value(s) outside valid range (0–120); setting to NA
2025-12-05 14:25:25,869 - src.clean - INFO - Room_number range before validation: min=101.0, max=500.0
2025-12-05 14:25:25,871 - src.clean - INFO - Rounded billing_amount to 2 decimal places.
2025-12-05 14:25:25,893 - src.clean - WARNING - Column date_of_admission: 2858 value(s) could not be parsed as datetime and were set to NaT
2025-12-05 14:25:25,909 - src.clean - WARNING - Column discharge_date: 2858 value(s) could not be parsed as datetime and were set to NaT
2025-12-05 14:25:25,909 - src.clean - INFO - clean() completed. Output df has 57166 rows x 16 columns
2025-12-05 14:25:25,909 - src.transform - INFO - Starting transform(): input df has 57166 rows x 16 columns
2025-12-05 14:25:26,145 - src.transform - INFO - Built people_df (no nulls): 46803 rows x 5 columns
2025-12-05 14:25:26,186 - src.transform - INFO - Built doctors_df (pre-hospital merge, no nulls): 46283 rows x 3 columns
2025-12-05 14:25:26,210 - src.transform - INFO - Built hospitals_df (no nulls): 37437 rows x 2 columns
2025-12-05 14:25:26,233 - src.transform - INFO - Updated doctors_df after hospital merge: 46283 rows x 4 columns
2025-12-05 14:25:26,255 - src.transform - INFO - Built conditions_df (no nulls): 6 rows x 2 columns
2025-12-05 14:25:26,278 - src.transform - INFO - Built insurance_df (no nulls): 6 rows x 2 columns
2025-12-05 14:25:26,292 - src.transform - WARNING - test_results_df: 2839 invalid or null result_label value(s) dropped before dimension build
2025-12-05 14:25:26,297 - src.transform - INFO - Built test_results_df (no nulls): 3 rows x 2 columns
2025-12-05 14:25:26,315 - src.transform - INFO - Built admission_types_df (no nulls): 3 rows x 2 columns
2025-12-05 14:25:26,660 - src.transform - INFO - Finished merges; df is now 57166 rows x 28 columns
2025-12-05 14:25:27,919 - src.transform - INFO - Built admissions_df: 25974 rows x 12 columns
2025-12-05 14:25:27,919 - src.transform - INFO - After reject split: 25974 valid admissions, 31192 rejected rows
2025-12-05 14:25:27,919 - src.transform - INFO - transform() completed successfully. Output tables: {'people': (46803, 5), 'doctors': (46283, 4), 'hospitals': (37437, 2), 'conditions': (6, 2), 'insurance': (6, 2), 'admission_types': (3, 2), 'test_results': (3, 2), 'admissions': (25974, 12), 'rejects': (31192, 16)}
2025-12-05 14:25:27,927 - src.load - INFO - Starting load()
2025-12-05 14:25:27,927 - src.load - INFO - Row counts - people=46803, hospitals=37437, doctors=46283, conditions=6, insurance=6, test_results=3, admission_types=3, admissions=25974, rejects=31192
2025-12-05 14:25:27,927 - src.load - INFO - Connecting to database...
2025-12-05 14:25:27,980 - src.load - INFO - Database connection established.
2025-12-05 14:25:27,983 - src.load - INFO - Tables created/verified successfully.
2025-12-05 14:25:27,984 - src.load - INFO - Truncating tables and resetting identities...
2025-12-05 14:25:28,021 - src.load - INFO - Tables truncated.
2025-12-05 14:25:28,021 - src.load - INFO - Starting insertion.
2025-12-05 14:26:03,365 - src.load - INFO - Load completed successfully.
2025-12-05 14:26:03,372 - src.load - INFO - Database connection closed. End of load().
2025-12-05 14:26:32,213 - src.clean - INFO - Starting clean(): input df has 2 rows x 3 columns
2025-12-05 14:26:32,277 - src.clean - INFO - Standardized string columns where present.
2025-12-05 14:26:32,278 - src.clean - INFO - clean() completed. Output df has 2 rows x 3 columns
2025-12-05 14:26:32,290 - src.clean - INFO - Starting clean(): input df has 1 rows x 2 columns
2025-12-05 14:26:32,298 - src.clean - INFO - Standardized string columns where present.
2025-12-05 14:26:32,298 - src.clean - INFO - clean() completed. Output df has 1 rows x 2 columns
2025-12-05 14:26:32,313 - src.load - INFO - Starting load()
2025-12-05 14:26:32,314 - src.load - INFO - Row counts - people=1, hospitals=1, doctors=1, conditions=1, insurance=1, test_results=1, admission_types=1, admissions=1, rejects=1
2025-12-05 14:26:32,314 - src.load - INFO - Connecting to database...
2025-12-05 14:26:32,315 - src.load - INFO - Database connection established.
2025-12-05 14:26:32,315 - src.load - INFO - Tables created/verified successfully.
2025-12-05 14:26:32,315 - src.load - INFO - Truncating tables and resetting identities...
2025-12-05 14:26:32,315 - src.load - INFO - Tables truncated.
2025-12-05 14:26:32,315 - src.load - INFO - Starting insertion.
2025-12-05 14:26:32,322 - src.load - INFO - Load completed successfully.
2025-12-05 14:26:32,322 - src.load - INFO - Database connection closed. End of load().
2025-12-05 14:26:32,329 - src.load - INFO - Starting load()
2025-12-05 14:26:32,329 - src.load - INFO - Row counts - people=3, hospitals=1, doctors=1, conditions=1, insurance=1, test_results=1, admission_types=1, admissions=1, rejects=1
2025-12-05 14:26:32,329 - src.load - INFO - Connecting to database...
2025-12-05 14:26:32,329 - src.load - INFO - Database connection established.
2025-12-05 14:26:32,329 - src.load - INFO - Tables created/verified successfully.
2025-12-05 14:26:32,329 - src.load - INFO - Truncating tables and resetting identities...
2025-12-05 14:26:32,330 - src.load - INFO - Tables truncated.
2025-12-05 14:26:32,330 - src.load - INFO - Starting insertion.
2025-12-05 14:26:32,335 - src.load - WARNING - Invalid age 150 for person Too Old; setting age to NULL before insert
2025-12-05 14:26:32,350 - src.load - INFO - Load completed successfully.
2025-12-05 14:26:32,350 - src.load - INFO - Database connection closed. End of load().
2025-12-05 14:26:32,358 - src.load - INFO - Starting load()
2025-12-05 14:26:32,358 - src.load - INFO - Row counts - people=1, hospitals=1, doctors=1, conditions=1, insurance=1, test_results=1, admission_types=1, admissions=1, rejects=1
2025-12-05 14:26:32,358 - src.load - INFO - Connecting to database...
2025-12-05 14:26:32,358 - src.load - INFO - Database connection established.
2025-12-05 14:26:32,359 - src.load - INFO - Tables created/verified successfully.
2025-12-05 14:26:32,359 - src.load - INFO - Truncating tables and resetting identities...
2025-12-05 14:26:32,359 - src.load - INFO - Tables truncated.
2025-12-05 14:26:32,359 - src.load - INFO - Starting insertion.
2025-12-05 14:26:32,360 - src.load - ERROR - Failed inserting people row: Pandas(person_id=1, name='Error Person', age=40, gender='M', blood_type='AB+')
Traceback (most recent call last):
  File "/Users/mattmurno/Desktop/Revature training files/etl_proj/src/load.py", line 130, in load
    cur.execute(
  File "/Users/mattmurno/Desktop/Revature training files/etl_proj/tests/test_load.py", line 18, in execute
    raise psycopg2.Error("Simulated DB error")
psycopg2.Error: Simulated DB error
2025-12-05 14:26:32,369 - src.load - ERROR - Error in load() while working with the database.
Traceback (most recent call last):
  File "/Users/mattmurno/Desktop/Revature training files/etl_proj/src/load.py", line 130, in load
    cur.execute(
  File "/Users/mattmurno/Desktop/Revature training files/etl_proj/tests/test_load.py", line 18, in execute
    raise psycopg2.Error("Simulated DB error")
psycopg2.Error: Simulated DB error
2025-12-05 14:26:32,370 - src.load - INFO - Transaction rolled back due to error.
2025-12-05 14:26:32,370 - src.load - INFO - Database connection closed. End of load().
2025-12-05 14:26:32,409 - src.read - INFO - Reading CSV file from /private/var/folders/45/mms0wwj51255z_fqrdsfrqzh0000gn/T/pytest-of-mattmurno/pytest-14/test_read_csv_success0/test.csv
2025-12-05 14:26:32,416 - src.read - INFO - Successfully read CSV: 2 rows x 2 columns
2025-12-05 14:26:32,421 - src.read - INFO - Reading JSON file from /private/var/folders/45/mms0wwj51255z_fqrdsfrqzh0000gn/T/pytest-of-mattmurno/pytest-14/test_read_json_success0/test.json
2025-12-05 14:26:32,437 - src.read - INFO - Successfully read JSON: 2 rows x 2 columns
2025-12-05 14:26:32,444 - src.read - INFO - Starting read() for type=csv, path=/private/var/folders/45/mms0wwj51255z_fqrdsfrqzh0000gn/T/pytest-of-mattmurno/pytest-14/test_read_dispatches_to_csv0/test.csv
2025-12-05 14:26:32,444 - src.read - INFO - Reading CSV file from /private/var/folders/45/mms0wwj51255z_fqrdsfrqzh0000gn/T/pytest-of-mattmurno/pytest-14/test_read_dispatches_to_csv0/test.csv
2025-12-05 14:26:32,445 - src.read - INFO - Successfully read CSV: 2 rows x 2 columns
2025-12-05 14:26:32,452 - src.read - INFO - Starting read() for type=json, path=/private/var/folders/45/mms0wwj51255z_fqrdsfrqzh0000gn/T/pytest-of-mattmurno/pytest-14/test_read_dispatches_to_json0/test.json
2025-12-05 14:26:32,452 - src.read - INFO - Reading JSON file from /private/var/folders/45/mms0wwj51255z_fqrdsfrqzh0000gn/T/pytest-of-mattmurno/pytest-14/test_read_dispatches_to_json0/test.json
2025-12-05 14:26:32,458 - src.read - INFO - Successfully read JSON: 2 rows x 2 columns
2025-12-05 14:26:32,462 - src.read - INFO - Reading CSV file from /private/var/folders/45/mms0wwj51255z_fqrdsfrqzh0000gn/T/pytest-of-mattmurno/pytest-14/test_read_csv_missing_file_rai0/does_not_exist.csv
2025-12-05 14:26:32,465 - src.read - ERROR - Failed to read CSV file from /private/var/folders/45/mms0wwj51255z_fqrdsfrqzh0000gn/T/pytest-of-mattmurno/pytest-14/test_read_csv_missing_file_rai0/does_not_exist.csv
Traceback (most recent call last):
  File "/Users/mattmurno/Desktop/Revature training files/etl_proj/src/read.py", line 11, in read_csv
    df = pd.read_csv(filepath)
         ^^^^^^^^^^^^^^^^^^^^^
  File "/Users/mattmurno/Desktop/Revature training files/etl_proj/venv/lib/python3.11/site-packages/pandas/io/parsers/readers.py", line 1026, in read_csv
    return _read(filepath_or_buffer, kwds)
           ^^^^^^^^^^^^^^^^^^^^^^^^^^^^^^^
  File "/Users/mattmurno/Desktop/Revature training files/etl_proj/venv/lib/python3.11/site-packages/pandas/io/parsers/readers.py", line 620, in _read
    parser = TextFileReader(filepath_or_buffer, **kwds)
             ^^^^^^^^^^^^^^^^^^^^^^^^^^^^^^^^^^^^^^^^^^
  File "/Users/mattmurno/Desktop/Revature training files/etl_proj/venv/lib/python3.11/site-packages/pandas/io/parsers/readers.py", line 1620, in __init__
    self._engine = self._make_engine(f, self.engine)
                   ^^^^^^^^^^^^^^^^^^^^^^^^^^^^^^^^^
  File "/Users/mattmurno/Desktop/Revature training files/etl_proj/venv/lib/python3.11/site-packages/pandas/io/parsers/readers.py", line 1880, in _make_engine
    self.handles = get_handle(
                   ^^^^^^^^^^^
  File "/Users/mattmurno/Desktop/Revature training files/etl_proj/venv/lib/python3.11/site-packages/pandas/io/common.py", line 873, in get_handle
    handle = open(
             ^^^^^
FileNotFoundError: [Errno 2] No such file or directory: '/private/var/folders/45/mms0wwj51255z_fqrdsfrqzh0000gn/T/pytest-of-mattmurno/pytest-14/test_read_csv_missing_file_rai0/does_not_exist.csv'
2025-12-05 14:26:32,482 - src.read - INFO - Reading JSON file from /private/var/folders/45/mms0wwj51255z_fqrdsfrqzh0000gn/T/pytest-of-mattmurno/pytest-14/test_read_json_missing_file_ra0/does_not_exist.json
2025-12-05 14:26:32,483 - src.read - ERROR - Failed to read JSON file from /private/var/folders/45/mms0wwj51255z_fqrdsfrqzh0000gn/T/pytest-of-mattmurno/pytest-14/test_read_json_missing_file_ra0/does_not_exist.json
Traceback (most recent call last):
  File "/Users/mattmurno/Desktop/Revature training files/etl_proj/src/read.py", line 22, in read_json
    df = pd.read_json(filepath)
         ^^^^^^^^^^^^^^^^^^^^^^
  File "/Users/mattmurno/Desktop/Revature training files/etl_proj/venv/lib/python3.11/site-packages/pandas/io/json/_json.py", line 791, in read_json
    json_reader = JsonReader(
                  ^^^^^^^^^^^
  File "/Users/mattmurno/Desktop/Revature training files/etl_proj/venv/lib/python3.11/site-packages/pandas/io/json/_json.py", line 904, in __init__
    data = self._get_data_from_filepath(filepath_or_buffer)
           ^^^^^^^^^^^^^^^^^^^^^^^^^^^^^^^^^^^^^^^^^^^^^^^^
  File "/Users/mattmurno/Desktop/Revature training files/etl_proj/venv/lib/python3.11/site-packages/pandas/io/json/_json.py", line 960, in _get_data_from_filepath
    raise FileNotFoundError(f"File {filepath_or_buffer} does not exist")
FileNotFoundError: File /private/var/folders/45/mms0wwj51255z_fqrdsfrqzh0000gn/T/pytest-of-mattmurno/pytest-14/test_read_json_missing_file_ra0/does_not_exist.json does not exist
2025-12-05 14:26:32,493 - src.read - INFO - Starting read() for type=xml, path=some/path/file.xml
2025-12-05 14:26:32,493 - src.read - ERROR - Unsupported source type in read(): xml
2025-12-05 14:26:32,499 - src.transform - INFO - Starting transform(): input df has 2 rows x 15 columns
2025-12-05 14:26:32,509 - src.transform - INFO - Built people_df (no nulls): 2 rows x 5 columns
2025-12-05 14:26:32,514 - src.transform - INFO - Built doctors_df (pre-hospital merge, no nulls): 2 rows x 3 columns
2025-12-05 14:26:32,518 - src.transform - INFO - Built hospitals_df (no nulls): 2 rows x 2 columns
2025-12-05 14:26:32,526 - src.transform - INFO - Updated doctors_df after hospital merge: 2 rows x 4 columns
2025-12-05 14:26:32,532 - src.transform - INFO - Built conditions_df (no nulls): 2 rows x 2 columns
2025-12-05 14:26:32,535 - src.transform - INFO - Built insurance_df (no nulls): 1 rows x 2 columns
2025-12-05 14:26:32,540 - src.transform - INFO - Built test_results_df (no nulls): 2 rows x 2 columns
2025-12-05 14:26:32,544 - src.transform - INFO - Built admission_types_df (no nulls): 2 rows x 2 columns
2025-12-05 14:26:32,559 - src.transform - INFO - Finished merges; df is now 2 rows x 27 columns
2025-12-05 14:26:32,568 - src.transform - INFO - Built admissions_df: 2 rows x 12 columns
2025-12-05 14:26:32,568 - src.transform - INFO - After reject split: 2 valid admissions, 0 rejected rows
2025-12-05 14:26:32,568 - src.transform - INFO - transform() completed successfully. Output tables: {'people': (2, 5), 'doctors': (2, 4), 'hospitals': (2, 2), 'conditions': (2, 2), 'insurance': (1, 2), 'admission_types': (2, 2), 'test_results': (2, 2), 'admissions': (2, 12), 'rejects': (0, 16)}
2025-12-05 14:26:32,574 - src.transform - INFO - Starting transform(): input df has 3 rows x 15 columns
2025-12-05 14:26:32,582 - src.transform - INFO - Built people_df (no nulls): 2 rows x 5 columns
2025-12-05 14:26:32,585 - src.transform - INFO - Built doctors_df (pre-hospital merge, no nulls): 2 rows x 3 columns
2025-12-05 14:26:32,588 - src.transform - INFO - Built hospitals_df (no nulls): 2 rows x 2 columns
2025-12-05 14:26:32,591 - src.transform - INFO - Updated doctors_df after hospital merge: 2 rows x 4 columns
2025-12-05 14:26:32,594 - src.transform - INFO - Built conditions_df (no nulls): 2 rows x 2 columns
2025-12-05 14:26:32,598 - src.transform - INFO - Built insurance_df (no nulls): 1 rows x 2 columns
2025-12-05 14:26:32,600 - src.transform - WARNING - test_results_df: 1 invalid or null result_label value(s) dropped before dimension build
2025-12-05 14:26:32,601 - src.transform - INFO - Built test_results_df (no nulls): 2 rows x 2 columns
2025-12-05 14:26:32,604 - src.transform - INFO - Built admission_types_df (no nulls): 2 rows x 2 columns
2025-12-05 14:26:32,616 - src.transform - INFO - Finished merges; df is now 3 rows x 27 columns
2025-12-05 14:26:32,621 - src.transform - INFO - Built admissions_df: 2 rows x 12 columns
2025-12-05 14:26:32,622 - src.transform - INFO - After reject split: 2 valid admissions, 1 rejected rows
2025-12-05 14:26:32,622 - src.transform - INFO - transform() completed successfully. Output tables: {'people': (2, 5), 'doctors': (2, 4), 'hospitals': (2, 2), 'conditions': (2, 2), 'insurance': (1, 2), 'admission_types': (2, 2), 'test_results': (2, 2), 'admissions': (2, 12), 'rejects': (1, 16)}
2025-12-05 14:26:32,626 - src.transform - INFO - Starting transform(): input df has 1 rows x 14 columns
2025-12-05 14:26:32,627 - src.transform - ERROR - transform() failed.
Traceback (most recent call last):
  File "/Users/mattmurno/Desktop/Revature training files/etl_proj/src/transform.py", line 25, in transform
    df[people_not_null]
    ~~^^^^^^^^^^^^^^^^^
  File "/Users/mattmurno/Desktop/Revature training files/etl_proj/venv/lib/python3.11/site-packages/pandas/core/frame.py", line 4119, in __getitem__
    indexer = self.columns._get_indexer_strict(key, "columns")[1]
              ^^^^^^^^^^^^^^^^^^^^^^^^^^^^^^^^^^^^^^^^^^^^^^^^
  File "/Users/mattmurno/Desktop/Revature training files/etl_proj/venv/lib/python3.11/site-packages/pandas/core/indexes/base.py", line 6212, in _get_indexer_strict
    self._raise_if_missing(keyarr, indexer, axis_name)
  File "/Users/mattmurno/Desktop/Revature training files/etl_proj/venv/lib/python3.11/site-packages/pandas/core/indexes/base.py", line 6264, in _raise_if_missing
    raise KeyError(f"{not_found} not in index")
KeyError: "['name'] not in index"
2025-12-05 14:28:03,556 - src.read - INFO - Starting read() for type=csv, path=data/healthcare_dataset_dirty.csv
2025-12-05 14:28:03,557 - src.read - INFO - Reading CSV file from data/healthcare_dataset_dirty.csv
2025-12-05 14:28:03,834 - src.read - INFO - Successfully read CSV: 57166 rows x 15 columns
2025-12-05 14:28:03,834 - src.clean - INFO - Starting clean(): input df has 57166 rows x 15 columns
2025-12-05 14:28:04,336 - src.clean - INFO - Standardized string columns where present.
2025-12-05 14:28:04,416 - src.clean - WARNING - Column age: 285 value(s) could not be converted to numeric and were set to NaN
2025-12-05 14:28:04,521 - src.clean - INFO - Column billing_amount converted to numeric successfully.
2025-12-05 14:28:04,573 - src.clean - WARNING - Column room_number: 394 value(s) could not be converted to numeric and were set to NaN
2025-12-05 14:28:04,574 - src.clean - INFO - Age range before validation: min=0.0, max=150.0
2025-12-05 14:28:04,575 - src.clean - WARNING - Age: 144 value(s) outside valid range (0–120); setting to NA
2025-12-05 14:28:04,576 - src.clean - INFO - Room_number range before validation: min=101.0, max=500.0
2025-12-05 14:28:04,577 - src.clean - INFO - Rounded billing_amount to 2 decimal places.
2025-12-05 14:28:04,597 - src.clean - WARNING - Column date_of_admission: 2858 value(s) could not be parsed as datetime and were set to NaT
2025-12-05 14:28:04,615 - src.clean - WARNING - Column discharge_date: 2858 value(s) could not be parsed as datetime and were set to NaT
2025-12-05 14:28:04,615 - src.clean - INFO - clean() completed. Output df has 57166 rows x 16 columns
2025-12-05 14:28:04,615 - src.transform - INFO - Starting transform(): input df has 57166 rows x 16 columns
2025-12-05 14:28:04,959 - src.transform - INFO - Built people_df (no nulls): 46803 rows x 5 columns
2025-12-05 14:28:04,988 - src.transform - INFO - Built doctors_df (pre-hospital merge, no nulls): 46283 rows x 3 columns
2025-12-05 14:28:05,003 - src.transform - INFO - Built hospitals_df (no nulls): 37437 rows x 2 columns
2025-12-05 14:28:05,034 - src.transform - INFO - Updated doctors_df after hospital merge: 46283 rows x 4 columns
2025-12-05 14:28:05,047 - src.transform - INFO - Built conditions_df (no nulls): 6 rows x 2 columns
2025-12-05 14:28:05,059 - src.transform - INFO - Built insurance_df (no nulls): 6 rows x 2 columns
2025-12-05 14:28:05,065 - src.transform - WARNING - test_results_df: 2839 invalid or null result_label value(s) dropped before dimension build
2025-12-05 14:28:05,070 - src.transform - INFO - Built test_results_df (no nulls): 3 rows x 2 columns
2025-12-05 14:28:05,080 - src.transform - INFO - Built admission_types_df (no nulls): 3 rows x 2 columns
2025-12-05 14:28:05,417 - src.transform - INFO - Finished merges; df is now 57166 rows x 28 columns
2025-12-05 14:28:06,681 - src.transform - INFO - Built admissions_df: 25974 rows x 12 columns
2025-12-05 14:28:06,681 - src.transform - INFO - After reject split: 25974 valid admissions, 31192 rejected rows
2025-12-05 14:28:06,681 - src.transform - INFO - transform() completed successfully. Output tables: {'people': (46803, 5), 'doctors': (46283, 4), 'hospitals': (37437, 2), 'conditions': (6, 2), 'insurance': (6, 2), 'admission_types': (3, 2), 'test_results': (3, 2), 'admissions': (25974, 12), 'rejects': (31192, 16)}
2025-12-05 14:28:06,687 - src.load - INFO - Starting load()
2025-12-05 14:28:06,687 - src.load - INFO - Row counts - people=46803, hospitals=37437, doctors=46283, conditions=6, insurance=6, test_results=3, admission_types=3, admissions=25974, rejects=31192
2025-12-05 14:28:06,687 - src.load - INFO - Connecting to database...
2025-12-05 14:28:06,974 - src.load - INFO - Database connection established.
2025-12-05 14:28:06,995 - src.load - INFO - Tables created/verified successfully.
2025-12-05 14:28:06,999 - src.load - INFO - Truncating tables and resetting identities...
2025-12-05 14:28:07,109 - src.load - INFO - Tables truncated.
2025-12-05 14:28:07,109 - src.load - INFO - Starting insertion.
2025-12-05 14:28:29,821 - src.load - INFO - Load completed successfully.
2025-12-05 14:28:29,821 - src.load - INFO - Database connection closed. End of load().
2025-12-05 14:34:38,474 - src.read - INFO - Starting read() for type=csv, path=data/healthcare_dataset_dirty.csv
2025-12-05 14:34:38,475 - src.read - INFO - Reading CSV file from data/healthcare_dataset_dirty.csv
2025-12-05 14:34:38,825 - src.read - INFO - Successfully read CSV: 57166 rows x 15 columns
2025-12-05 14:34:38,825 - src.clean - INFO - Starting clean(): input df has 57166 rows x 15 columns
2025-12-05 14:34:39,296 - src.clean - INFO - Standardized string columns where present.
2025-12-05 14:34:39,328 - src.clean - WARNING - Column age: 285 value(s) could not be converted to numeric and were set to NaN
2025-12-05 14:34:39,409 - src.clean - INFO - Column billing_amount converted to numeric successfully.
2025-12-05 14:34:39,440 - src.clean - WARNING - Column room_number: 394 value(s) could not be converted to numeric and were set to NaN
2025-12-05 14:34:39,441 - src.clean - INFO - Age range before validation: min=0.0, max=150.0
2025-12-05 14:34:39,443 - src.clean - WARNING - Age: 144 value(s) outside valid range (0–120); setting to NA
2025-12-05 14:34:39,444 - src.clean - INFO - Room_number range before validation: min=101.0, max=500.0
2025-12-05 14:34:39,446 - src.clean - INFO - Rounded billing_amount to 2 decimal places.
2025-12-05 14:34:39,466 - src.clean - WARNING - Column date_of_admission: 2858 value(s) could not be parsed as datetime and were set to NaT
2025-12-05 14:34:39,482 - src.clean - WARNING - Column discharge_date: 2858 value(s) could not be parsed as datetime and were set to NaT
2025-12-05 14:34:39,482 - src.clean - INFO - clean() completed. Output df has 57166 rows x 16 columns
2025-12-05 14:34:39,482 - src.transform - INFO - Starting transform(): input df has 57166 rows x 16 columns
2025-12-05 14:34:39,835 - src.transform - INFO - Built people_df (no nulls): 46803 rows x 5 columns
2025-12-05 14:34:39,871 - src.transform - INFO - Built doctors_df (pre-hospital merge, no nulls): 46283 rows x 3 columns
2025-12-05 14:34:39,891 - src.transform - INFO - Built hospitals_df (no nulls): 37437 rows x 2 columns
2025-12-05 14:34:39,933 - src.transform - INFO - Updated doctors_df after hospital merge: 46283 rows x 4 columns
2025-12-05 14:34:39,937 - src.transform - ERROR - transform() failed.
Traceback (most recent call last):
  File "/Users/mattmurno/Desktop/Revature training files/etl_proj/src/transform.py", line 114, in transform
    .dropna(subset=[conditions_not_null])
     ^^^^^^^^^^^^^^^^^^^^^^^^^^^^^^^^^^^^
  File "/Users/mattmurno/Desktop/Revature training files/etl_proj/venv/lib/python3.11/site-packages/pandas/core/frame.py", line 6692, in dropna
    raise KeyError(np.array(subset)[check].tolist())
KeyError: [['medical_condition']]
2025-12-05 14:36:32,181 - src.read - INFO - Starting read() for type=csv, path=data/healthcare_dataset_dirty.csv
2025-12-05 14:36:32,181 - src.read - INFO - Reading CSV file from data/healthcare_dataset_dirty.csv
2025-12-05 14:36:32,494 - src.read - INFO - Successfully read CSV: 57166 rows x 15 columns
2025-12-05 14:36:32,494 - src.clean - INFO - Starting clean(): input df has 57166 rows x 15 columns
2025-12-05 14:36:32,914 - src.clean - INFO - Standardized string columns where present.
2025-12-05 14:36:32,948 - src.clean - WARNING - Column age: 285 value(s) could not be converted to numeric and were set to NaN
2025-12-05 14:36:33,036 - src.clean - INFO - Column billing_amount converted to numeric successfully.
2025-12-05 14:36:33,094 - src.clean - WARNING - Column room_number: 394 value(s) could not be converted to numeric and were set to NaN
2025-12-05 14:36:33,096 - src.clean - INFO - Age range before validation: min=0.0, max=150.0
2025-12-05 14:36:33,123 - src.clean - WARNING - Age: 144 value(s) outside valid range (0–120); setting to NA
2025-12-05 14:36:33,125 - src.clean - INFO - Room_number range before validation: min=101.0, max=500.0
2025-12-05 14:36:33,127 - src.clean - INFO - Rounded billing_amount to 2 decimal places.
2025-12-05 14:36:33,161 - src.clean - WARNING - Column date_of_admission: 2858 value(s) could not be parsed as datetime and were set to NaT
2025-12-05 14:36:33,196 - src.clean - WARNING - Column discharge_date: 2858 value(s) could not be parsed as datetime and were set to NaT
2025-12-05 14:36:33,197 - src.clean - INFO - clean() completed. Output df has 57166 rows x 16 columns
2025-12-05 14:36:33,197 - src.transform - INFO - Starting transform(): input df has 57166 rows x 16 columns
2025-12-05 14:36:33,470 - src.transform - INFO - Built people_df (no nulls): 46803 rows x 5 columns
2025-12-05 14:36:33,520 - src.transform - INFO - Built doctors_df (pre-hospital merge, no nulls): 46283 rows x 3 columns
2025-12-05 14:36:33,572 - src.transform - INFO - Built hospitals_df (no nulls): 37437 rows x 2 columns
2025-12-05 14:36:33,671 - src.transform - INFO - Updated doctors_df after hospital merge: 46283 rows x 4 columns
2025-12-05 14:36:33,702 - src.transform - INFO - Built conditions_df (no nulls): 6 rows x 2 columns
2025-12-05 14:36:33,712 - src.transform - INFO - Built insurance_df (no nulls): 6 rows x 2 columns
2025-12-05 14:36:33,719 - src.transform - WARNING - test_results_df: 2839 invalid or null result_label value(s) dropped before dimension build
2025-12-05 14:36:33,727 - src.transform - INFO - Built test_results_df (no nulls): 3 rows x 2 columns
2025-12-05 14:36:33,737 - src.transform - INFO - Built admission_types_df (no nulls): 3 rows x 2 columns
2025-12-05 14:36:34,242 - src.transform - INFO - Finished merges; df is now 57166 rows x 28 columns
2025-12-05 14:36:35,801 - src.transform - INFO - Built admissions_df: 25974 rows x 12 columns
2025-12-05 14:36:35,801 - src.transform - INFO - After reject split: 25974 valid admissions, 31192 rejected rows
2025-12-05 14:36:35,802 - src.transform - INFO - transform() completed successfully. Output tables: {'people': (46803, 5), 'doctors': (46283, 4), 'hospitals': (37437, 2), 'conditions': (6, 2), 'insurance': (6, 2), 'admission_types': (3, 2), 'test_results': (3, 2), 'admissions': (25974, 12), 'rejects': (31192, 16)}
2025-12-05 14:36:35,808 - src.load - INFO - Starting load()
2025-12-05 14:36:35,808 - src.load - INFO - Row counts - people=46803, hospitals=37437, doctors=46283, conditions=6, insurance=6, test_results=3, admission_types=3, admissions=25974, rejects=31192
2025-12-05 14:36:35,808 - src.load - INFO - Connecting to database...
2025-12-05 14:36:35,893 - src.load - INFO - Database connection established.
2025-12-05 14:36:35,896 - src.load - INFO - Tables created/verified successfully.
2025-12-05 14:36:35,897 - src.load - INFO - Truncating tables and resetting identities...
2025-12-05 14:36:35,963 - src.load - INFO - Tables truncated.
2025-12-05 14:36:35,965 - src.load - INFO - Starting insertion.
2025-12-05 14:36:57,162 - src.load - INFO - Load completed successfully.
2025-12-05 14:36:57,163 - src.load - INFO - Database connection closed. End of load().
2025-12-05 14:46:06,942 - src.read - INFO - Starting read() for type=csv, path=data/healthcare_dataset_dirty.csv
2025-12-05 14:46:06,943 - src.read - INFO - Reading CSV file from data/healthcare_dataset_dirty.csv
2025-12-05 14:46:07,377 - src.read - INFO - Successfully read CSV: 57166 rows x 15 columns
2025-12-05 14:46:07,377 - src.clean - INFO - Starting clean(): input df has 57166 rows x 15 columns
2025-12-05 14:46:07,878 - src.clean - INFO - Standardized string columns where present.
2025-12-05 14:46:07,910 - src.clean - WARNING - Column age: 285 value(s) could not be converted to numeric and were set to NaN
2025-12-05 14:46:08,008 - src.clean - INFO - Column billing_amount converted to numeric successfully.
2025-12-05 14:46:08,064 - src.clean - WARNING - Column room_number: 394 value(s) could not be converted to numeric and were set to NaN
2025-12-05 14:46:08,065 - src.clean - INFO - Age range before validation: min=0.0, max=150.0
2025-12-05 14:46:08,066 - src.clean - WARNING - Age: 144 value(s) outside valid range (0–120); setting to NA
2025-12-05 14:46:08,067 - src.clean - INFO - Room_number range before validation: min=101.0, max=500.0
2025-12-05 14:46:08,069 - src.clean - INFO - Rounded billing_amount to 2 decimal places.
2025-12-05 14:46:08,226 - src.clean - WARNING - Column date_of_admission: 2858 value(s) could not be parsed as datetime and were set to NaT
2025-12-05 14:46:08,285 - src.clean - WARNING - Column discharge_date: 2858 value(s) could not be parsed as datetime and were set to NaT
2025-12-05 14:46:08,287 - src.clean - INFO - clean() completed. Output df has 57166 rows x 16 columns
2025-12-05 14:46:08,289 - src.transform - INFO - Starting transform(): input df has 57166 rows x 16 columns
2025-12-05 14:46:08,552 - src.transform - INFO - Built people_df (no nulls): 46803 rows x 5 columns
2025-12-05 14:46:08,595 - src.transform - INFO - Built doctors_df (pre-hospital merge, no nulls): 46283 rows x 3 columns
2025-12-05 14:46:08,620 - src.transform - INFO - Built hospitals_df (no nulls): 37437 rows x 2 columns
2025-12-05 14:46:08,652 - src.transform - INFO - Updated doctors_df after hospital merge: 46283 rows x 4 columns
2025-12-05 14:46:08,665 - src.transform - INFO - Built conditions_df (no nulls): 6 rows x 2 columns
2025-12-05 14:46:08,682 - src.transform - INFO - Built insurance_df (no nulls): 6 rows x 2 columns
2025-12-05 14:46:08,695 - src.transform - WARNING - test_results_df: 2839 invalid or null result_label value(s) dropped before dimension build
2025-12-05 14:46:08,703 - src.transform - INFO - Built test_results_df (no nulls): 3 rows x 2 columns
2025-12-05 14:46:08,719 - src.transform - INFO - Built admission_types_df (no nulls): 3 rows x 2 columns
2025-12-05 14:46:09,092 - src.transform - INFO - Finished merges; df is now 57166 rows x 28 columns
2025-12-05 14:46:10,379 - src.transform - INFO - Built admissions_df: 25974 rows x 12 columns
2025-12-05 14:46:10,379 - src.transform - INFO - After reject split: 25974 valid admissions, 31192 rejected rows
2025-12-05 14:46:10,379 - src.transform - INFO - transform() completed successfully. Output tables: {'people': (46803, 5), 'doctors': (46283, 4), 'hospitals': (37437, 2), 'conditions': (6, 2), 'insurance': (6, 2), 'admission_types': (3, 2), 'test_results': (3, 2), 'admissions': (25974, 12), 'rejects': (31192, 16)}
2025-12-05 14:46:10,386 - src.load - INFO - Starting load()
2025-12-05 14:46:10,387 - src.load - INFO - Row counts - people=46803, hospitals=37437, doctors=46283, conditions=6, insurance=6, test_results=3, admission_types=3, admissions=25974, rejects=31192
2025-12-05 14:46:10,387 - src.load - INFO - Connecting to database...
2025-12-05 14:46:10,619 - src.load - INFO - Database connection established.
2025-12-05 14:46:10,622 - src.load - INFO - Tables created/verified successfully.
2025-12-05 14:46:10,622 - src.load - INFO - Truncating tables and resetting identities...
2025-12-05 14:46:10,794 - src.load - INFO - Tables truncated.
2025-12-05 14:46:10,794 - src.load - INFO - Starting insertion.
2025-12-05 14:46:32,434 - src.load - INFO - Load completed successfully.
2025-12-05 14:46:32,435 - src.load - INFO - Database connection closed. End of load().
2025-12-05 14:47:10,085 - src.read - INFO - Starting read() for type=csv, path=data/healthcare_dataset_dirty.csv
2025-12-05 14:47:10,086 - src.read - INFO - Reading CSV file from data/healthcare_dataset_dirty.csv
2025-12-05 14:47:10,552 - src.read - INFO - Successfully read CSV: 57166 rows x 15 columns
2025-12-05 14:47:10,552 - src.clean - INFO - Starting clean(): input df has 57166 rows x 15 columns
2025-12-05 14:47:11,076 - src.clean - INFO - Standardized string columns where present.
2025-12-05 14:47:11,109 - src.clean - WARNING - Column age: 285 value(s) could not be converted to numeric and were set to NaN
2025-12-05 14:47:11,225 - src.clean - INFO - Column billing_amount converted to numeric successfully.
2025-12-05 14:47:11,271 - src.clean - WARNING - Column room_number: 394 value(s) could not be converted to numeric and were set to NaN
2025-12-05 14:47:11,283 - src.clean - INFO - Age range before validation: min=0.0, max=150.0
2025-12-05 14:47:11,286 - src.clean - WARNING - Age: 144 value(s) outside valid range (0–120); setting to NA
2025-12-05 14:47:11,290 - src.clean - INFO - Room_number range before validation: min=101.0, max=500.0
2025-12-05 14:47:11,293 - src.clean - INFO - Rounded billing_amount to 2 decimal places.
2025-12-05 14:47:11,321 - src.clean - WARNING - Column date_of_admission: 2858 value(s) could not be parsed as datetime and were set to NaT
2025-12-05 14:47:11,340 - src.clean - WARNING - Column discharge_date: 2858 value(s) could not be parsed as datetime and were set to NaT
2025-12-05 14:47:11,340 - src.clean - INFO - clean() completed. Output df has 57166 rows x 16 columns
2025-12-05 14:47:11,340 - src.transform - INFO - Starting transform(): input df has 57166 rows x 16 columns
2025-12-05 14:47:11,688 - src.transform - INFO - Built people_df (no nulls): 46803 rows x 5 columns
2025-12-05 14:47:11,735 - src.transform - INFO - Built doctors_df (pre-hospital merge, no nulls): 46283 rows x 3 columns
2025-12-05 14:47:11,757 - src.transform - INFO - Built hospitals_df (no nulls): 37437 rows x 2 columns
2025-12-05 14:47:11,801 - src.transform - INFO - Updated doctors_df after hospital merge: 46283 rows x 4 columns
2025-12-05 14:47:11,813 - src.transform - INFO - Built conditions_df (no nulls): 6 rows x 2 columns
2025-12-05 14:47:11,824 - src.transform - INFO - Built insurance_df (no nulls): 6 rows x 2 columns
2025-12-05 14:47:11,832 - src.transform - WARNING - test_results_df: 2839 invalid or null result_label value(s) dropped before dimension build
2025-12-05 14:47:11,837 - src.transform - INFO - Built test_results_df (no nulls): 3 rows x 2 columns
2025-12-05 14:47:11,853 - src.transform - INFO - Built admission_types_df (no nulls): 3 rows x 2 columns
2025-12-05 14:47:12,206 - src.transform - INFO - Finished merges; df is now 57166 rows x 28 columns
2025-12-05 14:47:13,503 - src.transform - INFO - Built admissions_df: 25974 rows x 12 columns
2025-12-05 14:47:13,503 - src.transform - INFO - After reject split: 25974 valid admissions, 31192 rejected rows
2025-12-05 14:47:13,503 - src.transform - INFO - transform() completed successfully. Output tables: {'people': (46803, 5), 'doctors': (46283, 4), 'hospitals': (37437, 2), 'conditions': (6, 2), 'insurance': (6, 2), 'admission_types': (3, 2), 'test_results': (3, 2), 'admissions': (25974, 12), 'rejects': (31192, 16)}
2025-12-05 14:47:13,510 - src.load - INFO - Starting load()
2025-12-05 14:47:13,510 - src.load - INFO - Row counts - people=46803, hospitals=37437, doctors=46283, conditions=6, insurance=6, test_results=3, admission_types=3, admissions=25974, rejects=31192
2025-12-05 14:47:13,510 - src.load - INFO - Connecting to database...
2025-12-05 14:47:13,685 - src.load - INFO - Database connection established.
2025-12-05 14:47:13,700 - src.load - ERROR - Error in load() while working with the database.
Traceback (most recent call last):
  File "/Users/mattmurno/Desktop/Revature training files/etl_proj/src/load.py", line 111, in load
    ensure_all_tables_exist(conn)
  File "/Users/mattmurno/Desktop/Revature training files/etl_proj/src/load.py", line 76, in ensure_all_tables_exist
    cur.execute(create_sql)
psycopg2.errors.DuplicateColumn: column "person_id" appears twice in primary key constraint
LINE 12:   PRIMARY KEY ("person_id", "person_id")
           ^

2025-12-05 14:47:13,702 - src.load - INFO - Transaction rolled back due to error.
2025-12-05 14:47:13,702 - src.load - INFO - Database connection closed. End of load().
2025-12-05 14:50:22,083 - src.read - INFO - Starting read() for type=csv, path=data/healthcare_dataset_dirty.csv
2025-12-05 14:50:22,084 - src.read - INFO - Reading CSV file from data/healthcare_dataset_dirty.csv
2025-12-05 14:50:22,366 - src.read - INFO - Successfully read CSV: 57166 rows x 15 columns
2025-12-05 14:50:22,366 - src.clean - INFO - Starting clean(): input df has 57166 rows x 15 columns
2025-12-05 14:50:22,801 - src.clean - INFO - Standardized string columns where present.
2025-12-05 14:50:22,835 - src.clean - WARNING - Column age: 285 value(s) could not be converted to numeric and were set to NaN
2025-12-05 14:50:22,920 - src.clean - INFO - Column billing_amount converted to numeric successfully.
2025-12-05 14:50:22,948 - src.clean - WARNING - Column room_number: 394 value(s) could not be converted to numeric and were set to NaN
2025-12-05 14:50:22,949 - src.clean - INFO - Age range before validation: min=0.0, max=150.0
2025-12-05 14:50:22,950 - src.clean - WARNING - Age: 144 value(s) outside valid range (0–120); setting to NA
2025-12-05 14:50:22,953 - src.clean - INFO - Room_number range before validation: min=101.0, max=500.0
2025-12-05 14:50:22,954 - src.clean - INFO - Rounded billing_amount to 2 decimal places.
2025-12-05 14:50:22,986 - src.clean - WARNING - Column date_of_admission: 2858 value(s) could not be parsed as datetime and were set to NaT
2025-12-05 14:50:23,014 - src.clean - WARNING - Column discharge_date: 2858 value(s) could not be parsed as datetime and were set to NaT
2025-12-05 14:50:23,014 - src.clean - INFO - clean() completed. Output df has 57166 rows x 16 columns
2025-12-05 14:50:23,014 - src.transform - INFO - Starting transform(): input df has 57166 rows x 16 columns
2025-12-05 14:50:23,261 - src.transform - INFO - Built people_df (no nulls): 46803 rows x 5 columns
2025-12-05 14:50:23,304 - src.transform - INFO - Built doctors_df (pre-hospital merge, no nulls): 46283 rows x 3 columns
2025-12-05 14:50:23,325 - src.transform - INFO - Built hospitals_df (no nulls): 37437 rows x 2 columns
2025-12-05 14:50:23,443 - src.transform - INFO - Updated doctors_df after hospital merge: 46283 rows x 4 columns
2025-12-05 14:50:23,485 - src.transform - INFO - Built conditions_df (no nulls): 6 rows x 2 columns
2025-12-05 14:50:23,497 - src.transform - INFO - Built insurance_df (no nulls): 6 rows x 2 columns
2025-12-05 14:50:23,520 - src.transform - WARNING - test_results_df: 2839 invalid or null result_label value(s) dropped before dimension build
2025-12-05 14:50:23,532 - src.transform - INFO - Built test_results_df (no nulls): 3 rows x 2 columns
2025-12-05 14:50:23,551 - src.transform - INFO - Built admission_types_df (no nulls): 3 rows x 2 columns
2025-12-05 14:50:23,940 - src.transform - INFO - Finished merges; df is now 57166 rows x 28 columns
2025-12-05 14:50:25,482 - src.transform - INFO - Built admissions_df: 25974 rows x 12 columns
2025-12-05 14:50:25,482 - src.transform - INFO - After reject split: 25974 valid admissions, 31192 rejected rows
2025-12-05 14:50:25,483 - src.transform - INFO - transform() completed successfully. Output tables: {'people': (46803, 5), 'doctors': (46283, 4), 'hospitals': (37437, 2), 'conditions': (6, 2), 'insurance': (6, 2), 'admission_types': (3, 2), 'test_results': (3, 2), 'admissions': (25974, 12), 'rejects': (31192, 16)}
2025-12-05 14:50:25,490 - src.load - INFO - Starting load()
2025-12-05 14:50:25,491 - src.load - INFO - Row counts - people=46803, hospitals=37437, doctors=46283, conditions=6, insurance=6, test_results=3, admission_types=3, admissions=25974, rejects=31192
2025-12-05 14:50:25,491 - src.load - INFO - Connecting to database...
2025-12-05 14:50:25,796 - src.load - INFO - Database connection established.
2025-12-05 14:50:25,825 - src.load - ERROR - Error in load() while working with the database.
Traceback (most recent call last):
  File "/Users/mattmurno/Desktop/Revature training files/etl_proj/src/load.py", line 108, in load
    ensure_all_tables_exist(conn)
  File "/Users/mattmurno/Desktop/Revature training files/etl_proj/src/load.py", line 73, in ensure_all_tables_exist
    cur.execute(create_sql)
psycopg2.errors.DuplicateColumn: column "person_id" specified more than once

2025-12-05 14:50:25,834 - src.load - INFO - Transaction rolled back due to error.
2025-12-05 14:50:25,834 - src.load - INFO - Database connection closed. End of load().
2025-12-05 14:53:13,988 - src.read - INFO - Starting read() for type=csv, path=data/healthcare_dataset_dirty.csv
2025-12-05 14:53:13,988 - src.read - INFO - Reading CSV file from data/healthcare_dataset_dirty.csv
2025-12-05 14:53:14,274 - src.read - INFO - Successfully read CSV: 57166 rows x 15 columns
2025-12-05 14:53:14,274 - src.clean - INFO - Starting clean(): input df has 57166 rows x 15 columns
2025-12-05 14:53:14,719 - src.clean - INFO - Standardized string columns where present.
2025-12-05 14:53:14,770 - src.clean - WARNING - Column age: 285 value(s) could not be converted to numeric and were set to NaN
2025-12-05 14:53:14,858 - src.clean - INFO - Column billing_amount converted to numeric successfully.
2025-12-05 14:53:14,895 - src.clean - WARNING - Column room_number: 394 value(s) could not be converted to numeric and were set to NaN
2025-12-05 14:53:14,897 - src.clean - INFO - Age range before validation: min=0.0, max=150.0
2025-12-05 14:53:14,899 - src.clean - WARNING - Age: 144 value(s) outside valid range (0–120); setting to NA
2025-12-05 14:53:14,903 - src.clean - INFO - Room_number range before validation: min=101.0, max=500.0
2025-12-05 14:53:14,905 - src.clean - INFO - Rounded billing_amount to 2 decimal places.
2025-12-05 14:53:14,931 - src.clean - WARNING - Column date_of_admission: 2858 value(s) could not be parsed as datetime and were set to NaT
2025-12-05 14:53:15,033 - src.clean - WARNING - Column discharge_date: 2858 value(s) could not be parsed as datetime and were set to NaT
2025-12-05 14:53:15,033 - src.clean - INFO - clean() completed. Output df has 57166 rows x 16 columns
2025-12-05 14:53:15,034 - src.transform - INFO - Starting transform(): input df has 57166 rows x 16 columns
2025-12-05 14:53:15,321 - src.transform - INFO - Built people_df (no nulls): 46803 rows x 5 columns
2025-12-05 14:53:15,359 - src.transform - INFO - Built doctors_df (pre-hospital merge, no nulls): 46283 rows x 3 columns
2025-12-05 14:53:15,380 - src.transform - INFO - Built hospitals_df (no nulls): 37437 rows x 2 columns
2025-12-05 14:53:15,416 - src.transform - INFO - Updated doctors_df after hospital merge: 46283 rows x 4 columns
2025-12-05 14:53:15,431 - src.transform - INFO - Built conditions_df (no nulls): 6 rows x 2 columns
2025-12-05 14:53:15,453 - src.transform - INFO - Built insurance_df (no nulls): 6 rows x 2 columns
2025-12-05 14:53:15,468 - src.transform - WARNING - test_results_df: 2839 invalid or null result_label value(s) dropped before dimension build
2025-12-05 14:53:15,477 - src.transform - INFO - Built test_results_df (no nulls): 3 rows x 2 columns
2025-12-05 14:53:15,510 - src.transform - INFO - Built admission_types_df (no nulls): 3 rows x 2 columns
2025-12-05 14:53:15,884 - src.transform - INFO - Finished merges; df is now 57166 rows x 28 columns
2025-12-05 14:53:17,226 - src.transform - INFO - Built admissions_df: 25974 rows x 12 columns
2025-12-05 14:53:17,226 - src.transform - INFO - After reject split: 25974 valid admissions, 31192 rejected rows
2025-12-05 14:53:17,227 - src.transform - INFO - transform() completed successfully. Output tables: {'people': (46803, 5), 'doctors': (46283, 4), 'hospitals': (37437, 2), 'conditions': (6, 2), 'insurance': (6, 2), 'admission_types': (3, 2), 'test_results': (3, 2), 'admissions': (25974, 12), 'rejects': (31192, 16)}
2025-12-05 14:53:17,242 - src.load - INFO - Starting load()
2025-12-05 14:53:17,242 - src.load - INFO - Row counts - people=46803, hospitals=37437, doctors=46283, conditions=6, insurance=6, test_results=3, admission_types=3, admissions=25974, rejects=31192
2025-12-05 14:53:17,243 - src.load - INFO - Connecting to database...
2025-12-05 14:53:17,475 - src.load - INFO - Database connection established.
2025-12-05 14:53:17,570 - src.load - INFO - Tables created/verified successfully.
2025-12-05 14:53:17,570 - src.load - INFO - Truncating tables and resetting identities...
2025-12-05 14:53:17,617 - src.load - INFO - Tables truncated.
2025-12-05 14:53:17,618 - src.load - INFO - Starting insertion.
2025-12-05 14:53:54,810 - src.load - INFO - Load completed successfully.
2025-12-05 14:53:54,811 - src.load - INFO - Database connection closed. End of load().
2025-12-07 09:55:33,647 - src.read - INFO - Starting read() for type=csv, path=data/healthcare_dataset_dirty.csv
2025-12-07 09:55:33,647 - src.read - INFO - Reading CSV file from data/healthcare_dataset_dirty.csv
2025-12-07 09:55:34,019 - src.read - INFO - Successfully read CSV: 57166 rows x 15 columns
2025-12-07 09:55:34,019 - src.clean - INFO - Starting clean(): input df has 57166 rows x 15 columns
2025-12-07 09:55:34,723 - src.clean - INFO - Standardized string columns where present.
2025-12-07 09:55:34,876 - src.clean - WARNING - Column age: 285 value(s) could not be converted to numeric and were set to NaN
2025-12-07 09:55:35,000 - src.clean - INFO - Column billing_amount converted to numeric successfully.
2025-12-07 09:55:35,047 - src.clean - WARNING - Column room_number: 394 value(s) could not be converted to numeric and were set to NaN
2025-12-07 09:55:35,048 - src.clean - INFO - Age range before validation: min=0.0, max=150.0
2025-12-07 09:55:35,049 - src.clean - WARNING - Age: 144 value(s) outside valid range (0–120); setting to NA
2025-12-07 09:55:35,051 - src.clean - INFO - Room_number range before validation: min=101.0, max=500.0
2025-12-07 09:55:35,054 - src.clean - INFO - Rounded billing_amount to 2 decimal places.
2025-12-07 09:55:35,354 - src.clean - WARNING - Column date_of_admission: 2858 value(s) could not be parsed as datetime and were set to NaT
2025-12-07 09:55:35,371 - src.clean - WARNING - Column discharge_date: 2858 value(s) could not be parsed as datetime and were set to NaT
2025-12-07 09:55:35,371 - src.clean - INFO - clean() completed. Output df has 57166 rows x 16 columns
2025-12-07 09:55:35,371 - src.transform - INFO - Starting transform(): input df has 57166 rows x 16 columns
2025-12-07 09:55:35,849 - src.transform - INFO - Built people_df (no nulls): 46803 rows x 5 columns
2025-12-07 09:55:35,913 - src.transform - INFO - Built doctors_df (pre-hospital merge, no nulls): 46283 rows x 3 columns
2025-12-07 09:55:35,935 - src.transform - INFO - Built hospitals_df (no nulls): 37437 rows x 2 columns
2025-12-07 09:55:36,217 - src.transform - INFO - Updated doctors_df after hospital merge: 46283 rows x 4 columns
2025-12-07 09:55:36,248 - src.transform - INFO - Built conditions_df (no nulls): 6 rows x 2 columns
2025-12-07 09:55:36,270 - src.transform - INFO - Built insurance_df (no nulls): 6 rows x 2 columns
2025-12-07 09:55:36,281 - src.transform - WARNING - test_results_df: 2839 invalid or null result_label value(s) dropped before dimension build
2025-12-07 09:55:36,287 - src.transform - INFO - Built test_results_df (no nulls): 3 rows x 2 columns
2025-12-07 09:55:36,326 - src.transform - INFO - Built admission_types_df (no nulls): 3 rows x 2 columns
2025-12-07 09:55:36,722 - src.transform - INFO - Finished merges; df is now 57166 rows x 28 columns
2025-12-07 09:55:38,009 - src.transform - INFO - Built admissions_df: 25974 rows x 12 columns
2025-12-07 09:55:38,009 - src.transform - INFO - After reject split: 25974 valid admissions, 31192 rejected rows
2025-12-07 09:55:38,010 - src.transform - INFO - transform() completed successfully. Output tables: {'people': (46803, 5), 'doctors': (46283, 4), 'hospitals': (37437, 2), 'conditions': (6, 2), 'insurance': (6, 2), 'admission_types': (3, 2), 'test_results': (3, 2), 'admissions': (25974, 12), 'rejects': (31192, 16)}
2025-12-07 09:55:38,016 - src.load - INFO - Starting load()
2025-12-07 09:55:38,016 - src.load - INFO - Row counts - people=46803, hospitals=37437, doctors=46283, conditions=6, insurance=6, test_results=3, admission_types=3, admissions=25974, rejects=31192
2025-12-07 09:55:38,016 - src.load - INFO - Connecting to database...
2025-12-07 09:55:38,177 - src.load - INFO - Database connection established.
2025-12-07 09:55:38,227 - src.load - INFO - Tables created/verified successfully.
2025-12-07 09:55:38,227 - src.load - INFO - Truncating tables and resetting identities...
2025-12-07 09:55:38,380 - src.load - INFO - Tables truncated.
2025-12-07 09:55:38,381 - src.load - INFO - Starting insertion.
2025-12-07 09:56:09,572 - src.load - INFO - Load completed successfully.
2025-12-07 09:56:09,579 - src.load - INFO - Database connection closed. End of load().
2025-12-07 10:02:27,708 - src.read - INFO - Starting read() for type=csv, path=data/healthcare_dataset_dirty.csv
2025-12-07 10:02:27,709 - src.read - INFO - Reading CSV file from data/healthcare_dataset_dirty.csv
2025-12-07 10:02:28,031 - src.read - INFO - Successfully read CSV: 57166 rows x 15 columns
2025-12-07 10:02:28,032 - src.clean - INFO - Starting clean(): input df has 57166 rows x 15 columns
2025-12-07 10:02:28,521 - src.clean - INFO - Standardized string columns where present.
2025-12-07 10:02:28,553 - src.clean - WARNING - Column age: 285 value(s) could not be converted to numeric and were set to NaN
2025-12-07 10:02:28,687 - src.clean - INFO - Column billing_amount converted to numeric successfully.
2025-12-07 10:02:28,733 - src.clean - WARNING - Column room_number: 394 value(s) could not be converted to numeric and were set to NaN
2025-12-07 10:02:28,735 - src.clean - INFO - Age range before validation: min=0.0, max=150.0
2025-12-07 10:02:28,752 - src.clean - WARNING - Age: 144 value(s) outside valid range (0–120); setting to NA
2025-12-07 10:02:28,754 - src.clean - INFO - Room_number range before validation: min=101.0, max=500.0
2025-12-07 10:02:28,758 - src.clean - INFO - Rounded billing_amount to 2 decimal places.
2025-12-07 10:02:28,813 - src.clean - WARNING - Column date_of_admission: 2858 value(s) could not be parsed as datetime and were set to NaT
2025-12-07 10:02:28,848 - src.clean - WARNING - Column discharge_date: 2858 value(s) could not be parsed as datetime and were set to NaT
2025-12-07 10:02:28,875 - src.clean - INFO - clean() completed. Output df has 57166 rows x 16 columns
2025-12-07 10:02:28,876 - src.transform - INFO - Starting transform(): input df has 57166 rows x 16 columns
2025-12-07 10:02:29,172 - src.transform - INFO - Built people_df (no nulls): 46803 rows x 5 columns
2025-12-07 10:02:29,308 - src.transform - INFO - Built doctors_df (pre-hospital merge, no nulls) (no nulls): 48928 rows x 3 columns
2025-12-07 10:02:29,337 - src.transform - INFO - Built hospitals_df (no nulls) (no nulls): 37437 rows x 2 columns
2025-12-07 10:02:29,359 - src.transform - INFO - Updated doctors_df after hospital merge: 48928 rows x 4 columns
2025-12-07 10:02:29,375 - src.transform - INFO - Built conditions_df (no nulls): 6 rows x 2 columns
2025-12-07 10:02:29,391 - src.transform - INFO - Built insurance_df (no nulls): 6 rows x 2 columns
2025-12-07 10:02:29,397 - src.transform - WARNING - test_results_df: 2839 invalid or null result_label value(s) dropped before dimension build
2025-12-07 10:02:29,402 - src.transform - INFO - Built test_results_df (no nulls): 3 rows x 2 columns
2025-12-07 10:02:29,416 - src.transform - INFO - Built admission_types_df (no nulls): 3 rows x 2 columns
2025-12-07 10:02:29,759 - src.transform - INFO - Finished merges; df is now 57166 rows x 28 columns
2025-12-07 10:02:31,055 - src.transform - INFO - Built admissions_df: 27369 rows x 12 columns
2025-12-07 10:02:31,055 - src.transform - INFO - After reject split: 27369 valid admissions, 29797 rejected rows
2025-12-07 10:02:31,055 - src.transform - INFO - transform() completed successfully. Output tables: {'people': (46803, 5), 'doctors': (48928, 4), 'hospitals': (37437, 2), 'conditions': (6, 2), 'insurance': (6, 2), 'admission_types': (3, 2), 'test_results': (3, 2), 'admissions': (27369, 12), 'rejects': (29797, 16)}
2025-12-07 10:02:31,068 - src.load - INFO - Starting load()
2025-12-07 10:02:31,068 - src.load - INFO - Row counts - people=46803, hospitals=37437, doctors=48928, conditions=6, insurance=6, test_results=3, admission_types=3, admissions=27369, rejects=29797
2025-12-07 10:02:31,068 - src.load - INFO - Connecting to database...
2025-12-07 10:02:31,188 - src.load - INFO - Database connection established.
2025-12-07 10:02:31,193 - src.load - INFO - Tables created/verified successfully.
2025-12-07 10:02:31,202 - src.load - INFO - Truncating tables and resetting identities...
2025-12-07 10:02:31,302 - src.load - INFO - Tables truncated.
2025-12-07 10:02:31,302 - src.load - INFO - Starting insertion.
2025-12-07 10:02:43,462 - src.load - ERROR - Error in load() while working with the database.
Traceback (most recent call last):
  File "/Users/mattmurno/Desktop/Revature training files/etl_proj/src/load.py", line 188, in load
    cur.execute(
psycopg2.errors.NumericValueOutOfRange: integer out of range

2025-12-07 10:02:43,471 - src.load - INFO - Transaction rolled back due to error.
2025-12-07 10:02:43,471 - src.load - INFO - Database connection closed. End of load().
2025-12-07 10:05:40,872 - src.read - INFO - Starting read() for type=csv, path=data/healthcare_dataset_dirty.csv
2025-12-07 10:05:40,873 - src.read - INFO - Reading CSV file from data/healthcare_dataset_dirty.csv
2025-12-07 10:05:41,202 - src.read - INFO - Successfully read CSV: 57166 rows x 15 columns
2025-12-07 10:05:41,203 - src.clean - INFO - Starting clean(): input df has 57166 rows x 15 columns
2025-12-07 10:05:41,667 - src.clean - INFO - Standardized string columns where present.
2025-12-07 10:05:41,698 - src.clean - WARNING - Column age: 285 value(s) could not be converted to numeric and were set to NaN
2025-12-07 10:05:41,783 - src.clean - INFO - Column billing_amount converted to numeric successfully.
2025-12-07 10:05:41,840 - src.clean - WARNING - Column room_number: 394 value(s) could not be converted to numeric and were set to NaN
2025-12-07 10:05:41,841 - src.clean - INFO - Age range before validation: min=0.0, max=150.0
2025-12-07 10:05:41,842 - src.clean - WARNING - Age: 144 value(s) outside valid range (0–120); setting to NA
2025-12-07 10:05:41,844 - src.clean - INFO - Room_number range before validation: min=101.0, max=500.0
2025-12-07 10:05:41,845 - src.clean - INFO - Rounded billing_amount to 2 decimal places.
2025-12-07 10:05:41,893 - src.clean - WARNING - Column date_of_admission: 2858 value(s) could not be parsed as datetime and were set to NaT
2025-12-07 10:05:41,923 - src.clean - WARNING - Column discharge_date: 2858 value(s) could not be parsed as datetime and were set to NaT
2025-12-07 10:05:41,923 - src.clean - INFO - clean() completed. Output df has 57166 rows x 16 columns
2025-12-07 10:05:41,924 - src.transform - INFO - Starting transform(): input df has 57166 rows x 16 columns
2025-12-07 10:05:42,175 - src.transform - INFO - Built people_df (no nulls): 46803 rows x 5 columns
2025-12-07 10:05:42,207 - src.transform - INFO - Built doctors_df (pre-hospital merge, no nulls) (no nulls): 48928 rows x 3 columns
2025-12-07 10:05:42,222 - src.transform - INFO - Built hospitals_df (no nulls) (no nulls): 37437 rows x 2 columns
2025-12-07 10:05:42,268 - src.transform - INFO - Updated doctors_df after hospital merge: 48928 rows x 4 columns
2025-12-07 10:05:42,279 - src.transform - INFO - Built conditions_df (no nulls): 6 rows x 2 columns
2025-12-07 10:05:42,280 - src.transform - ERROR - transform() failed.
Traceback (most recent call last):
  File "/Users/mattmurno/Desktop/Revature training files/etl_proj/src/config.py", line 43, in get_schema
    return CONFIG["schemas"][table_name]
           ~~~~~~~~~~~~~~~~~^^^^^^^^^^^^
KeyError: 'insurance_provider'

During handling of the above exception, another exception occurred:

Traceback (most recent call last):
  File "/Users/mattmurno/Desktop/Revature training files/etl_proj/src/transform.py", line 90, in transform
    insurance_df = build_dimension_df(df, "insurance_provider", logger_label="insurance_df (no nulls)",)
                   ^^^^^^^^^^^^^^^^^^^^^^^^^^^^^^^^^^^^^^^^^^^^^^^^^^^^^^^^^^^^^^^^^^^^^^^^^^^^^^^^^^^^^
  File "/Users/mattmurno/Desktop/Revature training files/etl_proj/src/transform.py", line 21, in build_dimension_df
    not_null_cols = get_source_not_null_columns(table_name)
                    ^^^^^^^^^^^^^^^^^^^^^^^^^^^^^^^^^^^^^^^
  File "/Users/mattmurno/Desktop/Revature training files/etl_proj/src/config.py", line 57, in get_source_not_null_columns
    cols = get_table_columns(table_name)
           ^^^^^^^^^^^^^^^^^^^^^^^^^^^^^
  File "/Users/mattmurno/Desktop/Revature training files/etl_proj/src/config.py", line 48, in get_table_columns
    schema = get_schema(table_name)
             ^^^^^^^^^^^^^^^^^^^^^^
  File "/Users/mattmurno/Desktop/Revature training files/etl_proj/src/config.py", line 45, in get_schema
    raise KeyError(f"Schema not found for table={table_name!r}")
KeyError: "Schema not found for table='insurance_provider'"
2025-12-07 10:05:50,356 - src.read - INFO - Starting read() for type=csv, path=data/healthcare_dataset_dirty.csv
2025-12-07 10:05:50,356 - src.read - INFO - Reading CSV file from data/healthcare_dataset_dirty.csv
2025-12-07 10:05:50,572 - src.read - INFO - Successfully read CSV: 57166 rows x 15 columns
2025-12-07 10:05:50,572 - src.clean - INFO - Starting clean(): input df has 57166 rows x 15 columns
2025-12-07 10:05:50,975 - src.clean - INFO - Standardized string columns where present.
2025-12-07 10:05:51,007 - src.clean - WARNING - Column age: 285 value(s) could not be converted to numeric and were set to NaN
2025-12-07 10:05:51,177 - src.clean - INFO - Column billing_amount converted to numeric successfully.
2025-12-07 10:05:51,223 - src.clean - WARNING - Column room_number: 394 value(s) could not be converted to numeric and were set to NaN
2025-12-07 10:05:51,224 - src.clean - INFO - Age range before validation: min=0.0, max=150.0
2025-12-07 10:05:51,225 - src.clean - WARNING - Age: 144 value(s) outside valid range (0–120); setting to NA
2025-12-07 10:05:51,226 - src.clean - INFO - Room_number range before validation: min=101.0, max=500.0
2025-12-07 10:05:51,227 - src.clean - INFO - Rounded billing_amount to 2 decimal places.
2025-12-07 10:05:51,247 - src.clean - WARNING - Column date_of_admission: 2858 value(s) could not be parsed as datetime and were set to NaT
2025-12-07 10:05:51,263 - src.clean - WARNING - Column discharge_date: 2858 value(s) could not be parsed as datetime and were set to NaT
2025-12-07 10:05:51,263 - src.clean - INFO - clean() completed. Output df has 57166 rows x 16 columns
2025-12-07 10:05:51,263 - src.transform - INFO - Starting transform(): input df has 57166 rows x 16 columns
2025-12-07 10:05:51,510 - src.transform - INFO - Built people_df (no nulls): 46803 rows x 5 columns
2025-12-07 10:05:51,545 - src.transform - INFO - Built doctors_df (pre-hospital merge, no nulls) (no nulls): 48928 rows x 3 columns
2025-12-07 10:05:51,563 - src.transform - INFO - Built hospitals_df (no nulls) (no nulls): 37437 rows x 2 columns
2025-12-07 10:05:51,582 - src.transform - INFO - Updated doctors_df after hospital merge: 48928 rows x 4 columns
2025-12-07 10:05:51,592 - src.transform - INFO - Built conditions_df (no nulls): 6 rows x 2 columns
2025-12-07 10:05:51,592 - src.transform - ERROR - transform() failed.
Traceback (most recent call last):
  File "/Users/mattmurno/Desktop/Revature training files/etl_proj/src/transform.py", line 90, in transform
    insurance_df = build_dimension_df(df, "insurance", logger_label="insurance_df (no nulls)",)
                   ^^^^^^^^^^^^^^^^^^^^^^^^^^^^^^^^^^^^^^^^^^^^^^^^^^^^^^^^^^^^^^^^^^^^^^^^^^^^
  File "/Users/mattmurno/Desktop/Revature training files/etl_proj/src/transform.py", line 27, in build_dimension_df
    source_df[all_cols]
    ~~~~~~~~~^^^^^^^^^^
  File "/Users/mattmurno/Desktop/Revature training files/etl_proj/venv/lib/python3.11/site-packages/pandas/core/frame.py", line 4119, in __getitem__
    indexer = self.columns._get_indexer_strict(key, "columns")[1]
              ^^^^^^^^^^^^^^^^^^^^^^^^^^^^^^^^^^^^^^^^^^^^^^^^
  File "/Users/mattmurno/Desktop/Revature training files/etl_proj/venv/lib/python3.11/site-packages/pandas/core/indexes/base.py", line 6212, in _get_indexer_strict
    self._raise_if_missing(keyarr, indexer, axis_name)
  File "/Users/mattmurno/Desktop/Revature training files/etl_proj/venv/lib/python3.11/site-packages/pandas/core/indexes/base.py", line 6261, in _raise_if_missing
    raise KeyError(f"None of [{key}] are in the [{axis_name}]")
KeyError: "None of [Index(['insurance'], dtype='object')] are in the [columns]"
2025-12-07 10:06:42,207 - src.read - INFO - Starting read() for type=csv, path=data/healthcare_dataset_dirty.csv
2025-12-07 10:06:42,207 - src.read - INFO - Reading CSV file from data/healthcare_dataset_dirty.csv
2025-12-07 10:06:42,513 - src.read - INFO - Successfully read CSV: 57166 rows x 15 columns
2025-12-07 10:06:42,513 - src.clean - INFO - Starting clean(): input df has 57166 rows x 15 columns
2025-12-07 10:06:43,030 - src.clean - INFO - Standardized string columns where present.
2025-12-07 10:06:43,071 - src.clean - WARNING - Column age: 285 value(s) could not be converted to numeric and were set to NaN
2025-12-07 10:06:43,166 - src.clean - INFO - Column billing_amount converted to numeric successfully.
2025-12-07 10:06:43,205 - src.clean - WARNING - Column room_number: 394 value(s) could not be converted to numeric and were set to NaN
2025-12-07 10:06:43,208 - src.clean - INFO - Age range before validation: min=0.0, max=150.0
2025-12-07 10:06:43,209 - src.clean - WARNING - Age: 144 value(s) outside valid range (0–120); setting to NA
2025-12-07 10:06:43,211 - src.clean - INFO - Room_number range before validation: min=101.0, max=500.0
2025-12-07 10:06:43,212 - src.clean - INFO - Rounded billing_amount to 2 decimal places.
2025-12-07 10:06:43,265 - src.clean - WARNING - Column date_of_admission: 2858 value(s) could not be parsed as datetime and were set to NaT
2025-12-07 10:06:43,281 - src.clean - WARNING - Column discharge_date: 2858 value(s) could not be parsed as datetime and were set to NaT
2025-12-07 10:06:43,281 - src.clean - INFO - clean() completed. Output df has 57166 rows x 16 columns
2025-12-07 10:06:43,282 - src.transform - INFO - Starting transform(): input df has 57166 rows x 16 columns
2025-12-07 10:06:43,610 - src.transform - INFO - Built people_df (no nulls): 46803 rows x 5 columns
2025-12-07 10:06:43,642 - src.transform - INFO - Built doctors_df (pre-hospital merge, no nulls) (no nulls): 48928 rows x 3 columns
2025-12-07 10:06:43,657 - src.transform - INFO - Built hospitals_df (no nulls) (no nulls): 37437 rows x 2 columns
2025-12-07 10:06:43,803 - src.transform - INFO - Updated doctors_df after hospital merge: 48928 rows x 4 columns
2025-12-07 10:06:43,817 - src.transform - INFO - Built conditions_df (no nulls): 6 rows x 2 columns
2025-12-07 10:06:43,820 - src.transform - ERROR - transform() failed.
Traceback (most recent call last):
  File "/Users/mattmurno/Desktop/Revature training files/etl_proj/src/transform.py", line 90, in transform
    insurance_df = build_dimension_df(df, "insurance")
                   ^^^^^^^^^^^^^^^^^^^^^^^^^^^^^^^^^^^
  File "/Users/mattmurno/Desktop/Revature training files/etl_proj/src/transform.py", line 27, in build_dimension_df
    source_df[all_cols]
    ~~~~~~~~~^^^^^^^^^^
  File "/Users/mattmurno/Desktop/Revature training files/etl_proj/venv/lib/python3.11/site-packages/pandas/core/frame.py", line 4119, in __getitem__
    indexer = self.columns._get_indexer_strict(key, "columns")[1]
              ^^^^^^^^^^^^^^^^^^^^^^^^^^^^^^^^^^^^^^^^^^^^^^^^
  File "/Users/mattmurno/Desktop/Revature training files/etl_proj/venv/lib/python3.11/site-packages/pandas/core/indexes/base.py", line 6212, in _get_indexer_strict
    self._raise_if_missing(keyarr, indexer, axis_name)
  File "/Users/mattmurno/Desktop/Revature training files/etl_proj/venv/lib/python3.11/site-packages/pandas/core/indexes/base.py", line 6261, in _raise_if_missing
    raise KeyError(f"None of [{key}] are in the [{axis_name}]")
KeyError: "None of [Index(['insurance'], dtype='object')] are in the [columns]"
2025-12-07 10:07:28,535 - src.read - INFO - Starting read() for type=csv, path=data/healthcare_dataset_dirty.csv
2025-12-07 10:07:28,536 - src.read - INFO - Reading CSV file from data/healthcare_dataset_dirty.csv
2025-12-07 10:07:28,905 - src.read - INFO - Successfully read CSV: 57166 rows x 15 columns
2025-12-07 10:07:28,905 - src.clean - INFO - Starting clean(): input df has 57166 rows x 15 columns
2025-12-07 10:07:29,325 - src.clean - INFO - Standardized string columns where present.
2025-12-07 10:07:29,363 - src.clean - WARNING - Column age: 285 value(s) could not be converted to numeric and were set to NaN
2025-12-07 10:07:29,464 - src.clean - INFO - Column billing_amount converted to numeric successfully.
2025-12-07 10:07:29,496 - src.clean - WARNING - Column room_number: 394 value(s) could not be converted to numeric and were set to NaN
2025-12-07 10:07:29,497 - src.clean - INFO - Age range before validation: min=0.0, max=150.0
2025-12-07 10:07:29,497 - src.clean - WARNING - Age: 144 value(s) outside valid range (0–120); setting to NA
2025-12-07 10:07:29,498 - src.clean - INFO - Room_number range before validation: min=101.0, max=500.0
2025-12-07 10:07:29,499 - src.clean - INFO - Rounded billing_amount to 2 decimal places.
2025-12-07 10:07:29,518 - src.clean - WARNING - Column date_of_admission: 2858 value(s) could not be parsed as datetime and were set to NaT
2025-12-07 10:07:29,538 - src.clean - WARNING - Column discharge_date: 2858 value(s) could not be parsed as datetime and were set to NaT
2025-12-07 10:07:29,538 - src.clean - INFO - clean() completed. Output df has 57166 rows x 16 columns
2025-12-07 10:07:29,538 - src.transform - INFO - Starting transform(): input df has 57166 rows x 16 columns
2025-12-07 10:07:29,860 - src.transform - INFO - Built people_df (no nulls): 46803 rows x 5 columns
2025-12-07 10:07:29,890 - src.transform - INFO - Built doctors_df (pre-hospital merge, no nulls) (no nulls): 48928 rows x 3 columns
2025-12-07 10:07:29,906 - src.transform - INFO - Built hospitals_df (no nulls) (no nulls): 37437 rows x 2 columns
2025-12-07 10:07:29,941 - src.transform - INFO - Updated doctors_df after hospital merge: 48928 rows x 4 columns
2025-12-07 10:07:29,957 - src.transform - INFO - Built conditions_df (no nulls): 6 rows x 2 columns
2025-12-07 10:07:29,958 - src.transform - ERROR - transform() failed.
Traceback (most recent call last):
  File "/Users/mattmurno/Desktop/Revature training files/etl_proj/src/transform.py", line 90, in transform
    insurance_df = build_dimension_df(df, "insurance")
                   ^^^^^^^^^^^^^^^^^^^^^^^^^^^^^^^^^^^
  File "/Users/mattmurno/Desktop/Revature training files/etl_proj/src/transform.py", line 27, in build_dimension_df
    source_df[all_cols]
    ~~~~~~~~~^^^^^^^^^^
  File "/Users/mattmurno/Desktop/Revature training files/etl_proj/venv/lib/python3.11/site-packages/pandas/core/frame.py", line 4119, in __getitem__
    indexer = self.columns._get_indexer_strict(key, "columns")[1]
              ^^^^^^^^^^^^^^^^^^^^^^^^^^^^^^^^^^^^^^^^^^^^^^^^
  File "/Users/mattmurno/Desktop/Revature training files/etl_proj/venv/lib/python3.11/site-packages/pandas/core/indexes/base.py", line 6212, in _get_indexer_strict
    self._raise_if_missing(keyarr, indexer, axis_name)
  File "/Users/mattmurno/Desktop/Revature training files/etl_proj/venv/lib/python3.11/site-packages/pandas/core/indexes/base.py", line 6261, in _raise_if_missing
    raise KeyError(f"None of [{key}] are in the [{axis_name}]")
KeyError: "None of [Index(['insurance'], dtype='object')] are in the [columns]"
2025-12-07 10:13:41,123 - src.read - INFO - Starting read() for type=csv, path=data/healthcare_dataset_dirty.csv
2025-12-07 10:13:41,124 - src.read - INFO - Reading CSV file from data/healthcare_dataset_dirty.csv
2025-12-07 10:13:41,374 - src.read - INFO - Successfully read CSV: 57166 rows x 15 columns
2025-12-07 10:13:41,374 - src.clean - INFO - Starting clean(): input df has 57166 rows x 15 columns
2025-12-07 10:13:41,880 - src.clean - INFO - Standardized string columns where present.
2025-12-07 10:13:41,921 - src.clean - WARNING - Column age: 285 value(s) could not be converted to numeric and were set to NaN
2025-12-07 10:13:42,013 - src.clean - INFO - Column billing_amount converted to numeric successfully.
2025-12-07 10:13:42,071 - src.clean - WARNING - Column room_number: 394 value(s) could not be converted to numeric and were set to NaN
2025-12-07 10:13:42,073 - src.clean - INFO - Age range before validation: min=0.0, max=150.0
2025-12-07 10:13:42,079 - src.clean - WARNING - Age: 144 value(s) outside valid range (0–120); setting to NA
2025-12-07 10:13:42,084 - src.clean - INFO - Room_number range before validation: min=101.0, max=500.0
2025-12-07 10:13:42,085 - src.clean - INFO - Rounded billing_amount to 2 decimal places.
2025-12-07 10:13:42,127 - src.clean - WARNING - Column date_of_admission: 2858 value(s) could not be parsed as datetime and were set to NaT
2025-12-07 10:13:42,142 - src.clean - WARNING - Column discharge_date: 2858 value(s) could not be parsed as datetime and were set to NaT
2025-12-07 10:13:42,143 - src.clean - INFO - clean() completed. Output df has 57166 rows x 16 columns
2025-12-07 10:13:42,143 - src.transform - INFO - Starting transform(): input df has 57166 rows x 16 columns
2025-12-07 10:13:42,425 - src.transform - INFO - Built people_df (no nulls): 46803 rows x 5 columns
2025-12-07 10:13:42,469 - src.transform - INFO - Built doctors_df (pre-hospital merge, no nulls) (no nulls): 48928 rows x 3 columns
2025-12-07 10:13:42,502 - src.transform - INFO - Built hospitals_df (no nulls) (no nulls): 37437 rows x 2 columns
2025-12-07 10:13:42,541 - src.transform - INFO - Updated doctors_df after hospital merge: 48928 rows x 4 columns
2025-12-07 10:13:42,558 - src.transform - INFO - Built conditions_df (no nulls): 6 rows x 2 columns
2025-12-07 10:13:42,590 - src.transform - INFO - Built insurance_df (no nulls): 6 rows x 2 columns
2025-12-07 10:13:42,596 - src.transform - WARNING - test_results_df: 2839 invalid or null result_label value(s) dropped before dimension build
2025-12-07 10:13:42,600 - src.transform - INFO - Built test_results_df (no nulls): 3 rows x 2 columns
2025-12-07 10:13:42,610 - src.transform - INFO - Built admission_types_df (no nulls): 3 rows x 2 columns
2025-12-07 10:13:43,138 - src.transform - INFO - Finished merges; df is now 57166 rows x 28 columns
2025-12-07 10:13:44,533 - src.transform - INFO - Built admissions_df: 27369 rows x 12 columns
2025-12-07 10:13:44,533 - src.transform - INFO - After reject split: 27369 valid admissions, 29797 rejected rows
2025-12-07 10:13:44,533 - src.transform - INFO - transform() completed successfully. Output tables: {'people': (46803, 5), 'doctors': (48928, 4), 'hospitals': (37437, 2), 'conditions': (6, 2), 'insurance': (6, 2), 'admission_types': (3, 2), 'test_results': (3, 2), 'admissions': (27369, 12), 'rejects': (29797, 16)}
2025-12-07 10:13:44,540 - src.load - INFO - Starting load()
2025-12-07 10:13:44,540 - src.load - INFO - Row counts - people=46803, hospitals=37437, doctors=48928, conditions=6, insurance=6, test_results=3, admission_types=3, admissions=27369, rejects=29797
2025-12-07 10:13:44,540 - src.load - INFO - Connecting to database...
2025-12-07 10:13:45,207 - src.load - INFO - Database connection established.
2025-12-07 10:13:45,211 - src.load - INFO - Tables created/verified successfully.
2025-12-07 10:13:45,211 - src.load - INFO - Truncating tables and resetting identities...
2025-12-07 10:13:45,288 - src.load - INFO - Tables truncated.
2025-12-07 10:13:45,288 - src.load - INFO - Starting insertion.
2025-12-07 10:13:54,970 - src.load - ERROR - Error in load() while working with the database.
Traceback (most recent call last):
  File "/Users/mattmurno/Desktop/Revature training files/etl_proj/src/load.py", line 188, in load
    cur.execute(
psycopg2.errors.NumericValueOutOfRange: integer out of range

2025-12-07 10:13:54,972 - src.load - INFO - Transaction rolled back due to error.
2025-12-07 10:13:54,973 - src.load - INFO - Database connection closed. End of load().
2025-12-07 10:16:18,635 - src.read - INFO - Starting read() for type=csv, path=data/healthcare_dataset_dirty.csv
2025-12-07 10:16:18,635 - src.read - INFO - Reading CSV file from data/healthcare_dataset_dirty.csv
2025-12-07 10:16:19,042 - src.read - INFO - Successfully read CSV: 57166 rows x 15 columns
2025-12-07 10:16:19,042 - src.clean - INFO - Starting clean(): input df has 57166 rows x 15 columns
2025-12-07 10:16:19,533 - src.clean - INFO - Standardized string columns where present.
2025-12-07 10:16:19,563 - src.clean - WARNING - Column age: 285 value(s) could not be converted to numeric and were set to NaN
2025-12-07 10:16:19,646 - src.clean - INFO - Column billing_amount converted to numeric successfully.
2025-12-07 10:16:19,679 - src.clean - WARNING - Column room_number: 394 value(s) could not be converted to numeric and were set to NaN
2025-12-07 10:16:19,682 - src.clean - INFO - Age range before validation: min=0.0, max=150.0
2025-12-07 10:16:19,683 - src.clean - WARNING - Age: 144 value(s) outside valid range (0–120); setting to NA
2025-12-07 10:16:19,685 - src.clean - INFO - Room_number range before validation: min=101.0, max=500.0
2025-12-07 10:16:19,687 - src.clean - INFO - Rounded billing_amount to 2 decimal places.
2025-12-07 10:16:19,731 - src.clean - WARNING - Column date_of_admission: 2858 value(s) could not be parsed as datetime and were set to NaT
2025-12-07 10:16:19,751 - src.clean - WARNING - Column discharge_date: 2858 value(s) could not be parsed as datetime and were set to NaT
2025-12-07 10:16:19,751 - src.clean - INFO - clean() completed. Output df has 57166 rows x 16 columns
2025-12-07 10:16:19,751 - src.transform - INFO - Starting transform(): input df has 57166 rows x 16 columns
2025-12-07 10:16:20,000 - src.transform - INFO - Built people_df (no nulls): 46803 rows x 5 columns
2025-12-07 10:16:20,198 - src.transform - INFO - Built doctors_df (pre-hospital merge, no nulls) (no nulls): 48928 rows x 3 columns
2025-12-07 10:16:20,239 - src.transform - INFO - Built hospitals_df (no nulls) (no nulls): 37437 rows x 2 columns
2025-12-07 10:16:20,275 - src.transform - INFO - Updated doctors_df after hospital merge: 48928 rows x 4 columns
2025-12-07 10:16:20,287 - src.transform - INFO - Built conditions_df (no nulls): 6 rows x 2 columns
2025-12-07 10:16:20,304 - src.transform - INFO - Built insurance_df (no nulls): 6 rows x 2 columns
2025-12-07 10:16:20,312 - src.transform - WARNING - test_results_df: 2839 invalid or null result_label value(s) dropped before dimension build
2025-12-07 10:16:20,321 - src.transform - INFO - Built test_results_df (no nulls): 3 rows x 2 columns
2025-12-07 10:16:20,338 - src.transform - INFO - Built admission_types_df (no nulls): 3 rows x 2 columns
2025-12-07 10:16:20,673 - src.transform - INFO - Finished merges; df is now 57166 rows x 28 columns
2025-12-07 10:16:22,063 - src.transform - INFO - Built admissions_df: 27369 rows x 12 columns
2025-12-07 10:16:22,064 - src.transform - INFO - After reject split: 27369 valid admissions, 29797 rejected rows
2025-12-07 10:16:22,064 - src.transform - INFO - transform() completed successfully. Output tables: {'people': (46803, 5), 'doctors': (48928, 4), 'hospitals': (37437, 2), 'conditions': (6, 2), 'insurance': (6, 2), 'admission_types': (3, 2), 'test_results': (3, 2), 'admissions': (27369, 12), 'rejects': (29797, 16)}
2025-12-07 10:16:22,072 - src.load - INFO - Starting load()
2025-12-07 10:16:22,072 - src.load - INFO - Row counts - people=46803, hospitals=37437, doctors=48928, conditions=6, insurance=6, test_results=3, admission_types=3, admissions=27369, rejects=29797
2025-12-07 10:16:22,072 - src.load - INFO - Connecting to database...
2025-12-07 10:16:22,258 - src.load - INFO - Database connection established.
2025-12-07 10:16:22,262 - src.load - INFO - Tables created/verified successfully.
2025-12-07 10:16:22,262 - src.load - INFO - Truncating tables and resetting identities...
2025-12-07 10:16:22,406 - src.load - INFO - Tables truncated.
2025-12-07 10:16:22,406 - src.load - INFO - Starting insertion.
2025-12-07 10:16:30,906 - src.load - ERROR - Error in load() while working with the database.
Traceback (most recent call last):
  File "/Users/mattmurno/Desktop/Revature training files/etl_proj/src/load.py", line 188, in load
    cur.execute(
psycopg2.errors.NumericValueOutOfRange: integer out of range

2025-12-07 10:16:30,908 - src.load - INFO - Transaction rolled back due to error.
2025-12-07 10:16:30,908 - src.load - INFO - Database connection closed. End of load().
2025-12-07 10:21:30,512 - src.read - INFO - Starting read() for type=csv, path=data/healthcare_dataset_dirty.csv
2025-12-07 10:21:30,513 - src.read - INFO - Reading CSV file from data/healthcare_dataset_dirty.csv
2025-12-07 10:21:30,942 - src.read - INFO - Successfully read CSV: 57166 rows x 15 columns
2025-12-07 10:21:30,942 - src.clean - INFO - Starting clean(): input df has 57166 rows x 15 columns
2025-12-07 10:21:31,484 - src.clean - INFO - Standardized string columns where present.
2025-12-07 10:21:31,517 - src.clean - WARNING - Column age: 285 value(s) could not be converted to numeric and were set to NaN
2025-12-07 10:21:31,718 - src.clean - INFO - Column billing_amount converted to numeric successfully.
2025-12-07 10:21:31,764 - src.clean - WARNING - Column room_number: 394 value(s) could not be converted to numeric and were set to NaN
2025-12-07 10:21:31,767 - src.clean - INFO - Age range before validation: min=0.0, max=150.0
2025-12-07 10:21:31,768 - src.clean - WARNING - Age: 144 value(s) outside valid range (0–120); setting to NA
2025-12-07 10:21:31,779 - src.clean - INFO - Room_number range before validation: min=101.0, max=500.0
2025-12-07 10:21:31,781 - src.clean - INFO - Rounded billing_amount to 2 decimal places.
2025-12-07 10:21:31,840 - src.clean - WARNING - Column date_of_admission: 2858 value(s) could not be parsed as datetime and were set to NaT
2025-12-07 10:21:31,861 - src.clean - WARNING - Column discharge_date: 2858 value(s) could not be parsed as datetime and were set to NaT
2025-12-07 10:21:31,862 - src.clean - INFO - clean() completed. Output df has 57166 rows x 16 columns
2025-12-07 10:21:31,864 - src.transform - INFO - Starting transform(): input df has 57166 rows x 16 columns
2025-12-07 10:21:32,135 - src.transform - INFO - Built people_df (no nulls): 46803 rows x 5 columns
2025-12-07 10:21:32,167 - src.transform - INFO - Built doctors_df (pre-hospital merge, no nulls) (no nulls): 48928 rows x 3 columns
2025-12-07 10:21:32,181 - src.transform - INFO - Built hospitals_df (no nulls) (no nulls): 37437 rows x 2 columns
2025-12-07 10:21:32,209 - src.transform - INFO - Updated doctors_df after hospital merge: 48928 rows x 4 columns
2025-12-07 10:21:32,220 - src.transform - INFO - Built conditions_df (no nulls): 6 rows x 2 columns
2025-12-07 10:21:32,230 - src.transform - INFO - Built insurance_df (no nulls): 6 rows x 2 columns
2025-12-07 10:21:32,236 - src.transform - WARNING - test_results_df: 2839 invalid or null result_label value(s) dropped before dimension build
2025-12-07 10:21:32,241 - src.transform - INFO - Built test_results_df (no nulls): 3 rows x 2 columns
2025-12-07 10:21:32,252 - src.transform - INFO - Built admission_types_df (no nulls): 3 rows x 2 columns
2025-12-07 10:21:32,746 - src.transform - INFO - Finished merges; df is now 57166 rows x 28 columns
2025-12-07 10:21:34,378 - src.transform - INFO - Built admissions_df: 27369 rows x 12 columns
2025-12-07 10:21:34,379 - src.transform - INFO - After reject split: 27369 valid admissions, 29797 rejected rows
2025-12-07 10:21:34,379 - src.transform - INFO - transform() completed successfully. Output tables: {'people': (46803, 5), 'doctors': (48928, 4), 'hospitals': (37437, 2), 'conditions': (6, 2), 'insurance': (6, 2), 'admission_types': (3, 2), 'test_results': (3, 2), 'admissions': (27369, 12), 'rejects': (29797, 16)}
2025-12-07 10:21:34,386 - src.load - INFO - Starting load()
2025-12-07 10:21:34,386 - src.load - INFO - Row counts - people=46803, hospitals=37437, doctors=48928, conditions=6, insurance=6, test_results=3, admission_types=3, admissions=27369, rejects=29797
2025-12-07 10:21:34,387 - src.load - INFO - Connecting to database...
2025-12-07 10:21:34,469 - src.load - INFO - Database connection established.
2025-12-07 10:21:34,474 - src.load - INFO - Tables created/verified successfully.
2025-12-07 10:21:34,474 - src.load - INFO - Truncating tables and resetting identities...
2025-12-07 10:21:34,544 - src.load - INFO - Tables truncated.
2025-12-07 10:21:34,545 - src.load - INFO - Starting insertion.
2025-12-07 10:21:43,504 - src.load - ERROR - Error in load() while working with the database.
Traceback (most recent call last):
  File "/Users/mattmurno/Desktop/Revature training files/etl_proj/src/load.py", line 188, in load
    cur.execute(
psycopg2.errors.NumericValueOutOfRange: integer out of range

2025-12-07 10:21:43,506 - src.load - INFO - Transaction rolled back due to error.
2025-12-07 10:21:43,507 - src.load - INFO - Database connection closed. End of load().
2025-12-07 10:30:09,671 - src.read - INFO - Starting read() for type=csv, path=data/healthcare_dataset_dirty.csv
2025-12-07 10:30:09,672 - src.read - INFO - Reading CSV file from data/healthcare_dataset_dirty.csv
2025-12-07 10:30:10,140 - src.read - INFO - Successfully read CSV: 57166 rows x 15 columns
2025-12-07 10:30:10,140 - src.clean - INFO - Starting clean(): input df has 57166 rows x 15 columns
2025-12-07 10:30:10,613 - src.clean - INFO - Standardized string columns where present.
2025-12-07 10:30:10,748 - src.clean - WARNING - Column age: 285 value(s) could not be converted to numeric and were set to NaN
2025-12-07 10:30:10,909 - src.clean - INFO - Column billing_amount converted to numeric successfully.
2025-12-07 10:30:11,027 - src.clean - WARNING - Column room_number: 394 value(s) could not be converted to numeric and were set to NaN
2025-12-07 10:30:11,030 - src.clean - INFO - Age range before validation: min=0.0, max=150.0
2025-12-07 10:30:11,032 - src.clean - WARNING - Age: 144 value(s) outside valid range (0–120); setting to NA
2025-12-07 10:30:11,036 - src.clean - INFO - Room_number range before validation: min=101.0, max=500.0
2025-12-07 10:30:11,038 - src.clean - INFO - Rounded billing_amount to 2 decimal places.
2025-12-07 10:30:11,088 - src.clean - WARNING - Column date_of_admission: 2858 value(s) could not be parsed as datetime and were set to NaT
2025-12-07 10:30:11,113 - src.clean - WARNING - Column discharge_date: 2858 value(s) could not be parsed as datetime and were set to NaT
2025-12-07 10:30:11,115 - src.clean - INFO - clean() completed. Output df has 57166 rows x 16 columns
2025-12-07 10:30:11,115 - src.transform - INFO - Starting transform(): input df has 57166 rows x 16 columns
2025-12-07 10:30:11,401 - src.transform - INFO - Built people_df (no nulls): 46803 rows x 5 columns
2025-12-07 10:30:11,418 - src.transform - INFO - Built hospitals_df (no nulls) (no nulls): 39007 rows x 2 columns
2025-12-07 10:30:11,453 - src.transform - INFO - Built doctors_df (with raw hospital) (no nulls): 48928 rows x 3 columns
2025-12-07 10:30:11,486 - src.transform - INFO - Updated doctors_df after hospital merge: 46283 rows x 3 columns
2025-12-07 10:30:11,506 - src.transform - INFO - Built conditions_df (no nulls): 6 rows x 2 columns
2025-12-07 10:30:11,523 - src.transform - INFO - Built insurance_df (no nulls): 6 rows x 2 columns
2025-12-07 10:30:11,539 - src.transform - WARNING - test_results_df: 2839 invalid or null result_label value(s) dropped before dimension build
2025-12-07 10:30:11,562 - src.transform - INFO - Built test_results_df (no nulls): 3 rows x 2 columns
2025-12-07 10:30:11,803 - src.transform - INFO - Built admission_types_df (no nulls): 3 rows x 2 columns
2025-12-07 10:30:11,982 - src.transform - ERROR - transform() failed.
Traceback (most recent call last):
  File "/Users/mattmurno/Desktop/Revature training files/etl_proj/src/transform.py", line 166, in transform
    doctors_df[["doctor_name", "hospital_name", "doctor_id"]],
    ~~~~~~~~~~^^^^^^^^^^^^^^^^^^^^^^^^^^^^^^^^^^^^^^^^^^^^^^^
  File "/Users/mattmurno/Desktop/Revature training files/etl_proj/venv/lib/python3.11/site-packages/pandas/core/frame.py", line 4119, in __getitem__
    indexer = self.columns._get_indexer_strict(key, "columns")[1]
              ^^^^^^^^^^^^^^^^^^^^^^^^^^^^^^^^^^^^^^^^^^^^^^^^
  File "/Users/mattmurno/Desktop/Revature training files/etl_proj/venv/lib/python3.11/site-packages/pandas/core/indexes/base.py", line 6212, in _get_indexer_strict
    self._raise_if_missing(keyarr, indexer, axis_name)
  File "/Users/mattmurno/Desktop/Revature training files/etl_proj/venv/lib/python3.11/site-packages/pandas/core/indexes/base.py", line 6264, in _raise_if_missing
    raise KeyError(f"{not_found} not in index")
KeyError: "['hospital_name'] not in index"
2025-12-07 10:31:25,105 - src.read - INFO - Starting read() for type=csv, path=data/healthcare_dataset_dirty.csv
2025-12-07 10:31:25,106 - src.read - INFO - Reading CSV file from data/healthcare_dataset_dirty.csv
2025-12-07 10:31:25,377 - src.read - INFO - Successfully read CSV: 57166 rows x 15 columns
2025-12-07 10:31:25,377 - src.clean - INFO - Starting clean(): input df has 57166 rows x 15 columns
2025-12-07 10:31:25,859 - src.clean - INFO - Standardized string columns where present.
2025-12-07 10:31:25,892 - src.clean - WARNING - Column age: 285 value(s) could not be converted to numeric and were set to NaN
2025-12-07 10:31:26,034 - src.clean - INFO - Column billing_amount converted to numeric successfully.
2025-12-07 10:31:26,070 - src.clean - WARNING - Column room_number: 394 value(s) could not be converted to numeric and were set to NaN
2025-12-07 10:31:26,071 - src.clean - INFO - Age range before validation: min=0.0, max=150.0
2025-12-07 10:31:26,073 - src.clean - WARNING - Age: 144 value(s) outside valid range (0–120); setting to NA
2025-12-07 10:31:26,075 - src.clean - INFO - Room_number range before validation: min=101.0, max=500.0
2025-12-07 10:31:26,077 - src.clean - INFO - Rounded billing_amount to 2 decimal places.
2025-12-07 10:31:26,101 - src.clean - WARNING - Column date_of_admission: 2858 value(s) could not be parsed as datetime and were set to NaT
2025-12-07 10:31:26,118 - src.clean - WARNING - Column discharge_date: 2858 value(s) could not be parsed as datetime and were set to NaT
2025-12-07 10:31:26,119 - src.clean - INFO - clean() completed. Output df has 57166 rows x 16 columns
2025-12-07 10:31:26,119 - src.transform - INFO - Starting transform(): input df has 57166 rows x 16 columns
2025-12-07 10:31:26,437 - src.transform - INFO - Built people_df (no nulls): 46803 rows x 5 columns
2025-12-07 10:31:26,472 - src.transform - INFO - Built doctors_df (pre-hospital merge, no nulls) (no nulls): 48928 rows x 3 columns
2025-12-07 10:31:26,487 - src.transform - INFO - Built hospitals_df (no nulls) (no nulls): 37437 rows x 2 columns
2025-12-07 10:31:26,630 - src.transform - INFO - Updated doctors_df after hospital merge: 48928 rows x 4 columns
2025-12-07 10:31:26,642 - src.transform - INFO - Built conditions_df (no nulls): 6 rows x 2 columns
2025-12-07 10:31:26,653 - src.transform - INFO - Built insurance_df (no nulls): 6 rows x 2 columns
2025-12-07 10:31:26,660 - src.transform - WARNING - test_results_df: 2839 invalid or null result_label value(s) dropped before dimension build
2025-12-07 10:31:26,690 - src.transform - INFO - Built test_results_df (no nulls): 3 rows x 2 columns
2025-12-07 10:31:26,704 - src.transform - INFO - Built admission_types_df (no nulls): 3 rows x 2 columns
2025-12-07 10:31:27,073 - src.transform - INFO - Finished merges; df is now 57166 rows x 28 columns
2025-12-07 10:31:28,350 - src.transform - INFO - Built admissions_df: 27369 rows x 12 columns
2025-12-07 10:31:28,350 - src.transform - INFO - After reject split: 27369 valid admissions, 29797 rejected rows
2025-12-07 10:31:28,350 - src.transform - INFO - transform() completed successfully. Output tables: {'people': (46803, 5), 'doctors': (48928, 4), 'hospitals': (37437, 2), 'conditions': (6, 2), 'insurance': (6, 2), 'admission_types': (3, 2), 'test_results': (3, 2), 'admissions': (27369, 12), 'rejects': (29797, 16)}
2025-12-07 10:31:28,358 - src.load - INFO - Starting load()
2025-12-07 10:31:28,358 - src.load - INFO - Row counts - people=46803, hospitals=37437, doctors=48928, conditions=6, insurance=6, test_results=3, admission_types=3, admissions=27369, rejects=29797
2025-12-07 10:31:28,358 - src.load - INFO - Connecting to database...
2025-12-07 10:31:28,443 - src.load - INFO - Database connection established.
2025-12-07 10:31:28,446 - src.load - INFO - Tables created/verified successfully.
2025-12-07 10:31:28,446 - src.load - INFO - Truncating tables and resetting identities...
2025-12-07 10:31:28,503 - src.load - INFO - Tables truncated.
2025-12-07 10:31:28,503 - src.load - INFO - Starting insertion.
2025-12-07 10:31:42,009 - src.load - ERROR - Error in load() while working with the database.
Traceback (most recent call last):
  File "/Users/mattmurno/Desktop/Revature training files/etl_proj/src/load.py", line 188, in load
    cur.execute(
psycopg2.errors.NumericValueOutOfRange: integer out of range

2025-12-07 10:31:42,012 - src.load - INFO - Transaction rolled back due to error.
2025-12-07 10:31:42,012 - src.load - INFO - Database connection closed. End of load().
2025-12-07 10:31:53,024 - src.read - INFO - Starting read() for type=csv, path=data/healthcare_dataset_dirty.csv
2025-12-07 10:31:53,024 - src.read - INFO - Reading CSV file from data/healthcare_dataset_dirty.csv
2025-12-07 10:31:53,229 - src.read - INFO - Successfully read CSV: 57166 rows x 15 columns
2025-12-07 10:31:53,229 - src.clean - INFO - Starting clean(): input df has 57166 rows x 15 columns
2025-12-07 10:31:53,684 - src.clean - INFO - Standardized string columns where present.
2025-12-07 10:31:53,713 - src.clean - WARNING - Column age: 285 value(s) could not be converted to numeric and were set to NaN
2025-12-07 10:31:53,901 - src.clean - INFO - Column billing_amount converted to numeric successfully.
2025-12-07 10:31:53,961 - src.clean - WARNING - Column room_number: 394 value(s) could not be converted to numeric and were set to NaN
2025-12-07 10:31:53,965 - src.clean - INFO - Age range before validation: min=0.0, max=150.0
2025-12-07 10:31:53,967 - src.clean - WARNING - Age: 144 value(s) outside valid range (0–120); setting to NA
2025-12-07 10:31:53,968 - src.clean - INFO - Room_number range before validation: min=101.0, max=500.0
2025-12-07 10:31:53,969 - src.clean - INFO - Rounded billing_amount to 2 decimal places.
2025-12-07 10:31:54,021 - src.clean - WARNING - Column date_of_admission: 2858 value(s) could not be parsed as datetime and were set to NaT
2025-12-07 10:31:54,073 - src.clean - WARNING - Column discharge_date: 2858 value(s) could not be parsed as datetime and were set to NaT
2025-12-07 10:31:54,073 - src.clean - INFO - clean() completed. Output df has 57166 rows x 16 columns
2025-12-07 10:31:54,074 - src.transform - INFO - Starting transform(): input df has 57166 rows x 16 columns
2025-12-07 10:31:54,582 - src.transform - INFO - Built people_df (no nulls): 46803 rows x 5 columns
2025-12-07 10:31:54,664 - src.transform - INFO - Built doctors_df (pre-hospital merge, no nulls) (no nulls): 48928 rows x 3 columns
2025-12-07 10:31:54,704 - src.transform - INFO - Built hospitals_df (no nulls) (no nulls): 37437 rows x 2 columns
2025-12-07 10:31:54,743 - src.transform - INFO - Updated doctors_df after hospital merge: 48928 rows x 4 columns
2025-12-07 10:31:54,772 - src.transform - INFO - Built conditions_df (no nulls): 6 rows x 2 columns
2025-12-07 10:31:54,785 - src.transform - INFO - Built insurance_df (no nulls): 6 rows x 2 columns
2025-12-07 10:31:54,793 - src.transform - WARNING - test_results_df: 2839 invalid or null result_label value(s) dropped before dimension build
2025-12-07 10:31:54,799 - src.transform - INFO - Built test_results_df (no nulls): 3 rows x 2 columns
2025-12-07 10:31:54,813 - src.transform - INFO - Built admission_types_df (no nulls): 3 rows x 2 columns
2025-12-07 10:31:55,228 - src.transform - INFO - Finished merges; df is now 57166 rows x 28 columns
2025-12-07 10:31:56,919 - src.transform - INFO - Built admissions_df: 27369 rows x 12 columns
2025-12-07 10:31:56,920 - src.transform - INFO - After reject split: 27369 valid admissions, 29797 rejected rows
2025-12-07 10:31:56,920 - src.transform - INFO - transform() completed successfully. Output tables: {'people': (46803, 5), 'doctors': (48928, 4), 'hospitals': (37437, 2), 'conditions': (6, 2), 'insurance': (6, 2), 'admission_types': (3, 2), 'test_results': (3, 2), 'admissions': (27369, 12), 'rejects': (29797, 16)}
2025-12-07 10:31:56,928 - src.load - INFO - Starting load()
2025-12-07 10:31:56,928 - src.load - INFO - Row counts - people=46803, hospitals=37437, doctors=48928, conditions=6, insurance=6, test_results=3, admission_types=3, admissions=27369, rejects=29797
2025-12-07 10:31:56,928 - src.load - INFO - Connecting to database...
2025-12-07 10:31:57,009 - src.load - INFO - Database connection established.
2025-12-07 10:31:57,014 - src.load - INFO - Tables created/verified successfully.
2025-12-07 10:31:57,014 - src.load - INFO - Truncating tables and resetting identities...
2025-12-07 10:31:57,069 - src.load - INFO - Tables truncated.
2025-12-07 10:31:57,069 - src.load - INFO - Starting insertion.
2025-12-07 10:32:11,693 - src.load - ERROR - Error in load() while working with the database.
Traceback (most recent call last):
  File "/Users/mattmurno/Desktop/Revature training files/etl_proj/src/load.py", line 188, in load
    cur.execute(
psycopg2.errors.NumericValueOutOfRange: integer out of range

2025-12-07 10:32:11,712 - src.load - INFO - Transaction rolled back due to error.
2025-12-07 10:32:11,713 - src.load - INFO - Database connection closed. End of load().
2025-12-07 10:38:18,221 - src.read - INFO - Starting read() for type=csv, path=data/healthcare_dataset_dirty.csv
2025-12-07 10:38:18,221 - src.read - INFO - Reading CSV file from data/healthcare_dataset_dirty.csv
2025-12-07 10:38:18,457 - src.read - INFO - Successfully read CSV: 57166 rows x 15 columns
2025-12-07 10:38:18,457 - src.clean - INFO - Starting clean(): input df has 57166 rows x 15 columns
2025-12-07 10:38:18,916 - src.clean - INFO - Standardized string columns where present.
2025-12-07 10:38:18,953 - src.clean - WARNING - Column age: 285 value(s) could not be converted to numeric and were set to NaN
2025-12-07 10:38:19,071 - src.clean - INFO - Column billing_amount converted to numeric successfully.
2025-12-07 10:38:19,125 - src.clean - WARNING - Column room_number: 394 value(s) could not be converted to numeric and were set to NaN
2025-12-07 10:38:19,126 - src.clean - INFO - Age range before validation: min=0.0, max=150.0
2025-12-07 10:38:19,127 - src.clean - WARNING - Age: 144 value(s) outside valid range (0–120); setting to NA
2025-12-07 10:38:19,128 - src.clean - INFO - Room_number range before validation: min=101.0, max=500.0
2025-12-07 10:38:19,129 - src.clean - INFO - Rounded billing_amount to 2 decimal places.
2025-12-07 10:38:19,149 - src.clean - WARNING - Column date_of_admission: 2858 value(s) could not be parsed as datetime and were set to NaT
2025-12-07 10:38:19,165 - src.clean - WARNING - Column discharge_date: 2858 value(s) could not be parsed as datetime and were set to NaT
2025-12-07 10:38:19,165 - src.clean - INFO - clean() completed. Output df has 57166 rows x 16 columns
2025-12-07 10:38:19,165 - src.transform - INFO - Starting transform(): input df has 57166 rows x 16 columns
2025-12-07 10:38:19,427 - src.transform - INFO - Built people_df (no nulls): 46803 rows x 5 columns
2025-12-07 10:38:19,474 - src.transform - INFO - Built doctors_df (pre-hospital merge, no nulls) (no nulls): 48928 rows x 3 columns
2025-12-07 10:38:19,657 - src.transform - INFO - Built hospitals_df (no nulls) (no nulls): 37437 rows x 2 columns
2025-12-07 10:38:19,737 - src.transform - INFO - Updated doctors_df after hospital merge: 48928 rows x 4 columns
2025-12-07 10:38:19,758 - src.transform - INFO - Built conditions_df (no nulls): 6 rows x 2 columns
2025-12-07 10:38:19,779 - src.transform - INFO - Built insurance_df (no nulls): 6 rows x 2 columns
2025-12-07 10:38:19,798 - src.transform - WARNING - test_results_df: 2839 invalid or null result_label value(s) dropped before dimension build
2025-12-07 10:38:19,808 - src.transform - INFO - Built test_results_df (no nulls): 3 rows x 2 columns
2025-12-07 10:38:19,831 - src.transform - INFO - Built admission_types_df (no nulls): 3 rows x 2 columns
2025-12-07 10:38:20,409 - src.transform - INFO - Finished merges; df is now 57166 rows x 28 columns
2025-12-07 10:38:21,717 - src.transform - INFO - Built admissions_df: 27369 rows x 12 columns
2025-12-07 10:38:21,717 - src.transform - INFO - After reject split: 27369 valid admissions, 29797 rejected rows
2025-12-07 10:38:21,717 - src.transform - INFO - transform() completed successfully. Output tables: {'people': (46803, 5), 'doctors': (48928, 4), 'hospitals': (37437, 2), 'conditions': (6, 2), 'insurance': (6, 2), 'admission_types': (3, 2), 'test_results': (3, 2), 'admissions': (27369, 12), 'rejects': (29797, 16)}
2025-12-07 10:38:21,724 - src.load - INFO - Starting load()
2025-12-07 10:38:21,725 - src.load - INFO - Row counts - people=46803, hospitals=37437, doctors=48928, conditions=6, insurance=6, test_results=3, admission_types=3, admissions=27369, rejects=29797
2025-12-07 10:38:21,725 - src.load - INFO - Connecting to database...
2025-12-07 10:38:21,831 - src.load - INFO - Database connection established.
2025-12-07 10:38:21,834 - src.load - INFO - Tables created/verified successfully.
2025-12-07 10:38:21,835 - src.load - INFO - Truncating tables and resetting identities...
2025-12-07 10:38:21,891 - src.load - INFO - Tables truncated.
2025-12-07 10:38:21,891 - src.load - INFO - Starting insertion.
2025-12-07 10:38:35,749 - src.load - ERROR - Error in load() while working with the database.
Traceback (most recent call last):
  File "/Users/mattmurno/Desktop/Revature training files/etl_proj/src/load.py", line 188, in load
    cur.execute(
psycopg2.errors.NumericValueOutOfRange: integer out of range

2025-12-07 10:38:35,765 - src.load - INFO - Transaction rolled back due to error.
2025-12-07 10:38:35,765 - src.load - INFO - Database connection closed. End of load().
2025-12-07 10:40:48,925 - src.read - INFO - Starting read() for type=csv, path=data/healthcare_dataset_dirty.csv
2025-12-07 10:40:48,926 - src.read - INFO - Reading CSV file from data/healthcare_dataset_dirty.csv
2025-12-07 10:40:49,230 - src.read - INFO - Successfully read CSV: 57166 rows x 15 columns
2025-12-07 10:40:49,230 - src.clean - INFO - Starting clean(): input df has 57166 rows x 15 columns
2025-12-07 10:40:49,875 - src.clean - INFO - Standardized string columns where present.
2025-12-07 10:40:49,919 - src.clean - WARNING - Column age: 285 value(s) could not be converted to numeric and were set to NaN
2025-12-07 10:40:50,019 - src.clean - INFO - Column billing_amount converted to numeric successfully.
2025-12-07 10:40:50,056 - src.clean - WARNING - Column room_number: 394 value(s) could not be converted to numeric and were set to NaN
2025-12-07 10:40:50,057 - src.clean - INFO - Age range before validation: min=0.0, max=150.0
2025-12-07 10:40:50,058 - src.clean - WARNING - Age: 144 value(s) outside valid range (0–120); setting to NA
2025-12-07 10:40:50,059 - src.clean - INFO - Room_number range before validation: min=101.0, max=500.0
2025-12-07 10:40:50,064 - src.clean - INFO - Rounded billing_amount to 2 decimal places.
2025-12-07 10:40:50,085 - src.clean - WARNING - Column date_of_admission: 2858 value(s) could not be parsed as datetime and were set to NaT
2025-12-07 10:40:50,101 - src.clean - WARNING - Column discharge_date: 2858 value(s) could not be parsed as datetime and were set to NaT
2025-12-07 10:40:50,101 - src.clean - INFO - clean() completed. Output df has 57166 rows x 16 columns
2025-12-07 10:40:50,102 - src.transform - INFO - Starting transform(): input df has 57166 rows x 16 columns
2025-12-07 10:40:50,368 - src.transform - INFO - Built people_df (no nulls): 46803 rows x 5 columns
2025-12-07 10:40:50,401 - src.transform - INFO - Built doctors_df (pre-hospital merge, no nulls) (no nulls): 48928 rows x 3 columns
2025-12-07 10:40:50,421 - src.transform - INFO - Built hospitals_df (no nulls) (no nulls): 37437 rows x 2 columns
2025-12-07 10:40:50,477 - src.transform - INFO - Built conditions_df (no nulls): 6 rows x 2 columns
2025-12-07 10:40:50,488 - src.transform - INFO - Built insurance_df (no nulls): 6 rows x 2 columns
2025-12-07 10:40:50,501 - src.transform - WARNING - test_results_df: 2839 invalid or null result_label value(s) dropped before dimension build
2025-12-07 10:40:50,520 - src.transform - INFO - Built test_results_df (no nulls): 3 rows x 2 columns
2025-12-07 10:40:50,623 - src.transform - INFO - Built admission_types_df (no nulls): 3 rows x 2 columns
2025-12-07 10:40:50,760 - src.transform - ERROR - transform() failed.
Traceback (most recent call last):
  File "/Users/mattmurno/Desktop/Revature training files/etl_proj/src/transform.py", line 159, in transform
    doctors_df[["doctor_name", "hospital_name", "doctor_id"]],
    ~~~~~~~~~~^^^^^^^^^^^^^^^^^^^^^^^^^^^^^^^^^^^^^^^^^^^^^^^
  File "/Users/mattmurno/Desktop/Revature training files/etl_proj/venv/lib/python3.11/site-packages/pandas/core/frame.py", line 4119, in __getitem__
    indexer = self.columns._get_indexer_strict(key, "columns")[1]
              ^^^^^^^^^^^^^^^^^^^^^^^^^^^^^^^^^^^^^^^^^^^^^^^^
  File "/Users/mattmurno/Desktop/Revature training files/etl_proj/venv/lib/python3.11/site-packages/pandas/core/indexes/base.py", line 6212, in _get_indexer_strict
    self._raise_if_missing(keyarr, indexer, axis_name)
  File "/Users/mattmurno/Desktop/Revature training files/etl_proj/venv/lib/python3.11/site-packages/pandas/core/indexes/base.py", line 6264, in _raise_if_missing
    raise KeyError(f"{not_found} not in index")
KeyError: "['hospital_name'] not in index"
2025-12-07 10:41:08,526 - src.read - INFO - Starting read() for type=csv, path=data/healthcare_dataset_dirty.csv
2025-12-07 10:41:08,526 - src.read - INFO - Reading CSV file from data/healthcare_dataset_dirty.csv
2025-12-07 10:41:08,775 - src.read - INFO - Successfully read CSV: 57166 rows x 15 columns
2025-12-07 10:41:08,776 - src.clean - INFO - Starting clean(): input df has 57166 rows x 15 columns
2025-12-07 10:41:09,273 - src.clean - INFO - Standardized string columns where present.
2025-12-07 10:41:09,302 - src.clean - WARNING - Column age: 285 value(s) could not be converted to numeric and were set to NaN
2025-12-07 10:41:09,387 - src.clean - INFO - Column billing_amount converted to numeric successfully.
2025-12-07 10:41:09,431 - src.clean - WARNING - Column room_number: 394 value(s) could not be converted to numeric and were set to NaN
2025-12-07 10:41:09,432 - src.clean - INFO - Age range before validation: min=0.0, max=150.0
2025-12-07 10:41:09,434 - src.clean - WARNING - Age: 144 value(s) outside valid range (0–120); setting to NA
2025-12-07 10:41:09,436 - src.clean - INFO - Room_number range before validation: min=101.0, max=500.0
2025-12-07 10:41:09,437 - src.clean - INFO - Rounded billing_amount to 2 decimal places.
2025-12-07 10:41:09,466 - src.clean - WARNING - Column date_of_admission: 2858 value(s) could not be parsed as datetime and were set to NaT
2025-12-07 10:41:09,505 - src.clean - WARNING - Column discharge_date: 2858 value(s) could not be parsed as datetime and were set to NaT
2025-12-07 10:41:09,506 - src.clean - INFO - clean() completed. Output df has 57166 rows x 16 columns
2025-12-07 10:41:09,507 - src.transform - INFO - Starting transform(): input df has 57166 rows x 16 columns
2025-12-07 10:41:09,789 - src.transform - INFO - Built people_df (no nulls): 46803 rows x 5 columns
2025-12-07 10:41:09,823 - src.transform - INFO - Built doctors_df (pre-hospital merge, no nulls) (no nulls): 48928 rows x 3 columns
2025-12-07 10:41:09,839 - src.transform - INFO - Built hospitals_df (no nulls) (no nulls): 37437 rows x 2 columns
2025-12-07 10:41:09,840 - src.transform - ERROR - transform() failed.
Traceback (most recent call last):
  File "/Users/mattmurno/Desktop/Revature training files/etl_proj/src/config.py", line 43, in get_schema
    return CONFIG["schemas"][table_name]
           ~~~~~~~~~~~~~~~~~^^^^^^^^^^^^
KeyError: 'hospital'

During handling of the above exception, another exception occurred:

Traceback (most recent call last):
  File "/Users/mattmurno/Desktop/Revature training files/etl_proj/src/transform.py", line 76, in transform
    hosp_pk_col, _ = get_pk_column_and_type("hospital")
                     ^^^^^^^^^^^^^^^^^^^^^^^^^^^^^^^^^^
  File "/Users/mattmurno/Desktop/Revature training files/etl_proj/src/config.py", line 80, in get_pk_column_and_type
    cols = get_table_columns(table_name)
           ^^^^^^^^^^^^^^^^^^^^^^^^^^^^^
  File "/Users/mattmurno/Desktop/Revature training files/etl_proj/src/config.py", line 48, in get_table_columns
    schema = get_schema(table_name)
             ^^^^^^^^^^^^^^^^^^^^^^
  File "/Users/mattmurno/Desktop/Revature training files/etl_proj/src/config.py", line 45, in get_schema
    raise KeyError(f"Schema not found for table={table_name!r}")
KeyError: "Schema not found for table='hospital'"
2025-12-07 10:41:20,097 - src.read - INFO - Starting read() for type=csv, path=data/healthcare_dataset_dirty.csv
2025-12-07 10:41:20,097 - src.read - INFO - Reading CSV file from data/healthcare_dataset_dirty.csv
2025-12-07 10:41:20,316 - src.read - INFO - Successfully read CSV: 57166 rows x 15 columns
2025-12-07 10:41:20,316 - src.clean - INFO - Starting clean(): input df has 57166 rows x 15 columns
2025-12-07 10:41:20,729 - src.clean - INFO - Standardized string columns where present.
2025-12-07 10:41:20,798 - src.clean - WARNING - Column age: 285 value(s) could not be converted to numeric and were set to NaN
2025-12-07 10:41:20,892 - src.clean - INFO - Column billing_amount converted to numeric successfully.
2025-12-07 10:41:20,921 - src.clean - WARNING - Column room_number: 394 value(s) could not be converted to numeric and were set to NaN
2025-12-07 10:41:20,922 - src.clean - INFO - Age range before validation: min=0.0, max=150.0
2025-12-07 10:41:20,922 - src.clean - WARNING - Age: 144 value(s) outside valid range (0–120); setting to NA
2025-12-07 10:41:20,923 - src.clean - INFO - Room_number range before validation: min=101.0, max=500.0
2025-12-07 10:41:20,924 - src.clean - INFO - Rounded billing_amount to 2 decimal places.
2025-12-07 10:41:20,942 - src.clean - WARNING - Column date_of_admission: 2858 value(s) could not be parsed as datetime and were set to NaT
2025-12-07 10:41:20,961 - src.clean - WARNING - Column discharge_date: 2858 value(s) could not be parsed as datetime and were set to NaT
2025-12-07 10:41:20,961 - src.clean - INFO - clean() completed. Output df has 57166 rows x 16 columns
2025-12-07 10:41:20,961 - src.transform - INFO - Starting transform(): input df has 57166 rows x 16 columns
2025-12-07 10:41:21,235 - src.transform - INFO - Built people_df (no nulls): 46803 rows x 5 columns
2025-12-07 10:41:21,272 - src.transform - INFO - Built doctors_df (pre-hospital merge, no nulls) (no nulls): 48928 rows x 3 columns
2025-12-07 10:41:21,290 - src.transform - INFO - Built hospitals_df (no nulls) (no nulls): 37437 rows x 2 columns
2025-12-07 10:41:21,291 - src.transform - ERROR - transform() failed.
Traceback (most recent call last):
  File "/Users/mattmurno/Desktop/Revature training files/etl_proj/src/transform.py", line 78, in transform
    doctors_df = doctors_df.merge(
                 ^^^^^^^^^^^^^^^^^
  File "/Users/mattmurno/Desktop/Revature training files/etl_proj/venv/lib/python3.11/site-packages/pandas/core/frame.py", line 10859, in merge
    return merge(
           ^^^^^^
  File "/Users/mattmurno/Desktop/Revature training files/etl_proj/venv/lib/python3.11/site-packages/pandas/core/reshape/merge.py", line 170, in merge
    op = _MergeOperation(
         ^^^^^^^^^^^^^^^^
  File "/Users/mattmurno/Desktop/Revature training files/etl_proj/venv/lib/python3.11/site-packages/pandas/core/reshape/merge.py", line 794, in __init__
    ) = self._get_merge_keys()
        ^^^^^^^^^^^^^^^^^^^^^^
  File "/Users/mattmurno/Desktop/Revature training files/etl_proj/venv/lib/python3.11/site-packages/pandas/core/reshape/merge.py", line 1298, in _get_merge_keys
    right_keys.append(right._get_label_or_level_values(rk))
                      ^^^^^^^^^^^^^^^^^^^^^^^^^^^^^^^^^^^^
  File "/Users/mattmurno/Desktop/Revature training files/etl_proj/venv/lib/python3.11/site-packages/pandas/core/generic.py", line 1914, in _get_label_or_level_values
    raise KeyError(key)
KeyError: 'hospital'
2025-12-07 10:41:38,459 - src.read - INFO - Starting read() for type=csv, path=data/healthcare_dataset_dirty.csv
2025-12-07 10:41:38,459 - src.read - INFO - Reading CSV file from data/healthcare_dataset_dirty.csv
2025-12-07 10:41:38,950 - src.read - INFO - Successfully read CSV: 57166 rows x 15 columns
2025-12-07 10:41:38,950 - src.clean - INFO - Starting clean(): input df has 57166 rows x 15 columns
2025-12-07 10:41:39,478 - src.clean - INFO - Standardized string columns where present.
2025-12-07 10:41:39,511 - src.clean - WARNING - Column age: 285 value(s) could not be converted to numeric and were set to NaN
2025-12-07 10:41:39,647 - src.clean - INFO - Column billing_amount converted to numeric successfully.
2025-12-07 10:41:39,702 - src.clean - WARNING - Column room_number: 394 value(s) could not be converted to numeric and were set to NaN
2025-12-07 10:41:39,703 - src.clean - INFO - Age range before validation: min=0.0, max=150.0
2025-12-07 10:41:39,704 - src.clean - WARNING - Age: 144 value(s) outside valid range (0–120); setting to NA
2025-12-07 10:41:39,706 - src.clean - INFO - Room_number range before validation: min=101.0, max=500.0
2025-12-07 10:41:39,708 - src.clean - INFO - Rounded billing_amount to 2 decimal places.
2025-12-07 10:41:39,743 - src.clean - WARNING - Column date_of_admission: 2858 value(s) could not be parsed as datetime and were set to NaT
2025-12-07 10:41:39,766 - src.clean - WARNING - Column discharge_date: 2858 value(s) could not be parsed as datetime and were set to NaT
2025-12-07 10:41:39,766 - src.clean - INFO - clean() completed. Output df has 57166 rows x 16 columns
2025-12-07 10:41:39,766 - src.transform - INFO - Starting transform(): input df has 57166 rows x 16 columns
2025-12-07 10:41:40,020 - src.transform - INFO - Built people_df (no nulls): 46803 rows x 5 columns
2025-12-07 10:41:40,050 - src.transform - INFO - Built doctors_df (pre-hospital merge, no nulls) (no nulls): 48928 rows x 3 columns
2025-12-07 10:41:40,064 - src.transform - INFO - Built hospitals_df (no nulls) (no nulls): 37437 rows x 2 columns
2025-12-07 10:41:40,064 - src.transform - ERROR - transform() failed.
Traceback (most recent call last):
  File "/Users/mattmurno/Desktop/Revature training files/etl_proj/src/config.py", line 43, in get_schema
    return CONFIG["schemas"][table_name]
           ~~~~~~~~~~~~~~~~~^^^^^^^^^^^^
KeyError: 'hospital'

During handling of the above exception, another exception occurred:

Traceback (most recent call last):
  File "/Users/mattmurno/Desktop/Revature training files/etl_proj/src/transform.py", line 76, in transform
    hosp_pk_col, _ = get_pk_column_and_type("hospital")
                     ^^^^^^^^^^^^^^^^^^^^^^^^^^^^^^^^^^
  File "/Users/mattmurno/Desktop/Revature training files/etl_proj/src/config.py", line 80, in get_pk_column_and_type
    cols = get_table_columns(table_name)
           ^^^^^^^^^^^^^^^^^^^^^^^^^^^^^
  File "/Users/mattmurno/Desktop/Revature training files/etl_proj/src/config.py", line 48, in get_table_columns
    schema = get_schema(table_name)
             ^^^^^^^^^^^^^^^^^^^^^^
  File "/Users/mattmurno/Desktop/Revature training files/etl_proj/src/config.py", line 45, in get_schema
    raise KeyError(f"Schema not found for table={table_name!r}")
KeyError: "Schema not found for table='hospital'"
2025-12-07 10:41:53,509 - src.read - INFO - Starting read() for type=csv, path=data/healthcare_dataset_dirty.csv
2025-12-07 10:41:53,510 - src.read - INFO - Reading CSV file from data/healthcare_dataset_dirty.csv
2025-12-07 10:41:53,791 - src.read - INFO - Successfully read CSV: 57166 rows x 15 columns
2025-12-07 10:41:53,791 - src.clean - INFO - Starting clean(): input df has 57166 rows x 15 columns
2025-12-07 10:41:54,300 - src.clean - INFO - Standardized string columns where present.
2025-12-07 10:41:54,387 - src.clean - WARNING - Column age: 285 value(s) could not be converted to numeric and were set to NaN
2025-12-07 10:41:54,487 - src.clean - INFO - Column billing_amount converted to numeric successfully.
2025-12-07 10:41:54,528 - src.clean - WARNING - Column room_number: 394 value(s) could not be converted to numeric and were set to NaN
2025-12-07 10:41:54,529 - src.clean - INFO - Age range before validation: min=0.0, max=150.0
2025-12-07 10:41:54,530 - src.clean - WARNING - Age: 144 value(s) outside valid range (0–120); setting to NA
2025-12-07 10:41:54,532 - src.clean - INFO - Room_number range before validation: min=101.0, max=500.0
2025-12-07 10:41:54,534 - src.clean - INFO - Rounded billing_amount to 2 decimal places.
2025-12-07 10:41:54,564 - src.clean - WARNING - Column date_of_admission: 2858 value(s) could not be parsed as datetime and were set to NaT
2025-12-07 10:41:54,599 - src.clean - WARNING - Column discharge_date: 2858 value(s) could not be parsed as datetime and were set to NaT
2025-12-07 10:41:54,600 - src.clean - INFO - clean() completed. Output df has 57166 rows x 16 columns
2025-12-07 10:41:54,601 - src.transform - INFO - Starting transform(): input df has 57166 rows x 16 columns
2025-12-07 10:41:54,885 - src.transform - INFO - Built people_df (no nulls): 46803 rows x 5 columns
2025-12-07 10:41:54,947 - src.transform - INFO - Built doctors_df (pre-hospital merge, no nulls) (no nulls): 48928 rows x 3 columns
2025-12-07 10:41:54,972 - src.transform - INFO - Built hospitals_df (no nulls) (no nulls): 37437 rows x 2 columns
2025-12-07 10:41:54,973 - src.transform - ERROR - transform() failed.
Traceback (most recent call last):
  File "/Users/mattmurno/Desktop/Revature training files/etl_proj/src/transform.py", line 78, in transform
    doctors_df = doctors_df.merge(
                 ^^^^^^^^^^^^^^^^^
  File "/Users/mattmurno/Desktop/Revature training files/etl_proj/venv/lib/python3.11/site-packages/pandas/core/frame.py", line 10859, in merge
    return merge(
           ^^^^^^
  File "/Users/mattmurno/Desktop/Revature training files/etl_proj/venv/lib/python3.11/site-packages/pandas/core/reshape/merge.py", line 170, in merge
    op = _MergeOperation(
         ^^^^^^^^^^^^^^^^
  File "/Users/mattmurno/Desktop/Revature training files/etl_proj/venv/lib/python3.11/site-packages/pandas/core/reshape/merge.py", line 794, in __init__
    ) = self._get_merge_keys()
        ^^^^^^^^^^^^^^^^^^^^^^
  File "/Users/mattmurno/Desktop/Revature training files/etl_proj/venv/lib/python3.11/site-packages/pandas/core/reshape/merge.py", line 1311, in _get_merge_keys
    left_keys.append(left._get_label_or_level_values(lk))
                     ^^^^^^^^^^^^^^^^^^^^^^^^^^^^^^^^^^^
  File "/Users/mattmurno/Desktop/Revature training files/etl_proj/venv/lib/python3.11/site-packages/pandas/core/generic.py", line 1914, in _get_label_or_level_values
    raise KeyError(key)
KeyError: 'hospitals'
2025-12-07 10:42:00,220 - src.read - INFO - Starting read() for type=csv, path=data/healthcare_dataset_dirty.csv
2025-12-07 10:42:00,220 - src.read - INFO - Reading CSV file from data/healthcare_dataset_dirty.csv
2025-12-07 10:42:00,436 - src.read - INFO - Successfully read CSV: 57166 rows x 15 columns
2025-12-07 10:42:00,436 - src.clean - INFO - Starting clean(): input df has 57166 rows x 15 columns
2025-12-07 10:42:00,933 - src.clean - INFO - Standardized string columns where present.
2025-12-07 10:42:00,973 - src.clean - WARNING - Column age: 285 value(s) could not be converted to numeric and were set to NaN
2025-12-07 10:42:01,070 - src.clean - INFO - Column billing_amount converted to numeric successfully.
2025-12-07 10:42:01,102 - src.clean - WARNING - Column room_number: 394 value(s) could not be converted to numeric and were set to NaN
2025-12-07 10:42:01,102 - src.clean - INFO - Age range before validation: min=0.0, max=150.0
2025-12-07 10:42:01,103 - src.clean - WARNING - Age: 144 value(s) outside valid range (0–120); setting to NA
2025-12-07 10:42:01,104 - src.clean - INFO - Room_number range before validation: min=101.0, max=500.0
2025-12-07 10:42:01,105 - src.clean - INFO - Rounded billing_amount to 2 decimal places.
2025-12-07 10:42:01,124 - src.clean - WARNING - Column date_of_admission: 2858 value(s) could not be parsed as datetime and were set to NaT
2025-12-07 10:42:01,140 - src.clean - WARNING - Column discharge_date: 2858 value(s) could not be parsed as datetime and were set to NaT
2025-12-07 10:42:01,140 - src.clean - INFO - clean() completed. Output df has 57166 rows x 16 columns
2025-12-07 10:42:01,140 - src.transform - INFO - Starting transform(): input df has 57166 rows x 16 columns
2025-12-07 10:42:01,682 - src.transform - INFO - Built people_df (no nulls): 46803 rows x 5 columns
2025-12-07 10:42:01,725 - src.transform - INFO - Built doctors_df (pre-hospital merge, no nulls) (no nulls): 48928 rows x 3 columns
2025-12-07 10:42:01,741 - src.transform - INFO - Built hospitals_df (no nulls) (no nulls): 37437 rows x 2 columns
2025-12-07 10:42:01,743 - src.transform - ERROR - transform() failed.
Traceback (most recent call last):
  File "/Users/mattmurno/Desktop/Revature training files/etl_proj/src/transform.py", line 78, in transform
    doctors_df = doctors_df.merge(
                 ^^^^^^^^^^^^^^^^^
  File "/Users/mattmurno/Desktop/Revature training files/etl_proj/venv/lib/python3.11/site-packages/pandas/core/frame.py", line 10859, in merge
    return merge(
           ^^^^^^
  File "/Users/mattmurno/Desktop/Revature training files/etl_proj/venv/lib/python3.11/site-packages/pandas/core/reshape/merge.py", line 170, in merge
    op = _MergeOperation(
         ^^^^^^^^^^^^^^^^
  File "/Users/mattmurno/Desktop/Revature training files/etl_proj/venv/lib/python3.11/site-packages/pandas/core/reshape/merge.py", line 794, in __init__
    ) = self._get_merge_keys()
        ^^^^^^^^^^^^^^^^^^^^^^
  File "/Users/mattmurno/Desktop/Revature training files/etl_proj/venv/lib/python3.11/site-packages/pandas/core/reshape/merge.py", line 1298, in _get_merge_keys
    right_keys.append(right._get_label_or_level_values(rk))
                      ^^^^^^^^^^^^^^^^^^^^^^^^^^^^^^^^^^^^
  File "/Users/mattmurno/Desktop/Revature training files/etl_proj/venv/lib/python3.11/site-packages/pandas/core/generic.py", line 1914, in _get_label_or_level_values
    raise KeyError(key)
KeyError: 'hospital'
2025-12-07 10:44:05,964 - src.read - INFO - Starting read() for type=csv, path=data/healthcare_dataset_dirty.csv
2025-12-07 10:44:05,965 - src.read - INFO - Reading CSV file from data/healthcare_dataset_dirty.csv
2025-12-07 10:44:06,291 - src.read - INFO - Successfully read CSV: 57166 rows x 15 columns
2025-12-07 10:44:06,291 - src.clean - INFO - Starting clean(): input df has 57166 rows x 15 columns
2025-12-07 10:44:06,758 - src.clean - INFO - Standardized string columns where present.
2025-12-07 10:44:06,911 - src.clean - WARNING - Column age: 285 value(s) could not be converted to numeric and were set to NaN
2025-12-07 10:44:07,012 - src.clean - INFO - Column billing_amount converted to numeric successfully.
2025-12-07 10:44:07,048 - src.clean - WARNING - Column room_number: 394 value(s) could not be converted to numeric and were set to NaN
2025-12-07 10:44:07,049 - src.clean - INFO - Age range before validation: min=0.0, max=150.0
2025-12-07 10:44:07,050 - src.clean - WARNING - Age: 144 value(s) outside valid range (0–120); setting to NA
2025-12-07 10:44:07,051 - src.clean - INFO - Room_number range before validation: min=101.0, max=500.0
2025-12-07 10:44:07,052 - src.clean - INFO - Rounded billing_amount to 2 decimal places.
2025-12-07 10:44:07,077 - src.clean - WARNING - Column date_of_admission: 2858 value(s) could not be parsed as datetime and were set to NaT
2025-12-07 10:44:07,093 - src.clean - WARNING - Column discharge_date: 2858 value(s) could not be parsed as datetime and were set to NaT
2025-12-07 10:44:07,093 - src.clean - INFO - clean() completed. Output df has 57166 rows x 16 columns
2025-12-07 10:44:07,093 - src.transform - INFO - Starting transform(): input df has 57166 rows x 16 columns
2025-12-07 10:44:07,373 - src.transform - INFO - Built people_df (no nulls): 46803 rows x 5 columns
2025-12-07 10:44:07,410 - src.transform - INFO - Built doctors_df (pre-hospital merge, no nulls) (no nulls): 48928 rows x 3 columns
2025-12-07 10:44:07,429 - src.transform - INFO - Built hospitals_df (no nulls) (no nulls): 37437 rows x 2 columns
2025-12-07 10:44:07,467 - src.transform - INFO - Updated doctors_df after hospital merge: 46283 rows x 3 columns
2025-12-07 10:44:07,478 - src.transform - INFO - Built conditions_df (no nulls): 6 rows x 2 columns
2025-12-07 10:44:07,491 - src.transform - INFO - Built insurance_df (no nulls): 6 rows x 2 columns
2025-12-07 10:44:07,498 - src.transform - WARNING - test_results_df: 2839 invalid or null result_label value(s) dropped before dimension build
2025-12-07 10:44:07,503 - src.transform - INFO - Built test_results_df (no nulls): 3 rows x 2 columns
2025-12-07 10:44:07,517 - src.transform - INFO - Built admission_types_df (no nulls): 3 rows x 2 columns
2025-12-07 10:44:07,730 - src.transform - ERROR - transform() failed.
Traceback (most recent call last):
  File "/Users/mattmurno/Desktop/Revature training files/etl_proj/src/transform.py", line 168, in transform
    doctors_df[["doctor_name", "hospital_name", "doctor_id"]],
    ~~~~~~~~~~^^^^^^^^^^^^^^^^^^^^^^^^^^^^^^^^^^^^^^^^^^^^^^^
  File "/Users/mattmurno/Desktop/Revature training files/etl_proj/venv/lib/python3.11/site-packages/pandas/core/frame.py", line 4119, in __getitem__
    indexer = self.columns._get_indexer_strict(key, "columns")[1]
              ^^^^^^^^^^^^^^^^^^^^^^^^^^^^^^^^^^^^^^^^^^^^^^^^
  File "/Users/mattmurno/Desktop/Revature training files/etl_proj/venv/lib/python3.11/site-packages/pandas/core/indexes/base.py", line 6212, in _get_indexer_strict
    self._raise_if_missing(keyarr, indexer, axis_name)
  File "/Users/mattmurno/Desktop/Revature training files/etl_proj/venv/lib/python3.11/site-packages/pandas/core/indexes/base.py", line 6264, in _raise_if_missing
    raise KeyError(f"{not_found} not in index")
KeyError: "['hospital_name'] not in index"
2025-12-07 10:45:44,530 - src.read - INFO - Starting read() for type=csv, path=data/healthcare_dataset_dirty.csv
2025-12-07 10:45:44,530 - src.read - INFO - Reading CSV file from data/healthcare_dataset_dirty.csv
2025-12-07 10:45:44,773 - src.read - INFO - Successfully read CSV: 57166 rows x 15 columns
2025-12-07 10:45:44,773 - src.clean - INFO - Starting clean(): input df has 57166 rows x 15 columns
2025-12-07 10:45:45,382 - src.clean - INFO - Standardized string columns where present.
2025-12-07 10:45:45,419 - src.clean - WARNING - Column age: 285 value(s) could not be converted to numeric and were set to NaN
2025-12-07 10:45:45,526 - src.clean - INFO - Column billing_amount converted to numeric successfully.
2025-12-07 10:45:45,561 - src.clean - WARNING - Column room_number: 394 value(s) could not be converted to numeric and were set to NaN
2025-12-07 10:45:45,562 - src.clean - INFO - Age range before validation: min=0.0, max=150.0
2025-12-07 10:45:45,563 - src.clean - WARNING - Age: 144 value(s) outside valid range (0–120); setting to NA
2025-12-07 10:45:45,564 - src.clean - INFO - Room_number range before validation: min=101.0, max=500.0
2025-12-07 10:45:45,565 - src.clean - INFO - Rounded billing_amount to 2 decimal places.
2025-12-07 10:45:45,585 - src.clean - WARNING - Column date_of_admission: 2858 value(s) could not be parsed as datetime and were set to NaT
2025-12-07 10:45:45,602 - src.clean - WARNING - Column discharge_date: 2858 value(s) could not be parsed as datetime and were set to NaT
2025-12-07 10:45:45,602 - src.clean - INFO - clean() completed. Output df has 57166 rows x 16 columns
2025-12-07 10:45:45,602 - src.transform - INFO - Starting transform(): input df has 57166 rows x 16 columns
2025-12-07 10:45:45,869 - src.transform - INFO - Built people_df (no nulls): 46803 rows x 5 columns
2025-12-07 10:45:46,023 - src.transform - INFO - Built doctors_df (pre-hospital merge, no nulls) (no nulls): 48928 rows x 3 columns
2025-12-07 10:45:46,051 - src.transform - INFO - Built hospitals_df (no nulls) (no nulls): 37437 rows x 2 columns
2025-12-07 10:45:46,052 - src.transform - ERROR - transform() failed.
Traceback (most recent call last):
  File "/Users/mattmurno/Desktop/Revature training files/etl_proj/src/transform.py", line 78, in transform
    doctors_df = doctors_df.merge(
                 ^^^^^^^^^^^^^^^^^
  File "/Users/mattmurno/Desktop/Revature training files/etl_proj/venv/lib/python3.11/site-packages/pandas/core/frame.py", line 10859, in merge
    return merge(
           ^^^^^^
  File "/Users/mattmurno/Desktop/Revature training files/etl_proj/venv/lib/python3.11/site-packages/pandas/core/reshape/merge.py", line 170, in merge
    op = _MergeOperation(
         ^^^^^^^^^^^^^^^^
  File "/Users/mattmurno/Desktop/Revature training files/etl_proj/venv/lib/python3.11/site-packages/pandas/core/reshape/merge.py", line 794, in __init__
    ) = self._get_merge_keys()
        ^^^^^^^^^^^^^^^^^^^^^^
  File "/Users/mattmurno/Desktop/Revature training files/etl_proj/venv/lib/python3.11/site-packages/pandas/core/reshape/merge.py", line 1298, in _get_merge_keys
    right_keys.append(right._get_label_or_level_values(rk))
                      ^^^^^^^^^^^^^^^^^^^^^^^^^^^^^^^^^^^^
  File "/Users/mattmurno/Desktop/Revature training files/etl_proj/venv/lib/python3.11/site-packages/pandas/core/generic.py", line 1914, in _get_label_or_level_values
    raise KeyError(key)
KeyError: 'hospital'
2025-12-07 10:50:20,098 - src.read - INFO - Starting read() for type=csv, path=data/healthcare_dataset_dirty.csv
2025-12-07 10:50:20,099 - src.read - INFO - Reading CSV file from data/healthcare_dataset_dirty.csv
2025-12-07 10:50:20,733 - src.read - INFO - Successfully read CSV: 57166 rows x 15 columns
2025-12-07 10:50:20,733 - src.clean - INFO - Starting clean(): input df has 57166 rows x 15 columns
2025-12-07 10:50:21,667 - src.clean - INFO - Standardized string columns where present.
2025-12-07 10:50:21,697 - src.clean - WARNING - Column age: 285 value(s) could not be converted to numeric and were set to NaN
2025-12-07 10:50:21,804 - src.clean - INFO - Column billing_amount converted to numeric successfully.
2025-12-07 10:50:21,839 - src.clean - WARNING - Column room_number: 394 value(s) could not be converted to numeric and were set to NaN
2025-12-07 10:50:21,841 - src.clean - INFO - Age range before validation: min=0.0, max=150.0
2025-12-07 10:50:21,853 - src.clean - WARNING - Age: 144 value(s) outside valid range (0–120); setting to NA
2025-12-07 10:50:21,854 - src.clean - INFO - Room_number range before validation: min=101.0, max=500.0
2025-12-07 10:50:21,858 - src.clean - INFO - Rounded billing_amount to 2 decimal places.
2025-12-07 10:50:21,894 - src.clean - WARNING - Column date_of_admission: 2858 value(s) could not be parsed as datetime and were set to NaT
2025-12-07 10:50:21,908 - src.clean - WARNING - Column discharge_date: 2858 value(s) could not be parsed as datetime and were set to NaT
2025-12-07 10:50:21,909 - src.clean - INFO - clean() completed. Output df has 57166 rows x 16 columns
2025-12-07 10:50:21,909 - src.transform - INFO - Starting transform(): input df has 57166 rows x 16 columns
2025-12-07 10:50:22,174 - src.transform - INFO - Built people_df (no nulls): 46803 rows x 5 columns
2025-12-07 10:50:22,207 - src.transform - INFO - Built doctors_df (pre-hospital merge, no nulls) (no nulls): 48928 rows x 3 columns
2025-12-07 10:50:22,223 - src.transform - INFO - Built hospitals_df (no nulls) (no nulls): 37437 rows x 2 columns
2025-12-07 10:50:22,224 - src.transform - ERROR - transform() failed.
Traceback (most recent call last):
  File "/Users/mattmurno/Desktop/Revature training files/etl_proj/src/transform.py", line 78, in transform
    doctors_df = doctors_df.merge(
                 ^^^^^^^^^^^^^^^^^
  File "/Users/mattmurno/Desktop/Revature training files/etl_proj/venv/lib/python3.11/site-packages/pandas/core/frame.py", line 10859, in merge
    return merge(
           ^^^^^^
  File "/Users/mattmurno/Desktop/Revature training files/etl_proj/venv/lib/python3.11/site-packages/pandas/core/reshape/merge.py", line 170, in merge
    op = _MergeOperation(
         ^^^^^^^^^^^^^^^^
  File "/Users/mattmurno/Desktop/Revature training files/etl_proj/venv/lib/python3.11/site-packages/pandas/core/reshape/merge.py", line 794, in __init__
    ) = self._get_merge_keys()
        ^^^^^^^^^^^^^^^^^^^^^^
  File "/Users/mattmurno/Desktop/Revature training files/etl_proj/venv/lib/python3.11/site-packages/pandas/core/reshape/merge.py", line 1298, in _get_merge_keys
    right_keys.append(right._get_label_or_level_values(rk))
                      ^^^^^^^^^^^^^^^^^^^^^^^^^^^^^^^^^^^^
  File "/Users/mattmurno/Desktop/Revature training files/etl_proj/venv/lib/python3.11/site-packages/pandas/core/generic.py", line 1914, in _get_label_or_level_values
    raise KeyError(key)
KeyError: 'hospital'
2025-12-07 10:50:45,624 - src.read - INFO - Starting read() for type=csv, path=data/healthcare_dataset_dirty.csv
2025-12-07 10:50:45,625 - src.read - INFO - Reading CSV file from data/healthcare_dataset_dirty.csv
2025-12-07 10:50:46,047 - src.read - INFO - Successfully read CSV: 57166 rows x 15 columns
2025-12-07 10:50:46,047 - src.clean - INFO - Starting clean(): input df has 57166 rows x 15 columns
2025-12-07 10:50:46,647 - src.clean - INFO - Standardized string columns where present.
2025-12-07 10:50:46,677 - src.clean - WARNING - Column age: 285 value(s) could not be converted to numeric and were set to NaN
2025-12-07 10:50:46,772 - src.clean - INFO - Column billing_amount converted to numeric successfully.
2025-12-07 10:50:46,804 - src.clean - WARNING - Column room_number: 394 value(s) could not be converted to numeric and were set to NaN
2025-12-07 10:50:46,805 - src.clean - INFO - Age range before validation: min=0.0, max=150.0
2025-12-07 10:50:46,806 - src.clean - WARNING - Age: 144 value(s) outside valid range (0–120); setting to NA
2025-12-07 10:50:46,807 - src.clean - INFO - Room_number range before validation: min=101.0, max=500.0
2025-12-07 10:50:46,808 - src.clean - INFO - Rounded billing_amount to 2 decimal places.
2025-12-07 10:50:46,857 - src.clean - WARNING - Column date_of_admission: 2858 value(s) could not be parsed as datetime and were set to NaT
2025-12-07 10:50:46,876 - src.clean - WARNING - Column discharge_date: 2858 value(s) could not be parsed as datetime and were set to NaT
2025-12-07 10:50:46,876 - src.clean - INFO - clean() completed. Output df has 57166 rows x 16 columns
2025-12-07 10:50:46,876 - src.transform - INFO - Starting transform(): input df has 57166 rows x 16 columns
2025-12-07 10:50:47,191 - src.transform - INFO - Built people_df (no nulls): 46803 rows x 5 columns
2025-12-07 10:50:47,231 - src.transform - INFO - Built doctors_df (pre-hospital merge, no nulls) (no nulls): 48928 rows x 3 columns
2025-12-07 10:50:47,249 - src.transform - INFO - Built hospitals_df (no nulls) (no nulls): 37437 rows x 2 columns
2025-12-07 10:50:47,292 - src.transform - INFO - Updated doctors_df after hospital merge: 48928 rows x 4 columns
2025-12-07 10:50:47,339 - src.transform - INFO - Built conditions_df (no nulls): 6 rows x 2 columns
2025-12-07 10:50:47,368 - src.transform - INFO - Built insurance_df (no nulls): 6 rows x 2 columns
2025-12-07 10:50:47,376 - src.transform - WARNING - test_results_df: 2839 invalid or null result_label value(s) dropped before dimension build
2025-12-07 10:50:47,391 - src.transform - INFO - Built test_results_df (no nulls): 3 rows x 2 columns
2025-12-07 10:50:47,427 - src.transform - INFO - Built admission_types_df (no nulls): 3 rows x 2 columns
2025-12-07 10:50:47,852 - src.transform - INFO - Finished merges; df is now 57166 rows x 28 columns
2025-12-07 10:50:49,556 - src.transform - INFO - Built admissions_df: 27369 rows x 12 columns
2025-12-07 10:50:49,557 - src.transform - INFO - After reject split: 27369 valid admissions, 29797 rejected rows
2025-12-07 10:50:49,557 - src.transform - INFO - transform() completed successfully. Output tables: {'people': (46803, 5), 'doctors': (48928, 4), 'hospitals': (37437, 2), 'conditions': (6, 2), 'insurance': (6, 2), 'admission_types': (3, 2), 'test_results': (3, 2), 'admissions': (27369, 12), 'rejects': (29797, 16)}
2025-12-07 10:50:49,565 - src.load - INFO - Starting load()
2025-12-07 10:50:49,566 - src.load - INFO - Row counts - people=46803, hospitals=37437, doctors=48928, conditions=6, insurance=6, test_results=3, admission_types=3, admissions=27369, rejects=29797
2025-12-07 10:50:49,566 - src.load - INFO - Connecting to database...
2025-12-07 10:50:49,691 - src.load - INFO - Database connection established.
2025-12-07 10:50:49,694 - src.load - INFO - Tables created/verified successfully.
2025-12-07 10:50:49,695 - src.load - INFO - Truncating tables and resetting identities...
2025-12-07 10:50:49,773 - src.load - INFO - Tables truncated.
2025-12-07 10:50:49,774 - src.load - INFO - Starting insertion.
2025-12-07 10:51:03,559 - src.load - ERROR - Error in load() while working with the database.
Traceback (most recent call last):
  File "/Users/mattmurno/Desktop/Revature training files/etl_proj/src/load.py", line 188, in load
    cur.execute(
psycopg2.errors.NumericValueOutOfRange: integer out of range

2025-12-07 10:51:03,563 - src.load - INFO - Transaction rolled back due to error.
2025-12-07 10:51:03,564 - src.load - INFO - Database connection closed. End of load().
2025-12-07 10:56:58,880 - src.read - INFO - Starting read() for type=csv, path=data/healthcare_dataset_dirty.csv
2025-12-07 10:56:58,881 - src.read - INFO - Reading CSV file from data/healthcare_dataset_dirty.csv
2025-12-07 10:56:59,141 - src.read - INFO - Successfully read CSV: 57166 rows x 15 columns
2025-12-07 10:56:59,141 - src.clean - INFO - Starting clean(): input df has 57166 rows x 15 columns
2025-12-07 10:56:59,562 - src.clean - INFO - Standardized string columns where present.
2025-12-07 10:56:59,592 - src.clean - WARNING - Column age: 285 value(s) could not be converted to numeric and were set to NaN
2025-12-07 10:56:59,675 - src.clean - INFO - Column billing_amount converted to numeric successfully.
2025-12-07 10:56:59,709 - src.clean - WARNING - Column room_number: 394 value(s) could not be converted to numeric and were set to NaN
2025-12-07 10:56:59,710 - src.clean - INFO - Age range before validation: min=0.0, max=150.0
2025-12-07 10:56:59,711 - src.clean - WARNING - Age: 144 value(s) outside valid range (0–120); setting to NA
2025-12-07 10:56:59,713 - src.clean - INFO - Room_number range before validation: min=101.0, max=500.0
2025-12-07 10:56:59,715 - src.clean - INFO - Rounded billing_amount to 2 decimal places.
2025-12-07 10:56:59,741 - src.clean - WARNING - Column date_of_admission: 2858 value(s) could not be parsed as datetime and were set to NaT
2025-12-07 10:56:59,761 - src.clean - WARNING - Column discharge_date: 2858 value(s) could not be parsed as datetime and were set to NaT
2025-12-07 10:56:59,762 - src.clean - INFO - clean() completed. Output df has 57166 rows x 16 columns
2025-12-07 10:56:59,762 - src.transform - INFO - Starting transform(): input df has 57166 rows x 16 columns
2025-12-07 10:57:00,258 - src.transform - INFO - Built people_df (no nulls): 46803 rows x 5 columns
2025-12-07 10:57:00,304 - src.transform - INFO - Built doctors_df (pre-hospital merge, no nulls) (no nulls): 48928 rows x 3 columns
2025-12-07 10:57:00,320 - src.transform - INFO - Built hospitals_df (no nulls) (no nulls): 37437 rows x 2 columns
2025-12-07 10:57:00,348 - src.transform - INFO - Updated doctors_df after hospital merge: 48928 rows x 4 columns
2025-12-07 10:57:00,389 - src.transform - INFO - Built conditions_df (no nulls): 6 rows x 2 columns
2025-12-07 10:57:00,399 - src.transform - INFO - Built insurance_df (no nulls): 6 rows x 2 columns
2025-12-07 10:57:00,421 - src.transform - WARNING - test_results_df: 2839 invalid or null result_label value(s) dropped before dimension build
2025-12-07 10:57:00,427 - src.transform - INFO - Built test_results_df (no nulls): 3 rows x 2 columns
2025-12-07 10:57:00,453 - src.transform - INFO - Built admission_types_df (no nulls): 3 rows x 2 columns
2025-12-07 10:57:00,850 - src.transform - INFO - Finished merges; df is now 57166 rows x 28 columns
2025-12-07 10:57:02,112 - src.transform - INFO - Built admissions_df: 27369 rows x 12 columns
2025-12-07 10:57:02,113 - src.transform - INFO - After reject split: 27369 valid admissions, 29797 rejected rows
2025-12-07 10:57:02,113 - src.transform - INFO - transform() completed successfully. Output tables: {'people': (46803, 5), 'doctors': (48928, 4), 'hospitals': (37437, 2), 'conditions': (6, 2), 'insurance': (6, 2), 'admission_types': (3, 2), 'test_results': (3, 2), 'admissions': (27369, 12), 'rejects': (29797, 16)}
2025-12-07 10:57:02,119 - src.load - INFO - Starting load()
2025-12-07 10:57:02,120 - src.load - INFO - Row counts - people=46803, hospitals=37437, doctors=48928, conditions=6, insurance=6, test_results=3, admission_types=3, admissions=27369, rejects=29797
2025-12-07 10:57:02,120 - src.load - INFO - Connecting to database...
2025-12-07 10:57:02,227 - src.load - INFO - Database connection established.
2025-12-07 10:57:02,252 - src.load - INFO - Tables created/verified successfully.
2025-12-07 10:57:02,252 - src.load - INFO - Truncating tables and resetting identities...
2025-12-07 10:57:02,402 - src.load - INFO - Tables truncated.
2025-12-07 10:57:02,402 - src.load - INFO - Starting insertion.
2025-12-07 10:57:13,115 - src.load - ERROR - Error in load() while working with the database.
Traceback (most recent call last):
  File "/Users/mattmurno/Desktop/Revature training files/etl_proj/src/load.py", line 188, in load
    cur.execute(
psycopg2.errors.NumericValueOutOfRange: integer out of range

2025-12-07 10:57:13,117 - src.load - INFO - Transaction rolled back due to error.
2025-12-07 10:57:13,117 - src.load - INFO - Database connection closed. End of load().
2025-12-07 10:59:52,235 - src.read - INFO - Starting read() for type=csv, path=data/healthcare_dataset_dirty.csv
2025-12-07 10:59:52,236 - src.read - INFO - Reading CSV file from data/healthcare_dataset_dirty.csv
2025-12-07 10:59:52,687 - src.read - INFO - Successfully read CSV: 57166 rows x 15 columns
2025-12-07 10:59:52,688 - src.clean - INFO - Starting clean(): input df has 57166 rows x 15 columns
2025-12-07 10:59:53,331 - src.clean - INFO - Standardized string columns where present.
2025-12-07 10:59:53,366 - src.clean - WARNING - Column age: 285 value(s) could not be converted to numeric and were set to NaN
2025-12-07 10:59:53,451 - src.clean - INFO - Column billing_amount converted to numeric successfully.
2025-12-07 10:59:53,481 - src.clean - WARNING - Column room_number: 394 value(s) could not be converted to numeric and were set to NaN
2025-12-07 10:59:53,482 - src.clean - INFO - Age range before validation: min=0.0, max=150.0
2025-12-07 10:59:53,483 - src.clean - WARNING - Age: 144 value(s) outside valid range (0–120); setting to NA
2025-12-07 10:59:53,484 - src.clean - INFO - Room_number range before validation: min=101.0, max=500.0
2025-12-07 10:59:53,485 - src.clean - INFO - Rounded billing_amount to 2 decimal places.
2025-12-07 10:59:53,528 - src.clean - WARNING - Column date_of_admission: 2858 value(s) could not be parsed as datetime and were set to NaT
2025-12-07 10:59:53,545 - src.clean - WARNING - Column discharge_date: 2858 value(s) could not be parsed as datetime and were set to NaT
2025-12-07 10:59:53,545 - src.clean - INFO - clean() completed. Output df has 57166 rows x 16 columns
2025-12-07 10:59:53,546 - src.transform - INFO - Starting transform(): input df has 57166 rows x 16 columns
2025-12-07 10:59:53,845 - src.transform - INFO - Built people_df (no nulls): 46803 rows x 5 columns
2025-12-07 10:59:53,880 - src.transform - INFO - Built doctors_df (pre-hospital merge, no nulls) (no nulls): 48928 rows x 3 columns
2025-12-07 10:59:53,895 - src.transform - INFO - Built hospitals_df (no nulls) (no nulls): 37437 rows x 2 columns
2025-12-07 10:59:53,901 - src.transform - ERROR - transform() failed.
Traceback (most recent call last):
  File "/Users/mattmurno/Desktop/Revature training files/etl_proj/src/transform.py", line 78, in transform
    doctors_df = doctors_df.merge(
                 ^^^^^^^^^^^^^^^^^
  File "/Users/mattmurno/Desktop/Revature training files/etl_proj/venv/lib/python3.11/site-packages/pandas/core/frame.py", line 10859, in merge
    return merge(
           ^^^^^^
  File "/Users/mattmurno/Desktop/Revature training files/etl_proj/venv/lib/python3.11/site-packages/pandas/core/reshape/merge.py", line 170, in merge
    op = _MergeOperation(
         ^^^^^^^^^^^^^^^^
  File "/Users/mattmurno/Desktop/Revature training files/etl_proj/venv/lib/python3.11/site-packages/pandas/core/reshape/merge.py", line 794, in __init__
    ) = self._get_merge_keys()
        ^^^^^^^^^^^^^^^^^^^^^^
  File "/Users/mattmurno/Desktop/Revature training files/etl_proj/venv/lib/python3.11/site-packages/pandas/core/reshape/merge.py", line 1298, in _get_merge_keys
    right_keys.append(right._get_label_or_level_values(rk))
                      ^^^^^^^^^^^^^^^^^^^^^^^^^^^^^^^^^^^^
  File "/Users/mattmurno/Desktop/Revature training files/etl_proj/venv/lib/python3.11/site-packages/pandas/core/generic.py", line 1914, in _get_label_or_level_values
    raise KeyError(key)
KeyError: 'hospital_name'
2025-12-07 11:00:11,453 - src.read - INFO - Starting read() for type=csv, path=data/healthcare_dataset_dirty.csv
2025-12-07 11:00:11,454 - src.read - INFO - Reading CSV file from data/healthcare_dataset_dirty.csv
2025-12-07 11:00:11,727 - src.read - INFO - Successfully read CSV: 57166 rows x 15 columns
2025-12-07 11:00:11,728 - src.clean - INFO - Starting clean(): input df has 57166 rows x 15 columns
2025-12-07 11:00:12,158 - src.clean - INFO - Standardized string columns where present.
2025-12-07 11:00:12,189 - src.clean - WARNING - Column age: 285 value(s) could not be converted to numeric and were set to NaN
2025-12-07 11:00:12,277 - src.clean - INFO - Column billing_amount converted to numeric successfully.
2025-12-07 11:00:12,332 - src.clean - WARNING - Column room_number: 394 value(s) could not be converted to numeric and were set to NaN
2025-12-07 11:00:12,333 - src.clean - INFO - Age range before validation: min=0.0, max=150.0
2025-12-07 11:00:12,334 - src.clean - WARNING - Age: 144 value(s) outside valid range (0–120); setting to NA
2025-12-07 11:00:12,337 - src.clean - INFO - Room_number range before validation: min=101.0, max=500.0
2025-12-07 11:00:12,339 - src.clean - INFO - Rounded billing_amount to 2 decimal places.
2025-12-07 11:00:12,399 - src.clean - WARNING - Column date_of_admission: 2858 value(s) could not be parsed as datetime and were set to NaT
2025-12-07 11:00:12,426 - src.clean - WARNING - Column discharge_date: 2858 value(s) could not be parsed as datetime and were set to NaT
2025-12-07 11:00:12,426 - src.clean - INFO - clean() completed. Output df has 57166 rows x 16 columns
2025-12-07 11:00:12,430 - src.transform - INFO - Starting transform(): input df has 57166 rows x 16 columns
2025-12-07 11:00:12,802 - src.transform - INFO - Built people_df (no nulls): 46803 rows x 5 columns
2025-12-07 11:00:12,858 - src.transform - INFO - Built doctors_df (pre-hospital merge, no nulls) (no nulls): 48928 rows x 3 columns
2025-12-07 11:00:12,880 - src.transform - INFO - Built hospitals_df (no nulls) (no nulls): 37437 rows x 2 columns
2025-12-07 11:00:12,885 - src.transform - ERROR - transform() failed.
Traceback (most recent call last):
  File "/Users/mattmurno/Desktop/Revature training files/etl_proj/src/transform.py", line 78, in transform
    doctors_df = doctors_df.merge(
                 ^^^^^^^^^^^^^^^^^
  File "/Users/mattmurno/Desktop/Revature training files/etl_proj/venv/lib/python3.11/site-packages/pandas/core/frame.py", line 10859, in merge
    return merge(
           ^^^^^^
  File "/Users/mattmurno/Desktop/Revature training files/etl_proj/venv/lib/python3.11/site-packages/pandas/core/reshape/merge.py", line 170, in merge
    op = _MergeOperation(
         ^^^^^^^^^^^^^^^^
  File "/Users/mattmurno/Desktop/Revature training files/etl_proj/venv/lib/python3.11/site-packages/pandas/core/reshape/merge.py", line 786, in __init__
    self.left_on, self.right_on = self._validate_left_right_on(left_on, right_on)
                                  ^^^^^^^^^^^^^^^^^^^^^^^^^^^^^^^^^^^^^^^^^^^^^^^
  File "/Users/mattmurno/Desktop/Revature training files/etl_proj/venv/lib/python3.11/site-packages/pandas/core/reshape/merge.py", line 1604, in _validate_left_right_on
    raise MergeError('Must pass "right_on" OR "right_index".')
pandas.errors.MergeError: Must pass "right_on" OR "right_index".
2025-12-07 11:00:26,697 - src.read - INFO - Starting read() for type=csv, path=data/healthcare_dataset_dirty.csv
2025-12-07 11:00:26,699 - src.read - INFO - Reading CSV file from data/healthcare_dataset_dirty.csv
2025-12-07 11:00:27,000 - src.read - INFO - Successfully read CSV: 57166 rows x 15 columns
2025-12-07 11:00:27,000 - src.clean - INFO - Starting clean(): input df has 57166 rows x 15 columns
2025-12-07 11:00:27,467 - src.clean - INFO - Standardized string columns where present.
2025-12-07 11:00:27,496 - src.clean - WARNING - Column age: 285 value(s) could not be converted to numeric and were set to NaN
2025-12-07 11:00:27,596 - src.clean - INFO - Column billing_amount converted to numeric successfully.
2025-12-07 11:00:27,648 - src.clean - WARNING - Column room_number: 394 value(s) could not be converted to numeric and were set to NaN
2025-12-07 11:00:27,649 - src.clean - INFO - Age range before validation: min=0.0, max=150.0
2025-12-07 11:00:27,651 - src.clean - WARNING - Age: 144 value(s) outside valid range (0–120); setting to NA
2025-12-07 11:00:27,653 - src.clean - INFO - Room_number range before validation: min=101.0, max=500.0
2025-12-07 11:00:27,655 - src.clean - INFO - Rounded billing_amount to 2 decimal places.
2025-12-07 11:00:27,685 - src.clean - WARNING - Column date_of_admission: 2858 value(s) could not be parsed as datetime and were set to NaT
2025-12-07 11:00:27,719 - src.clean - WARNING - Column discharge_date: 2858 value(s) could not be parsed as datetime and were set to NaT
2025-12-07 11:00:27,723 - src.clean - INFO - clean() completed. Output df has 57166 rows x 16 columns
2025-12-07 11:00:27,725 - src.transform - INFO - Starting transform(): input df has 57166 rows x 16 columns
2025-12-07 11:00:27,993 - src.transform - INFO - Built people_df (no nulls): 46803 rows x 5 columns
2025-12-07 11:00:28,035 - src.transform - INFO - Built doctors_df (pre-hospital merge, no nulls) (no nulls): 48928 rows x 3 columns
2025-12-07 11:00:28,053 - src.transform - INFO - Built hospitals_df (no nulls) (no nulls): 37437 rows x 2 columns
2025-12-07 11:00:28,127 - src.transform - INFO - Updated doctors_df after hospital merge: 48928 rows x 4 columns
2025-12-07 11:00:28,144 - src.transform - INFO - Built conditions_df (no nulls): 6 rows x 2 columns
2025-12-07 11:00:28,153 - src.transform - INFO - Built insurance_df (no nulls): 6 rows x 2 columns
2025-12-07 11:00:28,160 - src.transform - WARNING - test_results_df: 2839 invalid or null result_label value(s) dropped before dimension build
2025-12-07 11:00:28,164 - src.transform - INFO - Built test_results_df (no nulls): 3 rows x 2 columns
2025-12-07 11:00:28,177 - src.transform - INFO - Built admission_types_df (no nulls): 3 rows x 2 columns
2025-12-07 11:00:28,550 - src.transform - INFO - Finished merges; df is now 57166 rows x 28 columns
2025-12-07 11:00:29,913 - src.transform - INFO - Built admissions_df: 27369 rows x 12 columns
2025-12-07 11:00:29,913 - src.transform - INFO - After reject split: 27369 valid admissions, 29797 rejected rows
2025-12-07 11:00:29,913 - src.transform - INFO - transform() completed successfully. Output tables: {'people': (46803, 5), 'doctors': (48928, 4), 'hospitals': (37437, 2), 'conditions': (6, 2), 'insurance': (6, 2), 'admission_types': (3, 2), 'test_results': (3, 2), 'admissions': (27369, 12), 'rejects': (29797, 16)}
2025-12-07 11:00:29,920 - src.load - INFO - Starting load()
2025-12-07 11:00:29,921 - src.load - INFO - Row counts - people=46803, hospitals=37437, doctors=48928, conditions=6, insurance=6, test_results=3, admission_types=3, admissions=27369, rejects=29797
2025-12-07 11:00:29,921 - src.load - INFO - Connecting to database...
2025-12-07 11:00:30,023 - src.load - INFO - Database connection established.
2025-12-07 11:00:30,026 - src.load - INFO - Tables created/verified successfully.
2025-12-07 11:00:30,026 - src.load - INFO - Truncating tables and resetting identities...
2025-12-07 11:00:30,079 - src.load - INFO - Tables truncated.
2025-12-07 11:00:30,079 - src.load - INFO - Starting insertion.
2025-12-07 11:00:47,609 - src.load - ERROR - Error in load() while working with the database.
Traceback (most recent call last):
  File "/Users/mattmurno/Desktop/Revature training files/etl_proj/src/load.py", line 188, in load
    cur.execute(
psycopg2.errors.NumericValueOutOfRange: integer out of range

2025-12-07 11:00:47,630 - src.load - INFO - Transaction rolled back due to error.
2025-12-07 11:00:47,630 - src.load - INFO - Database connection closed. End of load().
2025-12-07 11:03:50,789 - src.read - INFO - Starting read() for type=csv, path=data/healthcare_dataset_dirty.csv
2025-12-07 11:03:50,789 - src.read - INFO - Reading CSV file from data/healthcare_dataset_dirty.csv
2025-12-07 11:03:51,176 - src.read - INFO - Successfully read CSV: 57166 rows x 15 columns
2025-12-07 11:03:51,177 - src.clean - INFO - Starting clean(): input df has 57166 rows x 15 columns
2025-12-07 11:03:51,600 - src.clean - INFO - Standardized string columns where present.
2025-12-07 11:03:51,633 - src.clean - WARNING - Column age: 285 value(s) could not be converted to numeric and were set to NaN
2025-12-07 11:03:51,718 - src.clean - INFO - Column billing_amount converted to numeric successfully.
2025-12-07 11:03:51,757 - src.clean - WARNING - Column room_number: 394 value(s) could not be converted to numeric and were set to NaN
2025-12-07 11:03:51,759 - src.clean - INFO - Age range before validation: min=0.0, max=150.0
2025-12-07 11:03:51,761 - src.clean - WARNING - Age: 144 value(s) outside valid range (0–120); setting to NA
2025-12-07 11:03:51,763 - src.clean - INFO - Room_number range before validation: min=101.0, max=500.0
2025-12-07 11:03:51,765 - src.clean - INFO - Rounded billing_amount to 2 decimal places.
2025-12-07 11:03:51,880 - src.clean - WARNING - Column date_of_admission: 2858 value(s) could not be parsed as datetime and were set to NaT
2025-12-07 11:03:51,895 - src.clean - WARNING - Column discharge_date: 2858 value(s) could not be parsed as datetime and were set to NaT
2025-12-07 11:03:51,895 - src.clean - INFO - clean() completed. Output df has 57166 rows x 16 columns
2025-12-07 11:03:51,895 - src.transform - INFO - Starting transform(): input df has 57166 rows x 16 columns
2025-12-07 11:03:52,314 - src.transform - INFO - Built people_df (no nulls): 46803 rows x 5 columns
2025-12-07 11:03:52,345 - src.transform - INFO - Built doctors_df (pre-hospital merge, no nulls) (no nulls): 48928 rows x 3 columns
2025-12-07 11:03:52,363 - src.transform - INFO - Built hospitals_df (no nulls) (no nulls): 37437 rows x 2 columns
2025-12-07 11:03:52,404 - src.transform - INFO - Updated doctors_df after hospital merge: 46283 rows x 3 columns
2025-12-07 11:03:52,430 - src.transform - INFO - Built conditions_df (no nulls): 6 rows x 2 columns
2025-12-07 11:03:52,504 - src.transform - INFO - Built insurance_df (no nulls): 6 rows x 2 columns
2025-12-07 11:03:52,511 - src.transform - WARNING - test_results_df: 2839 invalid or null result_label value(s) dropped before dimension build
2025-12-07 11:03:52,584 - src.transform - INFO - Built test_results_df (no nulls): 3 rows x 2 columns
2025-12-07 11:03:52,630 - src.transform - INFO - Built admission_types_df (no nulls): 3 rows x 2 columns
2025-12-07 11:03:52,742 - src.transform - ERROR - transform() failed.
Traceback (most recent call last):
  File "/Users/mattmurno/Desktop/Revature training files/etl_proj/src/transform.py", line 171, in transform
    doctors_df[["doctor_name", "hospital_name", "doctor_id"]],
    ~~~~~~~~~~^^^^^^^^^^^^^^^^^^^^^^^^^^^^^^^^^^^^^^^^^^^^^^^
  File "/Users/mattmurno/Desktop/Revature training files/etl_proj/venv/lib/python3.11/site-packages/pandas/core/frame.py", line 4119, in __getitem__
    indexer = self.columns._get_indexer_strict(key, "columns")[1]
              ^^^^^^^^^^^^^^^^^^^^^^^^^^^^^^^^^^^^^^^^^^^^^^^^
  File "/Users/mattmurno/Desktop/Revature training files/etl_proj/venv/lib/python3.11/site-packages/pandas/core/indexes/base.py", line 6212, in _get_indexer_strict
    self._raise_if_missing(keyarr, indexer, axis_name)
  File "/Users/mattmurno/Desktop/Revature training files/etl_proj/venv/lib/python3.11/site-packages/pandas/core/indexes/base.py", line 6264, in _raise_if_missing
    raise KeyError(f"{not_found} not in index")
KeyError: "['hospital_name'] not in index"
2025-12-07 11:07:15,324 - src.read - INFO - Starting read() for type=csv, path=data/healthcare_dataset_dirty.csv
2025-12-07 11:07:15,325 - src.read - INFO - Reading CSV file from data/healthcare_dataset_dirty.csv
2025-12-07 11:07:15,590 - src.read - INFO - Successfully read CSV: 57166 rows x 15 columns
2025-12-07 11:07:15,592 - src.clean - INFO - Starting clean(): input df has 57166 rows x 15 columns
2025-12-07 11:07:16,026 - src.clean - INFO - Standardized string columns where present.
2025-12-07 11:07:16,058 - src.clean - WARNING - Column age: 285 value(s) could not be converted to numeric and were set to NaN
2025-12-07 11:07:16,139 - src.clean - INFO - Column billing_amount converted to numeric successfully.
2025-12-07 11:07:16,169 - src.clean - WARNING - Column room_number: 394 value(s) could not be converted to numeric and were set to NaN
2025-12-07 11:07:16,169 - src.clean - INFO - Age range before validation: min=0.0, max=150.0
2025-12-07 11:07:16,170 - src.clean - WARNING - Age: 144 value(s) outside valid range (0–120); setting to NA
2025-12-07 11:07:16,172 - src.clean - INFO - Room_number range before validation: min=101.0, max=500.0
2025-12-07 11:07:16,173 - src.clean - INFO - Rounded billing_amount to 2 decimal places.
2025-12-07 11:07:16,194 - src.clean - WARNING - Column date_of_admission: 2858 value(s) could not be parsed as datetime and were set to NaT
2025-12-07 11:07:16,209 - src.clean - WARNING - Column discharge_date: 2858 value(s) could not be parsed as datetime and were set to NaT
2025-12-07 11:07:16,209 - src.clean - INFO - clean() completed. Output df has 57166 rows x 16 columns
2025-12-07 11:07:16,209 - src.transform - INFO - Starting transform(): input df has 57166 rows x 16 columns
2025-12-07 11:07:16,463 - src.transform - INFO - Built people_df (no nulls): 46803 rows x 5 columns
2025-12-07 11:07:16,476 - src.transform - INFO - Built hospitals_df (no nulls) (no nulls): 39007 rows x 2 columns
2025-12-07 11:07:16,510 - src.transform - INFO - Built doctors_df (pre-hospital merge, no nulls) (no nulls): 48928 rows x 3 columns
2025-12-07 11:07:16,707 - src.transform - INFO - Built conditions_df (no nulls): 6 rows x 2 columns
2025-12-07 11:07:16,725 - src.transform - INFO - Built insurance_df (no nulls): 6 rows x 2 columns
2025-12-07 11:07:16,750 - src.transform - WARNING - test_results_df: 2839 invalid or null result_label value(s) dropped before dimension build
2025-12-07 11:07:16,760 - src.transform - INFO - Built test_results_df (no nulls): 3 rows x 2 columns
2025-12-07 11:07:16,785 - src.transform - INFO - Built admission_types_df (no nulls): 3 rows x 2 columns
2025-12-07 11:07:17,139 - src.transform - INFO - Finished merges; df is now 57166 rows x 28 columns
2025-12-07 11:07:18,415 - src.transform - INFO - Built admissions_df: 25974 rows x 12 columns
2025-12-07 11:07:18,416 - src.transform - INFO - After reject split: 25974 valid admissions, 31192 rejected rows
2025-12-07 11:07:18,416 - src.transform - INFO - transform() completed successfully. Output tables: {'people': (46803, 5), 'doctors': (46283, 4), 'hospitals': (39007, 2), 'conditions': (6, 2), 'insurance': (6, 2), 'admission_types': (3, 2), 'test_results': (3, 2), 'admissions': (25974, 12), 'rejects': (31192, 16)}
2025-12-07 11:07:18,422 - src.load - INFO - Starting load()
2025-12-07 11:07:18,422 - src.load - INFO - Row counts - people=46803, hospitals=39007, doctors=46283, conditions=6, insurance=6, test_results=3, admission_types=3, admissions=25974, rejects=31192
2025-12-07 11:07:18,422 - src.load - INFO - Connecting to database...
2025-12-07 11:07:18,555 - src.load - INFO - Database connection established.
2025-12-07 11:07:18,568 - src.load - INFO - Tables created/verified successfully.
2025-12-07 11:07:18,568 - src.load - INFO - Truncating tables and resetting identities...
2025-12-07 11:07:18,626 - src.load - INFO - Tables truncated.
2025-12-07 11:07:18,626 - src.load - INFO - Starting insertion.
2025-12-07 11:07:54,813 - src.load - INFO - Load completed successfully.
2025-12-07 11:07:54,819 - src.load - INFO - Database connection closed. End of load().
2025-12-07 11:08:46,511 - src.read - INFO - Starting read() for type=csv, path=data/healthcare_dataset_dirty.csv
2025-12-07 11:08:46,511 - src.read - INFO - Reading CSV file from data/healthcare_dataset_dirty.csv
2025-12-07 11:08:46,763 - src.read - INFO - Successfully read CSV: 57166 rows x 15 columns
2025-12-07 11:08:46,763 - src.clean - INFO - Starting clean(): input df has 57166 rows x 15 columns
2025-12-07 11:08:47,472 - src.clean - INFO - Standardized string columns where present.
2025-12-07 11:08:47,508 - src.clean - WARNING - Column age: 285 value(s) could not be converted to numeric and were set to NaN
2025-12-07 11:08:47,594 - src.clean - INFO - Column billing_amount converted to numeric successfully.
2025-12-07 11:08:47,631 - src.clean - WARNING - Column room_number: 394 value(s) could not be converted to numeric and were set to NaN
2025-12-07 11:08:47,632 - src.clean - INFO - Age range before validation: min=0.0, max=150.0
2025-12-07 11:08:47,634 - src.clean - WARNING - Age: 144 value(s) outside valid range (0–120); setting to NA
2025-12-07 11:08:47,635 - src.clean - INFO - Room_number range before validation: min=101.0, max=500.0
2025-12-07 11:08:47,637 - src.clean - INFO - Rounded billing_amount to 2 decimal places.
2025-12-07 11:08:47,687 - src.clean - WARNING - Column date_of_admission: 2858 value(s) could not be parsed as datetime and were set to NaT
2025-12-07 11:08:47,711 - src.clean - WARNING - Column discharge_date: 2858 value(s) could not be parsed as datetime and were set to NaT
2025-12-07 11:08:47,712 - src.clean - INFO - clean() completed. Output df has 57166 rows x 16 columns
2025-12-07 11:08:47,714 - src.transform - INFO - Starting transform(): input df has 57166 rows x 16 columns
2025-12-07 11:08:48,066 - src.transform - INFO - Built people_df (no nulls): 46803 rows x 5 columns
2025-12-07 11:08:48,080 - src.transform - INFO - Built hospitals_df (no nulls) (no nulls): 39007 rows x 2 columns
2025-12-07 11:08:48,142 - src.transform - INFO - Built doctors_df (pre-hospital merge, no nulls) (no nulls): 48928 rows x 3 columns
2025-12-07 11:08:48,477 - src.transform - INFO - Built conditions_df (no nulls): 6 rows x 2 columns
2025-12-07 11:08:48,499 - src.transform - INFO - Built insurance_df (no nulls): 6 rows x 2 columns
2025-12-07 11:08:48,509 - src.transform - WARNING - test_results_df: 2839 invalid or null result_label value(s) dropped before dimension build
2025-12-07 11:08:48,519 - src.transform - INFO - Built test_results_df (no nulls): 3 rows x 2 columns
2025-12-07 11:08:48,546 - src.transform - INFO - Built admission_types_df (no nulls): 3 rows x 2 columns
2025-12-07 11:08:49,102 - src.transform - INFO - Finished merges; df is now 57166 rows x 28 columns
2025-12-07 11:08:51,171 - src.transform - INFO - Built admissions_df: 25974 rows x 12 columns
2025-12-07 11:08:51,171 - src.transform - INFO - After reject split: 25974 valid admissions, 31192 rejected rows
2025-12-07 11:08:51,172 - src.transform - INFO - transform() completed successfully. Output tables: {'people': (46803, 5), 'doctors': (46283, 4), 'hospitals': (39007, 2), 'conditions': (6, 2), 'insurance': (6, 2), 'admission_types': (3, 2), 'test_results': (3, 2), 'admissions': (25974, 12), 'rejects': (31192, 16)}
2025-12-07 11:08:51,184 - src.load - INFO - Starting load()
2025-12-07 11:08:51,184 - src.load - INFO - Row counts - people=46803, hospitals=39007, doctors=46283, conditions=6, insurance=6, test_results=3, admission_types=3, admissions=25974, rejects=31192
2025-12-07 11:08:51,184 - src.load - INFO - Connecting to database...
2025-12-07 11:08:51,260 - src.load - INFO - Database connection established.
2025-12-07 11:08:51,268 - src.load - INFO - Tables created/verified successfully.
2025-12-07 11:08:51,268 - src.load - INFO - Truncating tables and resetting identities...
2025-12-07 11:08:51,339 - src.load - INFO - Tables truncated.
2025-12-07 11:08:51,339 - src.load - INFO - Starting insertion.
2025-12-07 11:09:23,056 - src.load - INFO - Load completed successfully.
2025-12-07 11:09:23,056 - src.load - INFO - Database connection closed. End of load().
2025-12-07 11:14:24,717 - src.read - INFO - Starting read() for type=csv, path=data/healthcare_dataset_dirty.csv
2025-12-07 11:14:24,717 - src.read - INFO - Reading CSV file from data/healthcare_dataset_dirty.csv
2025-12-07 11:14:24,971 - src.read - INFO - Successfully read CSV: 57166 rows x 15 columns
2025-12-07 11:14:24,971 - src.clean - INFO - Starting clean(): input df has 57166 rows x 15 columns
2025-12-07 11:14:25,458 - src.clean - INFO - Standardized string columns where present.
2025-12-07 11:14:25,493 - src.clean - WARNING - Column age: 285 value(s) could not be converted to numeric and were set to NaN
2025-12-07 11:14:25,576 - src.clean - INFO - Column billing_amount converted to numeric successfully.
2025-12-07 11:14:25,622 - src.clean - WARNING - Column room_number: 394 value(s) could not be converted to numeric and were set to NaN
2025-12-07 11:14:25,623 - src.clean - INFO - Age range before validation: min=0.0, max=150.0
2025-12-07 11:14:25,624 - src.clean - WARNING - Age: 144 value(s) outside valid range (0–120); setting to NA
2025-12-07 11:14:25,626 - src.clean - INFO - Room_number range before validation: min=101.0, max=500.0
2025-12-07 11:14:25,628 - src.clean - INFO - Rounded billing_amount to 2 decimal places.
2025-12-07 11:14:25,778 - src.clean - WARNING - Column date_of_admission: 2858 value(s) could not be parsed as datetime and were set to NaT
2025-12-07 11:14:25,801 - src.clean - WARNING - Column discharge_date: 2858 value(s) could not be parsed as datetime and were set to NaT
2025-12-07 11:14:25,801 - src.clean - INFO - clean() completed. Output df has 57166 rows x 16 columns
2025-12-07 11:14:25,801 - src.transform - INFO - Starting transform(): input df has 57166 rows x 16 columns
2025-12-07 11:14:26,140 - src.transform - INFO - Built people_df (no nulls): 46803 rows x 5 columns
2025-12-07 11:14:26,153 - src.transform - INFO - Built hospitals_df (no nulls) (no nulls): 39007 rows x 2 columns
2025-12-07 11:14:26,190 - src.transform - INFO - Built doctors_df (pre-hospital merge, no nulls) (no nulls): 48928 rows x 3 columns
2025-12-07 11:14:26,239 - src.transform - INFO - Built conditions_df (no nulls): 6 rows x 2 columns
2025-12-07 11:14:26,250 - src.transform - INFO - Built insurance_df (no nulls): 6 rows x 2 columns
2025-12-07 11:14:26,256 - src.transform - WARNING - test_results_df: 2839 invalid or null result_label value(s) dropped before dimension build
2025-12-07 11:14:26,263 - src.transform - INFO - Built test_results_df (no nulls): 3 rows x 2 columns
2025-12-07 11:14:26,263 - src.transform - ERROR - transform() failed.
Traceback (most recent call last):
  File "/Users/mattmurno/Desktop/Revature training files/etl_proj/src/config.py", line 43, in get_schema
    return CONFIG["schemas"][table_name]
           ~~~~~~~~~~~~~~~~~^^^^^^^^^^^^
KeyError: 'admission_type'

During handling of the above exception, another exception occurred:

Traceback (most recent call last):
  File "/Users/mattmurno/Desktop/Revature training files/etl_proj/src/transform.py", line 128, in transform
    admission_types_df = build_dimension_df(df, "admission_type")
                         ^^^^^^^^^^^^^^^^^^^^^^^^^^^^^^^^^^^^^^^^
  File "/Users/mattmurno/Desktop/Revature training files/etl_proj/src/transform.py", line 21, in build_dimension_df
    not_null_cols = get_source_not_null_columns(table_name)
                    ^^^^^^^^^^^^^^^^^^^^^^^^^^^^^^^^^^^^^^^
  File "/Users/mattmurno/Desktop/Revature training files/etl_proj/src/config.py", line 57, in get_source_not_null_columns
    cols = get_table_columns(table_name)
           ^^^^^^^^^^^^^^^^^^^^^^^^^^^^^
  File "/Users/mattmurno/Desktop/Revature training files/etl_proj/src/config.py", line 48, in get_table_columns
    schema = get_schema(table_name)
             ^^^^^^^^^^^^^^^^^^^^^^
  File "/Users/mattmurno/Desktop/Revature training files/etl_proj/src/config.py", line 45, in get_schema
    raise KeyError(f"Schema not found for table={table_name!r}")
KeyError: "Schema not found for table='admission_type'"
2025-12-07 11:14:31,660 - src.read - INFO - Starting read() for type=csv, path=data/healthcare_dataset_dirty.csv
2025-12-07 11:14:31,660 - src.read - INFO - Reading CSV file from data/healthcare_dataset_dirty.csv
2025-12-07 11:14:31,988 - src.read - INFO - Successfully read CSV: 57166 rows x 15 columns
2025-12-07 11:14:31,988 - src.clean - INFO - Starting clean(): input df has 57166 rows x 15 columns
2025-12-07 11:14:32,445 - src.clean - INFO - Standardized string columns where present.
2025-12-07 11:14:32,474 - src.clean - WARNING - Column age: 285 value(s) could not be converted to numeric and were set to NaN
2025-12-07 11:14:32,561 - src.clean - INFO - Column billing_amount converted to numeric successfully.
2025-12-07 11:14:32,596 - src.clean - WARNING - Column room_number: 394 value(s) could not be converted to numeric and were set to NaN
2025-12-07 11:14:32,597 - src.clean - INFO - Age range before validation: min=0.0, max=150.0
2025-12-07 11:14:32,598 - src.clean - WARNING - Age: 144 value(s) outside valid range (0–120); setting to NA
2025-12-07 11:14:32,601 - src.clean - INFO - Room_number range before validation: min=101.0, max=500.0
2025-12-07 11:14:32,603 - src.clean - INFO - Rounded billing_amount to 2 decimal places.
2025-12-07 11:14:32,636 - src.clean - WARNING - Column date_of_admission: 2858 value(s) could not be parsed as datetime and were set to NaT
2025-12-07 11:14:32,669 - src.clean - WARNING - Column discharge_date: 2858 value(s) could not be parsed as datetime and were set to NaT
2025-12-07 11:14:32,673 - src.clean - INFO - clean() completed. Output df has 57166 rows x 16 columns
2025-12-07 11:14:32,673 - src.transform - INFO - Starting transform(): input df has 57166 rows x 16 columns
2025-12-07 11:14:32,939 - src.transform - INFO - Built people_df (no nulls): 46803 rows x 5 columns
2025-12-07 11:14:32,955 - src.transform - INFO - Built hospitals_df (no nulls) (no nulls): 39007 rows x 2 columns
2025-12-07 11:14:33,013 - src.transform - INFO - Built doctors_df (pre-hospital merge, no nulls) (no nulls): 48928 rows x 3 columns
2025-12-07 11:14:33,075 - src.transform - INFO - Built conditions_df (no nulls): 6 rows x 2 columns
2025-12-07 11:14:33,133 - src.transform - INFO - Built insurance_df (no nulls): 6 rows x 2 columns
2025-12-07 11:14:33,354 - src.transform - WARNING - test_results_df: 2839 invalid or null result_label value(s) dropped before dimension build
2025-12-07 11:14:33,363 - src.transform - INFO - Built test_results_df (no nulls): 3 rows x 2 columns
2025-12-07 11:14:33,363 - src.transform - ERROR - transform() failed.
Traceback (most recent call last):
  File "/Users/mattmurno/Desktop/Revature training files/etl_proj/src/transform.py", line 128, in transform
    admission_types_df = build_dimension_df(df, "admission_types")
                         ^^^^^^^^^^^^^^^^^^^^^^^^^^^^^^^^^^^^^^^^^
  File "/Users/mattmurno/Desktop/Revature training files/etl_proj/src/transform.py", line 27, in build_dimension_df
    source_df[all_cols]
    ~~~~~~~~~^^^^^^^^^^
  File "/Users/mattmurno/Desktop/Revature training files/etl_proj/venv/lib/python3.11/site-packages/pandas/core/frame.py", line 4119, in __getitem__
    indexer = self.columns._get_indexer_strict(key, "columns")[1]
              ^^^^^^^^^^^^^^^^^^^^^^^^^^^^^^^^^^^^^^^^^^^^^^^^
  File "/Users/mattmurno/Desktop/Revature training files/etl_proj/venv/lib/python3.11/site-packages/pandas/core/indexes/base.py", line 6212, in _get_indexer_strict
    self._raise_if_missing(keyarr, indexer, axis_name)
  File "/Users/mattmurno/Desktop/Revature training files/etl_proj/venv/lib/python3.11/site-packages/pandas/core/indexes/base.py", line 6261, in _raise_if_missing
    raise KeyError(f"None of [{key}] are in the [{axis_name}]")
KeyError: "None of [Index(['admission_types'], dtype='object')] are in the [columns]"
2025-12-07 11:16:18,158 - src.read - INFO - Starting read() for type=csv, path=data/healthcare_dataset_dirty.csv
2025-12-07 11:16:18,159 - src.read - INFO - Reading CSV file from data/healthcare_dataset_dirty.csv
2025-12-07 11:16:18,491 - src.read - INFO - Successfully read CSV: 57166 rows x 15 columns
2025-12-07 11:16:18,491 - src.clean - INFO - Starting clean(): input df has 57166 rows x 15 columns
2025-12-07 11:16:18,933 - src.clean - INFO - Standardized string columns where present.
2025-12-07 11:16:18,972 - src.clean - WARNING - Column age: 285 value(s) could not be converted to numeric and were set to NaN
2025-12-07 11:16:19,122 - src.clean - INFO - Column billing_amount converted to numeric successfully.
2025-12-07 11:16:19,167 - src.clean - WARNING - Column room_number: 394 value(s) could not be converted to numeric and were set to NaN
2025-12-07 11:16:19,168 - src.clean - INFO - Age range before validation: min=0.0, max=150.0
2025-12-07 11:16:19,169 - src.clean - WARNING - Age: 144 value(s) outside valid range (0–120); setting to NA
2025-12-07 11:16:19,170 - src.clean - INFO - Room_number range before validation: min=101.0, max=500.0
2025-12-07 11:16:19,171 - src.clean - INFO - Rounded billing_amount to 2 decimal places.
2025-12-07 11:16:19,204 - src.clean - WARNING - Column date_of_admission: 2858 value(s) could not be parsed as datetime and were set to NaT
2025-12-07 11:16:19,220 - src.clean - WARNING - Column discharge_date: 2858 value(s) could not be parsed as datetime and were set to NaT
2025-12-07 11:16:19,221 - src.clean - INFO - clean() completed. Output df has 57166 rows x 16 columns
2025-12-07 11:16:19,221 - src.transform - INFO - Starting transform(): input df has 57166 rows x 16 columns
2025-12-07 11:16:19,593 - src.transform - INFO - Built people_df (no nulls): 46803 rows x 5 columns
2025-12-07 11:16:19,611 - src.transform - INFO - Built hospitals_df (no nulls) (no nulls): 39007 rows x 2 columns
2025-12-07 11:16:19,650 - src.transform - INFO - Built doctors_df (pre-hospital merge, no nulls) (no nulls): 48928 rows x 3 columns
2025-12-07 11:16:19,696 - src.transform - INFO - Built conditions_df (no nulls): 6 rows x 2 columns
2025-12-07 11:16:19,705 - src.transform - INFO - Built insurance_df (no nulls): 6 rows x 2 columns
2025-12-07 11:16:19,712 - src.transform - WARNING - test_results_df: 2839 invalid or null result_label value(s) dropped before dimension build
2025-12-07 11:16:19,716 - src.transform - INFO - Built test_results_df (no nulls): 3 rows x 2 columns
2025-12-07 11:16:19,717 - src.transform - ERROR - transform() failed.
Traceback (most recent call last):
  File "/Users/mattmurno/Desktop/Revature training files/etl_proj/src/transform.py", line 128, in transform
    admission_types_df = build_dimension_df(df, "admission_types")
                         ^^^^^^^^^^^^^^^^^^^^^^^^^^^^^^^^^^^^^^^^^
  File "/Users/mattmurno/Desktop/Revature training files/etl_proj/src/transform.py", line 27, in build_dimension_df
    source_df[all_cols]
    ~~~~~~~~~^^^^^^^^^^
  File "/Users/mattmurno/Desktop/Revature training files/etl_proj/venv/lib/python3.11/site-packages/pandas/core/frame.py", line 4119, in __getitem__
    indexer = self.columns._get_indexer_strict(key, "columns")[1]
              ^^^^^^^^^^^^^^^^^^^^^^^^^^^^^^^^^^^^^^^^^^^^^^^^
  File "/Users/mattmurno/Desktop/Revature training files/etl_proj/venv/lib/python3.11/site-packages/pandas/core/indexes/base.py", line 6212, in _get_indexer_strict
    self._raise_if_missing(keyarr, indexer, axis_name)
  File "/Users/mattmurno/Desktop/Revature training files/etl_proj/venv/lib/python3.11/site-packages/pandas/core/indexes/base.py", line 6261, in _raise_if_missing
    raise KeyError(f"None of [{key}] are in the [{axis_name}]")
KeyError: "None of [Index(['admission_types'], dtype='object')] are in the [columns]"
2025-12-08 08:30:59,929 - src.read - INFO - Starting read() for type=csv, path=data/healthcare_dataset_dirty.csv
2025-12-08 08:30:59,929 - src.read - INFO - Reading CSV file from data/healthcare_dataset_dirty.csv
2025-12-08 08:31:00,166 - src.read - INFO - Successfully read CSV: 57166 rows x 15 columns
2025-12-08 08:31:00,166 - src.clean - INFO - Starting clean(): input df has 57166 rows x 15 columns
2025-12-08 08:31:00,908 - src.clean - INFO - Standardized string columns where present.
2025-12-08 08:31:00,944 - src.clean - WARNING - Column age: 285 value(s) could not be converted to numeric and were set to NaN
2025-12-08 08:31:01,028 - src.clean - INFO - Column billing_amount converted to numeric successfully.
2025-12-08 08:31:01,068 - src.clean - WARNING - Column room_number: 394 value(s) could not be converted to numeric and were set to NaN
2025-12-08 08:31:01,069 - src.clean - INFO - Age range before validation: min=0.0, max=150.0
2025-12-08 08:31:01,070 - src.clean - WARNING - Age: 144 value(s) outside valid range (0–120); setting to NA
2025-12-08 08:31:01,072 - src.clean - INFO - Room_number range before validation: min=101.0, max=500.0
2025-12-08 08:31:01,074 - src.clean - INFO - Rounded billing_amount to 2 decimal places.
2025-12-08 08:31:01,291 - src.clean - WARNING - Column date_of_admission: 2858 value(s) could not be parsed as datetime and were set to NaT
2025-12-08 08:31:01,586 - src.clean - WARNING - Column discharge_date: 2858 value(s) could not be parsed as datetime and were set to NaT
2025-12-08 08:31:01,586 - src.clean - INFO - clean() completed. Output df has 57166 rows x 16 columns
2025-12-08 08:31:01,586 - src.transform - INFO - Starting transform(): input df has 57166 rows x 16 columns
2025-12-08 08:31:01,980 - src.transform - INFO - Built people_df (no nulls): 46803 rows x 5 columns
2025-12-08 08:31:02,004 - src.transform - INFO - Built hospitals_df (no nulls) (no nulls): 39007 rows x 2 columns
2025-12-08 08:31:02,041 - src.transform - INFO - Built doctors_df (pre-hospital merge, no nulls) (no nulls): 48928 rows x 3 columns
2025-12-08 08:31:02,089 - src.transform - INFO - Built conditions_df (no nulls): 6 rows x 2 columns
2025-12-08 08:31:02,099 - src.transform - INFO - Built insurance_df (no nulls): 6 rows x 2 columns
2025-12-08 08:31:02,106 - src.transform - WARNING - test_results_df: 2839 invalid or null result_label value(s) dropped before dimension build
2025-12-08 08:31:02,111 - src.transform - INFO - Built test_results_df (no nulls): 3 rows x 2 columns
2025-12-08 08:31:02,111 - src.transform - ERROR - transform() failed.
Traceback (most recent call last):
  File "/Users/mattmurno/Desktop/Revature training files/etl_proj/src/config.py", line 43, in get_schema
    return CONFIG["schemas"][table_name]
           ~~~~~~~~~~~~~~~~~^^^^^^^^^^^^
KeyError: 'admission_type'

During handling of the above exception, another exception occurred:

Traceback (most recent call last):
  File "/Users/mattmurno/Desktop/Revature training files/etl_proj/src/transform.py", line 128, in transform
    admission_types_df = build_dimension_df(df, "admission_type")
                         ^^^^^^^^^^^^^^^^^^^^^^^^^^^^^^^^^^^^^^^^
  File "/Users/mattmurno/Desktop/Revature training files/etl_proj/src/transform.py", line 21, in build_dimension_df
    not_null_cols = get_source_not_null_columns(table_name)
                    ^^^^^^^^^^^^^^^^^^^^^^^^^^^^^^^^^^^^^^^
  File "/Users/mattmurno/Desktop/Revature training files/etl_proj/src/config.py", line 57, in get_source_not_null_columns
    cols = get_table_columns(table_name)
           ^^^^^^^^^^^^^^^^^^^^^^^^^^^^^
  File "/Users/mattmurno/Desktop/Revature training files/etl_proj/src/config.py", line 48, in get_table_columns
    schema = get_schema(table_name)
             ^^^^^^^^^^^^^^^^^^^^^^
  File "/Users/mattmurno/Desktop/Revature training files/etl_proj/src/config.py", line 45, in get_schema
    raise KeyError(f"Schema not found for table={table_name!r}")
KeyError: "Schema not found for table='admission_type'"
2025-12-08 08:31:52,311 - src.read - INFO - Starting read() for type=csv, path=data/healthcare_dataset_dirty.csv
2025-12-08 08:31:52,312 - src.read - INFO - Reading CSV file from data/healthcare_dataset_dirty.csv
2025-12-08 08:31:52,650 - src.read - INFO - Successfully read CSV: 57166 rows x 15 columns
2025-12-08 08:31:52,650 - src.clean - INFO - Starting clean(): input df has 57166 rows x 15 columns
2025-12-08 08:31:53,120 - src.clean - INFO - Standardized string columns where present.
2025-12-08 08:31:53,151 - src.clean - WARNING - Column age: 285 value(s) could not be converted to numeric and were set to NaN
2025-12-08 08:31:53,256 - src.clean - INFO - Column billing_amount converted to numeric successfully.
2025-12-08 08:31:53,291 - src.clean - WARNING - Column room_number: 394 value(s) could not be converted to numeric and were set to NaN
2025-12-08 08:31:53,292 - src.clean - INFO - Age range before validation: min=0.0, max=150.0
2025-12-08 08:31:53,294 - src.clean - WARNING - Age: 144 value(s) outside valid range (0–120); setting to NA
2025-12-08 08:31:53,296 - src.clean - INFO - Room_number range before validation: min=101.0, max=500.0
2025-12-08 08:31:53,297 - src.clean - INFO - Rounded billing_amount to 2 decimal places.
2025-12-08 08:31:53,335 - src.clean - WARNING - Column date_of_admission: 2858 value(s) could not be parsed as datetime and were set to NaT
2025-12-08 08:31:53,360 - src.clean - WARNING - Column discharge_date: 2858 value(s) could not be parsed as datetime and were set to NaT
2025-12-08 08:31:53,360 - src.clean - INFO - clean() completed. Output df has 57166 rows x 16 columns
2025-12-08 08:31:53,360 - src.transform - INFO - Starting transform(): input df has 57166 rows x 16 columns
2025-12-08 08:31:53,625 - src.transform - INFO - Built people_df (no nulls): 46803 rows x 5 columns
2025-12-08 08:31:53,640 - src.transform - INFO - Built hospitals_df (no nulls) (no nulls): 39007 rows x 2 columns
2025-12-08 08:31:53,781 - src.transform - INFO - Built doctors_df (pre-hospital merge, no nulls) (no nulls): 48928 rows x 3 columns
2025-12-08 08:31:53,873 - src.transform - INFO - Built conditions_df (no nulls): 6 rows x 2 columns
2025-12-08 08:31:53,914 - src.transform - INFO - Built insurance_df (no nulls): 6 rows x 2 columns
2025-12-08 08:31:53,921 - src.transform - WARNING - test_results_df: 2839 invalid or null result_label value(s) dropped before dimension build
2025-12-08 08:31:53,925 - src.transform - INFO - Built test_results_df (no nulls): 3 rows x 2 columns
2025-12-08 08:31:53,934 - src.transform - INFO - Built admission_types_df (no nulls): 3 rows x 2 columns
2025-12-08 08:31:54,382 - src.transform - INFO - Finished merges; df is now 57166 rows x 28 columns
2025-12-08 08:31:55,787 - src.transform - INFO - Built admissions_df: 25974 rows x 12 columns
2025-12-08 08:31:55,787 - src.transform - INFO - After reject split: 25974 valid admissions, 31192 rejected rows
2025-12-08 08:31:55,787 - src.transform - INFO - transform() completed successfully. Output tables: {'people': (46803, 5), 'doctors': (46283, 4), 'hospitals': (39007, 2), 'conditions': (6, 2), 'insurance': (6, 2), 'admission_types': (3, 2), 'test_results': (3, 2), 'admissions': (25974, 12), 'rejects': (31192, 16)}
2025-12-08 08:31:55,794 - src.load - INFO - Starting load()
2025-12-08 08:31:55,794 - src.load - INFO - Row counts - people=46803, hospitals=39007, doctors=46283, conditions=6, insurance=6, test_results=3, admission_types=3, admissions=25974, rejects=31192
2025-12-08 08:31:55,794 - src.load - INFO - Connecting to database...
2025-12-08 08:31:56,010 - src.load - INFO - Database connection established.
2025-12-08 08:31:56,069 - src.load - INFO - Tables created/verified successfully.
2025-12-08 08:31:56,069 - src.load - INFO - Truncating tables and resetting identities...
2025-12-08 08:31:56,350 - src.load - INFO - Tables truncated.
2025-12-08 08:31:56,351 - src.load - INFO - Starting insertion.
2025-12-08 08:32:25,187 - src.load - INFO - Load completed successfully.
2025-12-08 08:32:25,188 - src.load - INFO - Database connection closed. End of load().
2025-12-08 08:33:15,520 - src.read - INFO - Starting read() for type=csv, path=data/healthcare_dataset_dirty.csv
2025-12-08 08:33:15,521 - src.read - INFO - Reading CSV file from data/healthcare_dataset_dirty.csv
2025-12-08 08:33:15,736 - src.read - INFO - Successfully read CSV: 57166 rows x 15 columns
2025-12-08 08:33:15,736 - src.clean - INFO - Starting clean(): input df has 57166 rows x 15 columns
2025-12-08 08:33:16,262 - src.clean - INFO - Standardized string columns where present.
2025-12-08 08:33:16,319 - src.clean - WARNING - Column age: 285 value(s) could not be converted to numeric and were set to NaN
2025-12-08 08:33:16,442 - src.clean - INFO - Column billing_amount converted to numeric successfully.
2025-12-08 08:33:16,482 - src.clean - WARNING - Column room_number: 394 value(s) could not be converted to numeric and were set to NaN
2025-12-08 08:33:16,483 - src.clean - INFO - Age range before validation: min=0.0, max=150.0
2025-12-08 08:33:16,484 - src.clean - WARNING - Age: 144 value(s) outside valid range (0–120); setting to NA
2025-12-08 08:33:16,485 - src.clean - INFO - Room_number range before validation: min=101.0, max=500.0
2025-12-08 08:33:16,497 - src.clean - INFO - Rounded billing_amount to 2 decimal places.
2025-12-08 08:33:16,537 - src.clean - WARNING - Column date_of_admission: 2858 value(s) could not be parsed as datetime and were set to NaT
2025-12-08 08:33:16,917 - src.clean - WARNING - Column discharge_date: 2858 value(s) could not be parsed as datetime and were set to NaT
2025-12-08 08:33:16,917 - src.clean - INFO - clean() completed. Output df has 57166 rows x 16 columns
2025-12-08 08:33:16,917 - src.transform - INFO - Starting transform(): input df has 57166 rows x 16 columns
2025-12-08 08:33:17,752 - src.transform - INFO - Built people_df (no nulls): 46803 rows x 5 columns
2025-12-08 08:33:17,777 - src.transform - INFO - Built hospitals_df (no nulls) (no nulls): 39007 rows x 2 columns
2025-12-08 08:33:17,815 - src.transform - INFO - Built doctors_df (pre-hospital merge, no nulls) (no nulls): 48928 rows x 3 columns
2025-12-08 08:33:17,864 - src.transform - INFO - Built conditions_df (no nulls): 6 rows x 2 columns
2025-12-08 08:33:17,887 - src.transform - INFO - Built insurance_df (no nulls): 6 rows x 2 columns
2025-12-08 08:33:17,905 - src.transform - INFO - Built test_results_df (no nulls): 3 rows x 2 columns
2025-12-08 08:33:17,921 - src.transform - INFO - Built admission_types_df (no nulls): 3 rows x 2 columns
2025-12-08 08:33:18,310 - src.transform - INFO - Finished merges; df is now 57166 rows x 28 columns
2025-12-08 08:33:20,070 - src.transform - INFO - Built admissions_df: 25974 rows x 12 columns
2025-12-08 08:33:20,070 - src.transform - INFO - After reject split: 25974 valid admissions, 31192 rejected rows
2025-12-08 08:33:20,071 - src.transform - INFO - transform() completed successfully. Output tables: {'people': (46803, 5), 'doctors': (46283, 4), 'hospitals': (39007, 2), 'conditions': (6, 2), 'insurance': (6, 2), 'admission_types': (3, 2), 'test_results': (3, 2), 'admissions': (25974, 12), 'rejects': (31192, 16)}
2025-12-08 08:33:20,080 - src.load - INFO - Starting load()
2025-12-08 08:33:20,080 - src.load - INFO - Row counts - people=46803, hospitals=39007, doctors=46283, conditions=6, insurance=6, test_results=3, admission_types=3, admissions=25974, rejects=31192
2025-12-08 08:33:20,080 - src.load - INFO - Connecting to database...
2025-12-08 08:33:20,175 - src.load - INFO - Database connection established.
2025-12-08 08:33:20,178 - src.load - INFO - Tables created/verified successfully.
2025-12-08 08:33:20,178 - src.load - INFO - Truncating tables and resetting identities...
2025-12-08 08:33:20,240 - src.load - INFO - Tables truncated.
2025-12-08 08:33:20,240 - src.load - INFO - Starting insertion.
2025-12-08 08:33:56,014 - src.load - INFO - Load completed successfully.
2025-12-08 08:33:56,014 - src.load - INFO - Database connection closed. End of load().
2025-12-08 10:07:50,619 - src.read - INFO - Starting read() for type=csv, path=data/healthcare_dataset_dirty.csv
2025-12-08 10:07:50,619 - src.read - INFO - Reading CSV file from data/healthcare_dataset_dirty.csv
2025-12-08 10:07:50,941 - src.read - INFO - Successfully read CSV: 57166 rows x 15 columns
2025-12-08 10:07:50,941 - src.clean - INFO - Starting clean(): input df has 57166 rows x 15 columns
2025-12-08 10:07:51,469 - src.clean - INFO - Standardized string columns where present.
2025-12-08 10:07:51,500 - src.clean - WARNING - Column age: 285 value(s) could not be converted to numeric and were set to NaN
2025-12-08 10:07:51,584 - src.clean - INFO - Column billing_amount converted to numeric successfully.
2025-12-08 10:07:51,615 - src.clean - WARNING - Column room_number: 394 value(s) could not be converted to numeric and were set to NaN
2025-12-08 10:07:51,617 - src.clean - INFO - Age range before validation: min=0.0, max=150.0
2025-12-08 10:07:51,623 - src.clean - WARNING - Age: 144 value(s) outside valid range (0–120); setting to NA
2025-12-08 10:07:51,625 - src.clean - INFO - Room_number range before validation: min=101.0, max=500.0
2025-12-08 10:07:51,669 - src.clean - INFO - Rounded billing_amount to 2 decimal places.
2025-12-08 10:07:51,891 - src.clean - WARNING - Column date_of_admission: 2858 value(s) could not be parsed as datetime and were set to NaT
2025-12-08 10:07:52,053 - src.clean - WARNING - Column discharge_date: 2858 value(s) could not be parsed as datetime and were set to NaT
2025-12-08 10:07:52,053 - src.clean - INFO - clean() completed. Output df has 57166 rows x 15 columns
2025-12-08 10:07:52,053 - src.transform - INFO - Starting transform(): input df has 57166 rows x 15 columns
2025-12-08 10:07:52,367 - src.transform - INFO - Built people_df (no nulls): 46803 rows x 5 columns
2025-12-08 10:07:52,380 - src.transform - INFO - Built hospitals_df (no nulls) (no nulls): 39007 rows x 2 columns
2025-12-08 10:07:52,420 - src.transform - INFO - Built doctors_df (pre-hospital merge, no nulls) (no nulls): 48928 rows x 3 columns
2025-12-08 10:07:52,483 - src.transform - INFO - Built conditions_df (no nulls): 6 rows x 2 columns
2025-12-08 10:07:52,493 - src.transform - INFO - Built insurance_df (no nulls): 6 rows x 2 columns
2025-12-08 10:07:52,505 - src.transform - INFO - Built test_results_df (no nulls): 3 rows x 2 columns
2025-12-08 10:07:52,529 - src.transform - INFO - Built admission_types_df (no nulls): 3 rows x 2 columns
2025-12-08 10:07:52,912 - src.transform - INFO - Finished merges; df is now 57166 rows x 27 columns
2025-12-08 10:07:54,402 - src.transform - INFO - Built admissions_df: 25974 rows x 12 columns
2025-12-08 10:07:54,408 - src.transform - INFO - After reject split: 25974 valid admissions, 31192 rejected rows
2025-12-08 10:07:54,408 - src.transform - INFO - transform() completed successfully. Output tables: {'people': (46803, 5), 'doctors': (46283, 4), 'hospitals': (39007, 2), 'conditions': (6, 2), 'insurance': (6, 2), 'admission_types': (3, 2), 'test_results': (3, 2), 'admissions': (25974, 12), 'rejects': (31192, 16)}
2025-12-08 10:07:54,416 - src.load - INFO - Starting load()
2025-12-08 10:07:54,416 - src.load - INFO - Row counts - people=46803, hospitals=39007, doctors=46283, conditions=6, insurance=6, test_results=3, admission_types=3, admissions=25974, rejects=31192
2025-12-08 10:07:54,416 - src.load - INFO - Connecting to database...
2025-12-08 10:07:54,535 - src.load - INFO - Database connection established.
2025-12-08 10:07:54,673 - src.load - INFO - Tables created/verified successfully.
2025-12-08 10:07:54,673 - src.load - INFO - Truncating tables and resetting identities...
2025-12-08 10:07:54,705 - src.load - INFO - Tables truncated.
2025-12-08 10:07:54,705 - src.load - INFO - Starting insertion.
2025-12-08 10:08:31,060 - src.load - INFO - Load completed successfully.
2025-12-08 10:08:31,061 - src.load - INFO - Database connection closed. End of load().
2025-12-08 10:16:16,214 - src.read - INFO - Starting read() for type=csv, path=data/healthcare_dataset_dirty.csv
2025-12-08 10:16:16,215 - src.read - INFO - Reading CSV file from data/healthcare_dataset_dirty.csv
2025-12-08 10:16:16,543 - src.read - INFO - Successfully read CSV: 57166 rows x 15 columns
2025-12-08 10:16:16,543 - src.clean - INFO - Starting clean(): input df has 57166 rows x 15 columns
2025-12-08 10:16:17,059 - src.clean - INFO - Standardized string columns where present.
2025-12-08 10:16:17,091 - src.clean - WARNING - Column age: 285 value(s) could not be converted to numeric and were set to NaN
2025-12-08 10:16:17,176 - src.clean - INFO - Column billing_amount converted to numeric successfully.
2025-12-08 10:16:17,229 - src.clean - WARNING - Column room_number: 394 value(s) could not be converted to numeric and were set to NaN
2025-12-08 10:16:17,231 - src.clean - INFO - Age range before validation: min=0.0, max=150.0
2025-12-08 10:16:17,238 - src.clean - WARNING - Age: 144 value(s) outside valid range (0–120); setting to NA
2025-12-08 10:16:17,248 - src.clean - INFO - Room_number range before validation: min=101.0, max=500.0
2025-12-08 10:16:17,252 - src.clean - INFO - Rounded billing_amount to 2 decimal places.
2025-12-08 10:16:17,299 - src.clean - WARNING - Column date_of_admission: 2858 value(s) could not be parsed as datetime and were set to NaT
2025-12-08 10:16:17,318 - src.clean - WARNING - Column discharge_date: 2858 value(s) could not be parsed as datetime and were set to NaT
2025-12-08 10:16:17,320 - src.clean - INFO - clean() completed. Output df has 57166 rows x 15 columns
2025-12-08 10:16:17,321 - src.transform - INFO - Starting transform(): input df has 57166 rows x 15 columns
2025-12-08 10:16:17,605 - src.transform - INFO - Built people_df (no nulls): 46803 rows x 5 columns
2025-12-08 10:16:17,719 - src.transform - INFO - Built hospitals_df (no nulls) (no nulls): 39007 rows x 2 columns
2025-12-08 10:16:17,799 - src.transform - INFO - Built doctors_df (pre-hospital merge, no nulls) (no nulls): 48928 rows x 3 columns
2025-12-08 10:16:17,866 - src.transform - INFO - Built conditions_df (no nulls): 6 rows x 2 columns
2025-12-08 10:16:17,877 - src.transform - INFO - Built insurance_df (no nulls): 6 rows x 2 columns
2025-12-08 10:16:17,887 - src.transform - INFO - Built test_results_df (no nulls): 3 rows x 2 columns
2025-12-08 10:16:17,900 - src.transform - INFO - Built admission_types_df (no nulls): 3 rows x 2 columns
2025-12-08 10:16:18,285 - src.transform - INFO - Finished merges; df is now 57166 rows x 27 columns
2025-12-08 10:16:19,791 - src.transform - INFO - Built admissions_df: 25974 rows x 12 columns
2025-12-08 10:16:19,792 - src.transform - INFO - After reject split: 25974 valid admissions, 31192 rejected rows
2025-12-08 10:16:19,792 - src.transform - INFO - transform() completed successfully. Output tables: {'people': (46803, 5), 'doctors': (46283, 4), 'hospitals': (39007, 2), 'conditions': (6, 2), 'insurance': (6, 2), 'admission_types': (3, 2), 'test_results': (3, 2), 'admissions': (25974, 12), 'rejects': (31192, 16)}
2025-12-08 10:16:19,810 - src.load - INFO - Starting load()
2025-12-08 10:16:19,810 - src.load - INFO - Row counts - people=46803, hospitals=39007, doctors=46283, conditions=6, insurance=6, test_results=3, admission_types=3, admissions=25974, rejects=31192
2025-12-08 10:16:19,810 - src.load - INFO - Connecting to database...
2025-12-08 10:16:19,894 - src.load - INFO - Database connection established.
2025-12-08 10:16:19,912 - src.load - INFO - Tables created/verified successfully.
2025-12-08 10:16:19,912 - src.load - INFO - Truncating tables and resetting identities...
2025-12-08 10:16:19,969 - src.load - INFO - Tables truncated.
2025-12-08 10:16:19,969 - src.load - INFO - Starting insertion.
2025-12-08 10:17:03,631 - src.load - INFO - Load completed successfully.
2025-12-08 10:17:03,632 - src.load - INFO - Database connection closed. End of load().
2025-12-08 10:20:01,372 - src.read - INFO - Starting read() for type=csv, path=data/healthcare_dataset_dirty.csv
2025-12-08 10:20:01,373 - src.read - INFO - Reading CSV file from data/healthcare_dataset_dirty.csv
2025-12-08 10:20:01,845 - src.read - INFO - Successfully read CSV: 57166 rows x 15 columns
2025-12-08 10:20:01,846 - src.clean - INFO - Starting clean(): input df has 57166 rows x 15 columns
2025-12-08 10:20:02,306 - src.clean - INFO - Standardized string columns where present.
2025-12-08 10:20:02,366 - src.clean - WARNING - Column age: 285 value(s) could not be converted to numeric and were set to NaN
2025-12-08 10:20:02,494 - src.clean - INFO - Column billing_amount converted to numeric successfully.
2025-12-08 10:20:02,559 - src.clean - WARNING - Column room_number: 394 value(s) could not be converted to numeric and were set to NaN
2025-12-08 10:20:02,560 - src.clean - INFO - Age range before validation: min=0.0, max=150.0
2025-12-08 10:20:02,561 - src.clean - WARNING - Age: 144 value(s) outside valid range (0–120); setting to NA
2025-12-08 10:20:02,563 - src.clean - INFO - Room_number range before validation: min=101.0, max=500.0
2025-12-08 10:20:02,565 - src.clean - INFO - Rounded billing_amount to 2 decimal places.
2025-12-08 10:20:02,604 - src.clean - WARNING - Column date_of_admission: 2858 value(s) could not be parsed as datetime and were set to NaT
2025-12-08 10:20:02,620 - src.clean - WARNING - Column discharge_date: 2858 value(s) could not be parsed as datetime and were set to NaT
2025-12-08 10:20:02,620 - src.clean - INFO - clean() completed. Output df has 57166 rows x 15 columns
2025-12-08 10:20:02,641 - src.transform - INFO - Starting transform(): input df has 57166 rows x 15 columns
2025-12-08 10:20:02,936 - src.transform - INFO - Built people_df (no nulls): 46803 rows x 5 columns
2025-12-08 10:20:02,951 - src.transform - INFO - Built hospitals_df (no nulls) (no nulls): 39007 rows x 2 columns
2025-12-08 10:20:02,990 - src.transform - INFO - Built doctors_df (pre-hospital merge, no nulls) (no nulls): 48928 rows x 3 columns
2025-12-08 10:20:03,036 - src.transform - INFO - Built conditions_df (no nulls): 6 rows x 2 columns
2025-12-08 10:20:03,047 - src.transform - INFO - Built insurance_df (no nulls): 6 rows x 2 columns
2025-12-08 10:20:03,056 - src.transform - INFO - Built test_results_df (no nulls): 3 rows x 2 columns
2025-12-08 10:20:03,066 - src.transform - INFO - Built admission_types_df (no nulls): 3 rows x 2 columns
2025-12-08 10:20:03,957 - src.transform - INFO - Finished merges; df is now 57166 rows x 27 columns
2025-12-08 10:20:05,660 - src.transform - INFO - Built admissions_df: 25974 rows x 12 columns
2025-12-08 10:20:05,660 - src.transform - INFO - After reject split: 25974 valid admissions, 31192 rejected rows
2025-12-08 10:20:05,660 - src.transform - INFO - transform() completed successfully. Output tables: {'people': (46803, 5), 'doctors': (46283, 4), 'hospitals': (39007, 2), 'conditions': (6, 2), 'insurance': (6, 2), 'admission_types': (3, 2), 'test_results': (3, 2), 'admissions': (25974, 12), 'rejects': (31192, 16)}
2025-12-08 10:20:05,666 - src.load - INFO - Starting load()
2025-12-08 10:20:05,667 - src.load - INFO - Row counts - people=46803, hospitals=39007, doctors=46283, conditions=6, insurance=6, test_results=3, admission_types=3, admissions=25974, rejects=31192
2025-12-08 10:20:05,667 - src.load - INFO - Connecting to database...
2025-12-08 10:20:05,890 - src.load - INFO - Database connection established.
2025-12-08 10:20:05,898 - src.load - INFO - Tables created/verified successfully.
2025-12-08 10:20:05,898 - src.load - INFO - Truncating tables and resetting identities...
2025-12-08 10:20:05,964 - src.load - INFO - Tables truncated.
2025-12-08 10:20:05,964 - src.load - INFO - Starting insertion.
2025-12-08 10:20:57,976 - src.load - INFO - Load completed successfully.
2025-12-08 10:20:57,977 - src.load - INFO - Database connection closed. End of load().
2025-12-08 10:22:20,767 - src.read - INFO - Starting read() for type=csv, path=data/healthcare_dataset_dirty.csv
2025-12-08 10:22:20,767 - src.read - INFO - Reading CSV file from data/healthcare_dataset_dirty.csv
2025-12-08 10:22:21,553 - src.read - INFO - Successfully read CSV: 57166 rows x 15 columns
2025-12-08 10:22:21,553 - src.clean - INFO - Starting clean(): input df has 57166 rows x 15 columns
2025-12-08 10:22:22,159 - src.clean - INFO - Standardized string columns where present.
2025-12-08 10:22:22,203 - src.clean - WARNING - Column age: 285 value(s) could not be converted to numeric and were set to NaN
2025-12-08 10:22:22,326 - src.clean - INFO - Column billing_amount converted to numeric successfully.
2025-12-08 10:22:22,386 - src.clean - WARNING - Column room_number: 394 value(s) could not be converted to numeric and were set to NaN
2025-12-08 10:22:22,389 - src.clean - INFO - Age range before validation: min=0.0, max=150.0
2025-12-08 10:22:22,390 - src.clean - WARNING - Age: 144 value(s) outside valid range (0–120); setting to NA
2025-12-08 10:22:22,393 - src.clean - INFO - Room_number range before validation: min=101.0, max=500.0
2025-12-08 10:22:22,395 - src.clean - INFO - Rounded billing_amount to 2 decimal places.
2025-12-08 10:22:22,419 - src.clean - WARNING - Column date_of_admission: 2858 value(s) could not be parsed as datetime and were set to NaT
2025-12-08 10:22:22,439 - src.clean - WARNING - Column discharge_date: 2858 value(s) could not be parsed as datetime and were set to NaT
2025-12-08 10:22:22,439 - src.clean - INFO - clean() completed. Output df has 57166 rows x 15 columns
2025-12-08 10:22:22,439 - src.transform - INFO - Starting transform(): input df has 57166 rows x 15 columns
2025-12-08 10:22:22,719 - src.transform - INFO - Built people_df (no nulls): 46803 rows x 5 columns
2025-12-08 10:22:22,749 - src.transform - INFO - Built hospitals_df (no nulls) (no nulls): 39007 rows x 2 columns
2025-12-08 10:22:22,917 - src.transform - INFO - Built doctors_df (pre-hospital merge, no nulls) (no nulls): 48928 rows x 3 columns
2025-12-08 10:22:22,985 - src.transform - INFO - Built conditions_df (no nulls): 6 rows x 2 columns
2025-12-08 10:22:23,003 - src.transform - INFO - Built insurance_df (no nulls): 6 rows x 2 columns
2025-12-08 10:22:23,014 - src.transform - INFO - Built test_results_df (no nulls): 3 rows x 2 columns
2025-12-08 10:22:23,038 - src.transform - INFO - Built admission_types_df (no nulls): 3 rows x 2 columns
2025-12-08 10:22:23,461 - src.transform - INFO - Finished merges; df is now 57166 rows x 27 columns
2025-12-08 10:22:25,026 - src.transform - INFO - Built admissions_df: 25974 rows x 12 columns
2025-12-08 10:22:25,026 - src.transform - INFO - After reject split: 25974 valid admissions, 31192 rejected rows
2025-12-08 10:22:25,026 - src.transform - INFO - transform() completed successfully. Output tables: {'people': (46803, 5), 'doctors': (46283, 4), 'hospitals': (39007, 2), 'conditions': (6, 2), 'insurance': (6, 2), 'admission_types': (3, 2), 'test_results': (3, 2), 'admissions': (25974, 12), 'rejects': (31192, 16)}
2025-12-08 10:22:25,033 - src.load - INFO - Starting load()
2025-12-08 10:22:25,033 - src.load - INFO - Row counts - people=46803, hospitals=39007, doctors=46283, conditions=6, insurance=6, test_results=3, admission_types=3, admissions=25974, rejects=31192
2025-12-08 10:22:25,033 - src.load - INFO - Connecting to database...
2025-12-08 10:22:25,127 - src.load - INFO - Database connection established.
2025-12-08 10:22:25,140 - src.load - INFO - Tables created/verified successfully.
2025-12-08 10:22:25,141 - src.load - INFO - Truncating tables and resetting identities...
2025-12-08 10:22:25,196 - src.load - INFO - Tables truncated.
2025-12-08 10:22:25,196 - src.load - INFO - Starting insertion.
2025-12-08 10:23:01,292 - src.load - INFO - Load completed successfully.
2025-12-08 10:23:01,309 - src.load - INFO - Database connection closed. End of load().
2025-12-08 10:42:04,784 - src.read - INFO - Starting read() for type=csv, path=data/healthcare_dataset_dirty.csv
2025-12-08 10:42:04,785 - src.read - INFO - Reading CSV file from data/healthcare_dataset_dirty.csv
2025-12-08 10:42:05,091 - src.read - INFO - Successfully read CSV: 57166 rows x 15 columns
2025-12-08 10:42:05,092 - src.clean - INFO - Starting clean(): input df has 57166 rows x 15 columns
2025-12-08 10:42:05,564 - src.clean - INFO - Standardized string columns where present.
2025-12-08 10:42:05,778 - src.clean - WARNING - Column age: 285 value(s) could not be converted to numeric and were set to NaN
2025-12-08 10:42:05,868 - src.clean - INFO - Column billing_amount converted to numeric successfully.
2025-12-08 10:42:05,901 - src.clean - WARNING - Column room_number: 394 value(s) could not be converted to numeric and were set to NaN
2025-12-08 10:42:05,902 - src.clean - INFO - Age range before validation: min=0.0, max=150.0
2025-12-08 10:42:05,903 - src.clean - WARNING - Age: 144 value(s) outside valid range (0–120); setting to NA
2025-12-08 10:42:05,904 - src.clean - INFO - Room_number range before validation: min=101.0, max=500.0
2025-12-08 10:42:05,905 - src.clean - INFO - Rounded billing_amount to 2 decimal places.
2025-12-08 10:42:05,953 - src.clean - WARNING - Column date_of_admission: 2858 value(s) could not be parsed as datetime and were set to NaT
2025-12-08 10:42:05,971 - src.clean - WARNING - Column discharge_date: 2858 value(s) could not be parsed as datetime and were set to NaT
2025-12-08 10:42:05,976 - src.clean - INFO - clean() completed. Output df has 57166 rows x 15 columns
2025-12-08 10:42:05,976 - src.transform - INFO - Starting transform(): input df has 57166 rows x 15 columns
2025-12-08 10:42:06,260 - src.transform - INFO - Built people_df (no nulls): 46803 rows x 5 columns
2025-12-08 10:42:06,278 - src.transform - INFO - Built hospitals_df (no nulls) (no nulls): 39007 rows x 2 columns
2025-12-08 10:42:06,314 - src.transform - INFO - Built doctors_df (pre-hospital merge, no nulls) (no nulls): 48928 rows x 3 columns
2025-12-08 10:42:06,360 - src.transform - INFO - Built conditions_df (no nulls): 6 rows x 2 columns
2025-12-08 10:42:06,369 - src.transform - INFO - Built insurance_df (no nulls): 6 rows x 2 columns
2025-12-08 10:42:06,378 - src.transform - INFO - Built test_results_df (no nulls): 3 rows x 2 columns
2025-12-08 10:42:06,389 - src.transform - INFO - Built admission_types_df (no nulls): 3 rows x 2 columns
2025-12-08 10:42:06,748 - src.transform - INFO - Finished merges; df is now 57166 rows x 27 columns
2025-12-08 10:42:08,213 - src.transform - INFO - Built admissions_df: 25974 rows x 12 columns
2025-12-08 10:42:08,213 - src.transform - INFO - After reject split: 25974 valid admissions, 31192 rejected rows
2025-12-08 10:42:08,213 - src.transform - INFO - transform() completed successfully. Output tables: {'people': (46803, 5), 'doctors': (46283, 4), 'hospitals': (39007, 2), 'conditions': (6, 2), 'insurance': (6, 2), 'admission_types': (3, 2), 'test_results': (3, 2), 'admissions': (25974, 12), 'rejects': (31192, 16)}
2025-12-08 10:42:08,220 - src.load - INFO - Starting load()
2025-12-08 10:42:08,220 - src.load - INFO - Row counts - people=46803, hospitals=39007, doctors=46283, conditions=6, insurance=6, test_results=3, admission_types=3, admissions=25974, rejects=31192
2025-12-08 10:42:08,220 - src.load - INFO - Connecting to database...
2025-12-08 10:42:08,344 - src.load - INFO - Database connection established.
2025-12-08 10:42:08,362 - src.load - INFO - Tables created/verified successfully.
2025-12-08 10:42:08,362 - src.load - INFO - Truncating tables and resetting identities...
2025-12-08 10:42:08,422 - src.load - INFO - Tables truncated.
2025-12-08 10:42:08,422 - src.load - INFO - Starting insertion.
2025-12-08 10:42:47,682 - src.load - INFO - Load completed successfully.
2025-12-08 10:42:47,684 - src.load - INFO - Database connection closed. End of load().
2025-12-08 10:43:41,726 - src.read - INFO - Starting read() for type=csv, path=data/healthcare_dataset_dirty.csv
2025-12-08 10:43:41,727 - src.read - INFO - Reading CSV file from data/healthcare_dataset_dirty.csv
2025-12-08 10:43:42,268 - src.read - INFO - Successfully read CSV: 57166 rows x 15 columns
2025-12-08 10:43:42,269 - src.clean - INFO - Starting clean(): input df has 57166 rows x 15 columns
2025-12-08 10:43:42,966 - src.clean - INFO - Standardized string columns where present.
2025-12-08 10:43:43,000 - src.clean - WARNING - Column age: 285 value(s) could not be converted to numeric and were set to NaN
2025-12-08 10:43:43,089 - src.clean - INFO - Column billing_amount converted to numeric successfully.
2025-12-08 10:43:43,121 - src.clean - WARNING - Column room_number: 394 value(s) could not be converted to numeric and were set to NaN
2025-12-08 10:43:43,122 - src.clean - INFO - Age range before validation: min=0.0, max=150.0
2025-12-08 10:43:43,125 - src.clean - WARNING - Age: 144 value(s) outside valid range (0–120); setting to NA
2025-12-08 10:43:43,126 - src.clean - INFO - Room_number range before validation: min=101.0, max=500.0
2025-12-08 10:43:43,127 - src.clean - INFO - Rounded billing_amount to 2 decimal places.
2025-12-08 10:43:43,151 - src.clean - WARNING - Column date_of_admission: 2858 value(s) could not be parsed as datetime and were set to NaT
2025-12-08 10:43:43,176 - src.clean - WARNING - Column discharge_date: 2858 value(s) could not be parsed as datetime and were set to NaT
2025-12-08 10:43:43,179 - src.clean - INFO - clean() completed. Output df has 57166 rows x 15 columns
2025-12-08 10:43:43,180 - src.transform - INFO - Starting transform(): input df has 57166 rows x 15 columns
2025-12-08 10:43:43,551 - src.transform - INFO - Built people_df (no nulls): 46803 rows x 5 columns
2025-12-08 10:43:43,566 - src.transform - INFO - Built hospitals_df (no nulls) (no nulls): 39007 rows x 2 columns
2025-12-08 10:43:43,605 - src.transform - INFO - Built doctors_df (pre-hospital merge, no nulls) (no nulls): 48928 rows x 3 columns
2025-12-08 10:43:43,654 - src.transform - INFO - Built conditions_df (no nulls): 6 rows x 2 columns
2025-12-08 10:43:43,665 - src.transform - INFO - Built insurance_df (no nulls): 6 rows x 2 columns
2025-12-08 10:43:43,680 - src.transform - INFO - Built test_results_df (no nulls): 3 rows x 2 columns
2025-12-08 10:43:43,694 - src.transform - INFO - Built admission_types_df (no nulls): 3 rows x 2 columns
2025-12-08 10:43:44,012 - src.transform - INFO - Finished merges; df is now 57166 rows x 27 columns
2025-12-08 10:43:45,289 - src.transform - INFO - Built admissions_df: 25974 rows x 12 columns
2025-12-08 10:43:45,289 - src.transform - INFO - After reject split: 25974 valid admissions, 31192 rejected rows
2025-12-08 10:43:45,289 - src.transform - INFO - transform() completed successfully. Output tables: {'people': (46803, 5), 'doctors': (46283, 4), 'hospitals': (39007, 2), 'conditions': (6, 2), 'insurance': (6, 2), 'admission_types': (3, 2), 'test_results': (3, 2), 'admissions': (25974, 12), 'rejects': (31192, 16)}
2025-12-08 10:43:45,297 - src.load - INFO - Starting load()
2025-12-08 10:43:45,297 - src.load - INFO - Row counts - people=46803, hospitals=39007, doctors=46283, conditions=6, insurance=6, test_results=3, admission_types=3, admissions=25974, rejects=31192
2025-12-08 10:43:45,297 - src.load - INFO - Connecting to database...
2025-12-08 10:43:45,560 - src.load - INFO - Database connection established.
2025-12-08 10:43:45,564 - src.load - INFO - Tables created/verified successfully.
2025-12-08 10:43:45,564 - src.load - INFO - Truncating tables and resetting identities...
2025-12-08 10:43:45,635 - src.load - INFO - Tables truncated.
2025-12-08 10:43:45,635 - src.load - INFO - Starting insertion.
2025-12-08 10:44:12,942 - src.load - INFO - Load completed successfully.
2025-12-08 10:44:12,943 - src.load - INFO - Database connection closed. End of load().
2025-12-08 10:46:39,151 - src.read - INFO - Starting read() for type=csv, path=data/healthcare_dataset_dirty.csv
2025-12-08 10:46:39,151 - src.read - INFO - Reading CSV file from data/healthcare_dataset_dirty.csv
2025-12-08 10:46:39,445 - src.read - INFO - Successfully read CSV: 57166 rows x 15 columns
2025-12-08 10:46:39,445 - src.clean - INFO - Starting clean(): input df has 57166 rows x 15 columns
2025-12-08 10:46:39,907 - src.clean - INFO - Standardized string columns where present.
2025-12-08 10:46:39,955 - src.clean - WARNING - Column age: 285 value(s) could not be converted to numeric and were set to NaN
2025-12-08 10:46:40,149 - src.clean - INFO - Column billing_amount converted to numeric successfully.
2025-12-08 10:46:40,197 - src.clean - WARNING - Column room_number: 394 value(s) could not be converted to numeric and were set to NaN
2025-12-08 10:46:40,200 - src.clean - INFO - Age range before validation: min=0.0, max=150.0
2025-12-08 10:46:40,202 - src.clean - WARNING - Age: 144 value(s) outside valid range (0–120); setting to NA
2025-12-08 10:46:40,204 - src.clean - INFO - Room_number range before validation: min=101.0, max=500.0
2025-12-08 10:46:40,206 - src.clean - INFO - Rounded billing_amount to 2 decimal places.
2025-12-08 10:46:40,224 - src.clean - WARNING - Column date_of_admission: 2858 value(s) could not be parsed as datetime and were set to NaT
2025-12-08 10:46:40,241 - src.clean - WARNING - Column discharge_date: 2858 value(s) could not be parsed as datetime and were set to NaT
2025-12-08 10:46:40,241 - src.clean - INFO - clean() completed. Output df has 57166 rows x 15 columns
2025-12-08 10:46:40,242 - src.transform - INFO - Starting transform(): input df has 57166 rows x 15 columns
2025-12-08 10:46:40,506 - src.transform - INFO - Built people_df (no nulls): 46803 rows x 5 columns
2025-12-08 10:46:40,523 - src.transform - INFO - Built hospitals_df (no nulls) (no nulls): 39007 rows x 2 columns
2025-12-08 10:46:40,560 - src.transform - INFO - Built doctors_df (pre-hospital merge, no nulls) (no nulls): 48928 rows x 3 columns
2025-12-08 10:46:40,610 - src.transform - INFO - Built conditions_df (no nulls): 6 rows x 2 columns
2025-12-08 10:46:40,621 - src.transform - INFO - Built insurance_df (no nulls): 6 rows x 2 columns
2025-12-08 10:46:40,636 - src.transform - INFO - Built test_results_df (no nulls): 3 rows x 2 columns
2025-12-08 10:46:40,656 - src.transform - INFO - Built admission_types_df (no nulls): 3 rows x 2 columns
2025-12-08 10:46:41,013 - src.transform - INFO - Finished merges; df is now 57166 rows x 27 columns
2025-12-08 10:46:42,340 - src.transform - ERROR - transform() failed.
Traceback (most recent call last):
  File "/Users/mattmurno/Desktop/Revature training files/etl_proj/src/transform.py", line 216, in transform
    admissions_df, rejects_df = build_admissions_and_rejects(df)
                                ^^^^^^^^^^^^^^^^^^^^^^^^^^^^^^^^
  File "/Users/mattmurno/Desktop/Revature training files/etl_proj/src/transform.py", line 118, in build_admissions_and_rejects
    admissions_df = admissions_df[admission_cols]
                    ~~~~~~~~~~~~~^^^^^^^^^^^^^^^^
  File "/Users/mattmurno/Desktop/Revature training files/etl_proj/venv/lib/python3.11/site-packages/pandas/core/frame.py", line 4074, in __getitem__
    check_dict_or_set_indexers(key)
  File "/Users/mattmurno/Desktop/Revature training files/etl_proj/venv/lib/python3.11/site-packages/pandas/core/indexing.py", line 2819, in check_dict_or_set_indexers
    raise TypeError(
TypeError: Passing a dict as an indexer is not supported. Use a list instead.
2025-12-08 10:49:02,947 - src.read - INFO - Starting read() for type=csv, path=data/healthcare_dataset_dirty.csv
2025-12-08 10:49:02,948 - src.read - INFO - Reading CSV file from data/healthcare_dataset_dirty.csv
2025-12-08 10:49:03,300 - src.read - INFO - Successfully read CSV: 57166 rows x 15 columns
2025-12-08 10:49:03,304 - src.clean - INFO - Starting clean(): input df has 57166 rows x 15 columns
2025-12-08 10:49:03,857 - src.clean - INFO - Standardized string columns where present.
2025-12-08 10:49:03,897 - src.clean - WARNING - Column age: 285 value(s) could not be converted to numeric and were set to NaN
2025-12-08 10:49:04,002 - src.clean - INFO - Column billing_amount converted to numeric successfully.
2025-12-08 10:49:04,056 - src.clean - WARNING - Column room_number: 394 value(s) could not be converted to numeric and were set to NaN
2025-12-08 10:49:04,057 - src.clean - INFO - Age range before validation: min=0.0, max=150.0
2025-12-08 10:49:04,058 - src.clean - WARNING - Age: 144 value(s) outside valid range (0–120); setting to NA
2025-12-08 10:49:04,059 - src.clean - INFO - Room_number range before validation: min=101.0, max=500.0
2025-12-08 10:49:04,072 - src.clean - INFO - Rounded billing_amount to 2 decimal places.
2025-12-08 10:49:04,131 - src.clean - WARNING - Column date_of_admission: 2858 value(s) could not be parsed as datetime and were set to NaT
2025-12-08 10:49:04,165 - src.clean - WARNING - Column discharge_date: 2858 value(s) could not be parsed as datetime and were set to NaT
2025-12-08 10:49:04,165 - src.clean - INFO - clean() completed. Output df has 57166 rows x 15 columns
2025-12-08 10:49:04,165 - src.transform - INFO - Starting transform(): input df has 57166 rows x 15 columns
2025-12-08 10:49:04,487 - src.transform - INFO - Built people_df (no nulls): 46803 rows x 5 columns
2025-12-08 10:49:04,501 - src.transform - INFO - Built hospitals_df (no nulls) (no nulls): 39007 rows x 2 columns
2025-12-08 10:49:04,540 - src.transform - INFO - Built doctors_df (pre-hospital merge, no nulls) (no nulls): 48928 rows x 3 columns
2025-12-08 10:49:04,599 - src.transform - INFO - Built conditions_df (no nulls): 6 rows x 2 columns
2025-12-08 10:49:04,609 - src.transform - INFO - Built insurance_df (no nulls): 6 rows x 2 columns
2025-12-08 10:49:04,760 - src.transform - INFO - Built test_results_df (no nulls): 3 rows x 2 columns
2025-12-08 10:49:04,822 - src.transform - INFO - Built admission_types_df (no nulls): 3 rows x 2 columns
2025-12-08 10:49:05,181 - src.transform - INFO - Finished merges; df is now 57166 rows x 27 columns
2025-12-08 10:49:06,631 - src.transform - INFO - Built admissions_df: 25974 rows x 12 columns
2025-12-08 10:49:06,631 - src.transform - INFO - After reject split: 25974 valid admissions, 31192 rejected rows
2025-12-08 10:49:06,633 - src.transform - INFO - transform() completed successfully. Output tables: {'people': (46803, 5), 'doctors': (46283, 4), 'hospitals': (39007, 2), 'conditions': (6, 2), 'insurance': (6, 2), 'admission_types': (3, 2), 'test_results': (3, 2), 'admissions': (25974, 12), 'rejects': (31192, 16)}
2025-12-08 10:49:06,638 - src.load - INFO - Starting load()
2025-12-08 10:49:06,638 - src.load - INFO - Row counts - people=46803, hospitals=39007, doctors=46283, conditions=6, insurance=6, test_results=3, admission_types=3, admissions=25974, rejects=31192
2025-12-08 10:49:06,638 - src.load - INFO - Connecting to database...
2025-12-08 10:49:06,735 - src.load - INFO - Database connection established.
2025-12-08 10:49:06,753 - src.load - INFO - Tables created/verified successfully.
2025-12-08 10:49:06,754 - src.load - INFO - Truncating tables and resetting identities...
2025-12-08 10:49:06,808 - src.load - INFO - Tables truncated.
2025-12-08 10:49:06,808 - src.load - INFO - Starting insertion.
2025-12-08 10:49:45,839 - src.load - INFO - Load completed successfully.
2025-12-08 10:49:45,840 - src.load - INFO - Database connection closed. End of load().
2025-12-08 10:50:25,240 - src.clean - INFO - Starting clean(): input df has 2 rows x 3 columns
2025-12-08 10:50:25,327 - src.clean - INFO - Standardized string columns where present.
2025-12-08 10:50:25,327 - src.clean - INFO - clean() completed. Output df has 2 rows x 3 columns
2025-12-08 10:50:25,333 - src.clean - INFO - Starting clean(): input df has 1 rows x 2 columns
2025-12-08 10:50:25,343 - src.clean - INFO - Standardized string columns where present.
2025-12-08 10:50:25,344 - src.clean - INFO - clean() completed. Output df has 1 rows x 2 columns
2025-12-08 10:50:25,371 - src.load - INFO - Starting load()
2025-12-08 10:50:25,371 - src.load - INFO - Row counts - people=1, hospitals=1, doctors=1, conditions=1, insurance=1, test_results=1, admission_types=1, admissions=1, rejects=1
2025-12-08 10:50:25,371 - src.load - INFO - Connecting to database...
2025-12-08 10:50:25,371 - src.load - INFO - Database connection established.
2025-12-08 10:50:25,371 - src.load - INFO - Tables created/verified successfully.
2025-12-08 10:50:25,372 - src.load - INFO - Truncating tables and resetting identities...
2025-12-08 10:50:25,372 - src.load - INFO - Tables truncated.
2025-12-08 10:50:25,372 - src.load - INFO - Starting insertion.
2025-12-08 10:50:25,380 - src.load - INFO - Load completed successfully.
2025-12-08 10:50:25,384 - src.load - INFO - Database connection closed. End of load().
2025-12-08 10:50:25,393 - src.load - INFO - Starting load()
2025-12-08 10:50:25,394 - src.load - INFO - Row counts - people=3, hospitals=1, doctors=1, conditions=1, insurance=1, test_results=1, admission_types=1, admissions=1, rejects=1
2025-12-08 10:50:25,394 - src.load - INFO - Connecting to database...
2025-12-08 10:50:25,394 - src.load - INFO - Database connection established.
2025-12-08 10:50:25,394 - src.load - INFO - Tables created/verified successfully.
2025-12-08 10:50:25,395 - src.load - INFO - Truncating tables and resetting identities...
2025-12-08 10:50:25,395 - src.load - INFO - Tables truncated.
2025-12-08 10:50:25,395 - src.load - INFO - Starting insertion.
2025-12-08 10:50:25,396 - src.load - WARNING - Invalid age 150 for person Too Old; setting age to NULL before insert
2025-12-08 10:50:25,402 - src.load - INFO - Load completed successfully.
2025-12-08 10:50:25,402 - src.load - INFO - Database connection closed. End of load().
2025-12-08 10:50:25,411 - src.load - INFO - Starting load()
2025-12-08 10:50:25,412 - src.load - INFO - Row counts - people=1, hospitals=1, doctors=1, conditions=1, insurance=1, test_results=1, admission_types=1, admissions=1, rejects=1
2025-12-08 10:50:25,412 - src.load - INFO - Connecting to database...
2025-12-08 10:50:25,412 - src.load - INFO - Database connection established.
2025-12-08 10:50:25,413 - src.load - INFO - Tables created/verified successfully.
2025-12-08 10:50:25,413 - src.load - INFO - Truncating tables and resetting identities...
2025-12-08 10:50:25,413 - src.load - INFO - Tables truncated.
2025-12-08 10:50:25,413 - src.load - INFO - Starting insertion.
2025-12-08 10:50:25,414 - src.load - ERROR - Failed inserting people row: Pandas(person_id=1, name='Error Person', age=40, gender='M', blood_type='AB+')
Traceback (most recent call last):
  File "/Users/mattmurno/Desktop/Revature training files/etl_proj/src/load.py", line 157, in load
    cur.execute(
  File "/Users/mattmurno/Desktop/Revature training files/etl_proj/tests/test_load.py", line 16, in execute
    raise psycopg2.Error("Simulated DB error")
psycopg2.Error: Simulated DB error
2025-12-08 10:50:25,417 - src.load - ERROR - Error in load() while working with the database.
Traceback (most recent call last):
  File "/Users/mattmurno/Desktop/Revature training files/etl_proj/src/load.py", line 157, in load
    cur.execute(
  File "/Users/mattmurno/Desktop/Revature training files/etl_proj/tests/test_load.py", line 16, in execute
    raise psycopg2.Error("Simulated DB error")
psycopg2.Error: Simulated DB error
2025-12-08 10:50:25,417 - src.load - INFO - Transaction rolled back due to error.
2025-12-08 10:50:25,417 - src.load - INFO - Database connection closed. End of load().
2025-12-08 10:50:25,467 - src.read - INFO - Reading CSV file from /private/var/folders/45/mms0wwj51255z_fqrdsfrqzh0000gn/T/pytest-of-mattmurno/pytest-15/test_read_csv_success0/test.csv
2025-12-08 10:50:25,488 - src.read - INFO - Successfully read CSV: 2 rows x 2 columns
2025-12-08 10:50:25,493 - src.read - INFO - Reading JSON file from /private/var/folders/45/mms0wwj51255z_fqrdsfrqzh0000gn/T/pytest-of-mattmurno/pytest-15/test_read_json_success0/test.json
2025-12-08 10:50:25,506 - src.read - INFO - Successfully read JSON: 2 rows x 2 columns
2025-12-08 10:50:25,513 - src.read - INFO - Starting read() for type=csv, path=/private/var/folders/45/mms0wwj51255z_fqrdsfrqzh0000gn/T/pytest-of-mattmurno/pytest-15/test_read_dispatches_to_csv0/test.csv
2025-12-08 10:50:25,514 - src.read - INFO - Reading CSV file from /private/var/folders/45/mms0wwj51255z_fqrdsfrqzh0000gn/T/pytest-of-mattmurno/pytest-15/test_read_dispatches_to_csv0/test.csv
2025-12-08 10:50:25,515 - src.read - INFO - Successfully read CSV: 2 rows x 2 columns
2025-12-08 10:50:25,519 - src.read - INFO - Starting read() for type=json, path=/private/var/folders/45/mms0wwj51255z_fqrdsfrqzh0000gn/T/pytest-of-mattmurno/pytest-15/test_read_dispatches_to_json0/test.json
2025-12-08 10:50:25,520 - src.read - INFO - Reading JSON file from /private/var/folders/45/mms0wwj51255z_fqrdsfrqzh0000gn/T/pytest-of-mattmurno/pytest-15/test_read_dispatches_to_json0/test.json
2025-12-08 10:50:25,525 - src.read - INFO - Successfully read JSON: 2 rows x 2 columns
2025-12-08 10:50:25,528 - src.read - INFO - Reading CSV file from /private/var/folders/45/mms0wwj51255z_fqrdsfrqzh0000gn/T/pytest-of-mattmurno/pytest-15/test_read_csv_missing_file_rai0/does_not_exist.csv
2025-12-08 10:50:25,529 - src.read - ERROR - Failed to read CSV file from /private/var/folders/45/mms0wwj51255z_fqrdsfrqzh0000gn/T/pytest-of-mattmurno/pytest-15/test_read_csv_missing_file_rai0/does_not_exist.csv
Traceback (most recent call last):
  File "/Users/mattmurno/Desktop/Revature training files/etl_proj/src/read.py", line 11, in read_csv
    df = pd.read_csv(filepath)
         ^^^^^^^^^^^^^^^^^^^^^
  File "/Users/mattmurno/Desktop/Revature training files/etl_proj/venv/lib/python3.11/site-packages/pandas/io/parsers/readers.py", line 1026, in read_csv
    return _read(filepath_or_buffer, kwds)
           ^^^^^^^^^^^^^^^^^^^^^^^^^^^^^^^
  File "/Users/mattmurno/Desktop/Revature training files/etl_proj/venv/lib/python3.11/site-packages/pandas/io/parsers/readers.py", line 620, in _read
    parser = TextFileReader(filepath_or_buffer, **kwds)
             ^^^^^^^^^^^^^^^^^^^^^^^^^^^^^^^^^^^^^^^^^^
  File "/Users/mattmurno/Desktop/Revature training files/etl_proj/venv/lib/python3.11/site-packages/pandas/io/parsers/readers.py", line 1620, in __init__
    self._engine = self._make_engine(f, self.engine)
                   ^^^^^^^^^^^^^^^^^^^^^^^^^^^^^^^^^
  File "/Users/mattmurno/Desktop/Revature training files/etl_proj/venv/lib/python3.11/site-packages/pandas/io/parsers/readers.py", line 1880, in _make_engine
    self.handles = get_handle(
                   ^^^^^^^^^^^
  File "/Users/mattmurno/Desktop/Revature training files/etl_proj/venv/lib/python3.11/site-packages/pandas/io/common.py", line 873, in get_handle
    handle = open(
             ^^^^^
FileNotFoundError: [Errno 2] No such file or directory: '/private/var/folders/45/mms0wwj51255z_fqrdsfrqzh0000gn/T/pytest-of-mattmurno/pytest-15/test_read_csv_missing_file_rai0/does_not_exist.csv'
2025-12-08 10:50:25,544 - src.read - INFO - Reading JSON file from /private/var/folders/45/mms0wwj51255z_fqrdsfrqzh0000gn/T/pytest-of-mattmurno/pytest-15/test_read_json_missing_file_ra0/does_not_exist.json
2025-12-08 10:50:25,544 - src.read - ERROR - Failed to read JSON file from /private/var/folders/45/mms0wwj51255z_fqrdsfrqzh0000gn/T/pytest-of-mattmurno/pytest-15/test_read_json_missing_file_ra0/does_not_exist.json
Traceback (most recent call last):
  File "/Users/mattmurno/Desktop/Revature training files/etl_proj/src/read.py", line 22, in read_json
    df = pd.read_json(filepath)
         ^^^^^^^^^^^^^^^^^^^^^^
  File "/Users/mattmurno/Desktop/Revature training files/etl_proj/venv/lib/python3.11/site-packages/pandas/io/json/_json.py", line 791, in read_json
    json_reader = JsonReader(
                  ^^^^^^^^^^^
  File "/Users/mattmurno/Desktop/Revature training files/etl_proj/venv/lib/python3.11/site-packages/pandas/io/json/_json.py", line 904, in __init__
    data = self._get_data_from_filepath(filepath_or_buffer)
           ^^^^^^^^^^^^^^^^^^^^^^^^^^^^^^^^^^^^^^^^^^^^^^^^
  File "/Users/mattmurno/Desktop/Revature training files/etl_proj/venv/lib/python3.11/site-packages/pandas/io/json/_json.py", line 960, in _get_data_from_filepath
    raise FileNotFoundError(f"File {filepath_or_buffer} does not exist")
FileNotFoundError: File /private/var/folders/45/mms0wwj51255z_fqrdsfrqzh0000gn/T/pytest-of-mattmurno/pytest-15/test_read_json_missing_file_ra0/does_not_exist.json does not exist
2025-12-08 10:50:25,549 - src.read - INFO - Starting read() for type=xml, path=some/path/file.xml
2025-12-08 10:50:25,549 - src.read - ERROR - Unsupported source type in read(): xml
2025-12-08 10:50:25,552 - src.transform - INFO - Starting transform(): input df has 2 rows x 15 columns
2025-12-08 10:50:25,591 - src.transform - INFO - Built people_df (no nulls): 2 rows x 5 columns
2025-12-08 10:50:25,600 - src.transform - INFO - Built hospitals_df (no nulls) (no nulls): 2 rows x 2 columns
2025-12-08 10:50:25,604 - src.transform - INFO - Built doctors_df (pre-hospital merge, no nulls) (no nulls): 2 rows x 3 columns
2025-12-08 10:50:25,638 - src.transform - INFO - Built conditions_df (no nulls): 2 rows x 2 columns
2025-12-08 10:50:25,643 - src.transform - INFO - Built insurance_df (no nulls): 1 rows x 2 columns
2025-12-08 10:50:25,647 - src.transform - INFO - Built test_results_df (no nulls): 2 rows x 2 columns
2025-12-08 10:50:25,650 - src.transform - INFO - Built admission_types_df (no nulls): 2 rows x 2 columns
2025-12-08 10:50:25,676 - src.transform - INFO - Finished merges; df is now 2 rows x 27 columns
2025-12-08 10:50:25,687 - src.transform - INFO - Built admissions_df: 2 rows x 12 columns
2025-12-08 10:50:25,688 - src.transform - INFO - After reject split: 2 valid admissions, 0 rejected rows
2025-12-08 10:50:25,688 - src.transform - INFO - transform() completed successfully. Output tables: {'people': (2, 5), 'doctors': (2, 4), 'hospitals': (2, 2), 'conditions': (2, 2), 'insurance': (1, 2), 'admission_types': (2, 2), 'test_results': (2, 2), 'admissions': (2, 12), 'rejects': (0, 16)}
2025-12-08 10:50:25,694 - src.transform - INFO - Starting transform(): input df has 3 rows x 15 columns
2025-12-08 10:50:25,702 - src.transform - INFO - Built people_df (no nulls): 2 rows x 5 columns
2025-12-08 10:50:25,705 - src.transform - INFO - Built hospitals_df (no nulls) (no nulls): 2 rows x 2 columns
2025-12-08 10:50:25,709 - src.transform - INFO - Built doctors_df (pre-hospital merge, no nulls) (no nulls): 2 rows x 3 columns
2025-12-08 10:50:25,717 - src.transform - INFO - Built conditions_df (no nulls): 2 rows x 2 columns
2025-12-08 10:50:25,720 - src.transform - INFO - Built insurance_df (no nulls): 1 rows x 2 columns
2025-12-08 10:50:25,723 - src.transform - INFO - Built test_results_df (no nulls): 3 rows x 2 columns
2025-12-08 10:50:25,727 - src.transform - INFO - Built admission_types_df (no nulls): 2 rows x 2 columns
2025-12-08 10:50:25,740 - src.transform - INFO - Finished merges; df is now 3 rows x 27 columns
2025-12-08 10:50:25,746 - src.transform - INFO - Built admissions_df: 2 rows x 12 columns
2025-12-08 10:50:25,746 - src.transform - INFO - After reject split: 2 valid admissions, 1 rejected rows
2025-12-08 10:50:25,746 - src.transform - INFO - transform() completed successfully. Output tables: {'people': (2, 5), 'doctors': (2, 4), 'hospitals': (2, 2), 'conditions': (2, 2), 'insurance': (1, 2), 'admission_types': (2, 2), 'test_results': (3, 2), 'admissions': (2, 12), 'rejects': (1, 16)}
2025-12-08 10:50:25,923 - src.transform - INFO - Starting transform(): input df has 1 rows x 14 columns
2025-12-08 10:50:25,924 - src.transform - ERROR - transform() failed.
Traceback (most recent call last):
  File "/Users/mattmurno/Desktop/Revature training files/etl_proj/src/transform.py", line 146, in transform
    people_df = build_dimension_df(df, "people")
                ^^^^^^^^^^^^^^^^^^^^^^^^^^^^^^^^
  File "/Users/mattmurno/Desktop/Revature training files/etl_proj/src/transform.py", line 27, in build_dimension_df
    source_df[all_cols]
    ~~~~~~~~~^^^^^^^^^^
  File "/Users/mattmurno/Desktop/Revature training files/etl_proj/venv/lib/python3.11/site-packages/pandas/core/frame.py", line 4119, in __getitem__
    indexer = self.columns._get_indexer_strict(key, "columns")[1]
              ^^^^^^^^^^^^^^^^^^^^^^^^^^^^^^^^^^^^^^^^^^^^^^^^
  File "/Users/mattmurno/Desktop/Revature training files/etl_proj/venv/lib/python3.11/site-packages/pandas/core/indexes/base.py", line 6212, in _get_indexer_strict
    self._raise_if_missing(keyarr, indexer, axis_name)
  File "/Users/mattmurno/Desktop/Revature training files/etl_proj/venv/lib/python3.11/site-packages/pandas/core/indexes/base.py", line 6264, in _raise_if_missing
    raise KeyError(f"{not_found} not in index")
KeyError: "['name'] not in index"
2025-12-08 11:17:55,923 - src.clean - INFO - Starting clean(): input df has 2 rows x 3 columns
2025-12-08 11:17:55,942 - src.clean - INFO - Standardized string columns where present.
2025-12-08 11:17:55,942 - src.clean - INFO - clean() completed. Output df has 2 rows x 3 columns
2025-12-08 11:17:55,946 - src.clean - INFO - Starting clean(): input df has 1 rows x 2 columns
2025-12-08 11:17:55,953 - src.clean - INFO - Standardized string columns where present.
2025-12-08 11:17:55,953 - src.clean - INFO - clean() completed. Output df has 1 rows x 2 columns
2025-12-08 11:17:55,983 - src.load - INFO - Starting load()
2025-12-08 11:17:55,983 - src.load - INFO - Row counts - people=1, hospitals=1, doctors=1, conditions=1, insurance=1, test_results=1, admission_types=1, admissions=1, rejects=1
2025-12-08 11:17:55,983 - src.load - INFO - Connecting to database...
2025-12-08 11:17:55,983 - src.load - INFO - Database connection established.
2025-12-08 11:17:55,984 - src.load - INFO - Tables created/verified successfully.
2025-12-08 11:17:55,990 - src.load - INFO - Truncating tables and resetting identities...
2025-12-08 11:17:55,990 - src.load - INFO - Tables truncated.
2025-12-08 11:17:55,991 - src.load - INFO - Starting insertion.
2025-12-08 11:17:55,998 - src.load - INFO - Load completed successfully.
2025-12-08 11:17:55,998 - src.load - INFO - Database connection closed. End of load().
2025-12-08 11:17:56,013 - src.load - INFO - Starting load()
2025-12-08 11:17:56,013 - src.load - INFO - Row counts - people=3, hospitals=1, doctors=1, conditions=1, insurance=1, test_results=1, admission_types=1, admissions=1, rejects=1
2025-12-08 11:17:56,013 - src.load - INFO - Connecting to database...
2025-12-08 11:17:56,014 - src.load - INFO - Database connection established.
2025-12-08 11:17:56,014 - src.load - INFO - Tables created/verified successfully.
2025-12-08 11:17:56,014 - src.load - INFO - Truncating tables and resetting identities...
2025-12-08 11:17:56,014 - src.load - INFO - Tables truncated.
2025-12-08 11:17:56,014 - src.load - INFO - Starting insertion.
2025-12-08 11:17:56,016 - src.load - WARNING - Invalid age 150 for person Too Old; setting age to NULL before insert
2025-12-08 11:17:56,021 - src.load - INFO - Load completed successfully.
2025-12-08 11:17:56,022 - src.load - INFO - Database connection closed. End of load().
2025-12-08 11:17:56,033 - src.load - INFO - Starting load()
2025-12-08 11:17:56,033 - src.load - INFO - Row counts - people=1, hospitals=1, doctors=1, conditions=1, insurance=1, test_results=1, admission_types=1, admissions=1, rejects=1
2025-12-08 11:17:56,033 - src.load - INFO - Connecting to database...
2025-12-08 11:17:56,033 - src.load - INFO - Database connection established.
2025-12-08 11:17:56,034 - src.load - INFO - Tables created/verified successfully.
2025-12-08 11:17:56,034 - src.load - INFO - Truncating tables and resetting identities...
2025-12-08 11:17:56,034 - src.load - INFO - Tables truncated.
2025-12-08 11:17:56,034 - src.load - INFO - Starting insertion.
2025-12-08 11:17:56,036 - src.load - ERROR - Failed inserting people row: Pandas(person_id=1, name='Error Person', age=40, gender='M', blood_type='AB+')
Traceback (most recent call last):
  File "/Users/mattmurno/Desktop/Revature training files/etl_proj/src/load.py", line 157, in load
    cur.execute(
  File "/Users/mattmurno/Desktop/Revature training files/etl_proj/tests/test_load.py", line 16, in execute
    raise psycopg2.Error("Simulated DB error")
psycopg2.Error: Simulated DB error
2025-12-08 11:17:56,046 - src.load - ERROR - Error in load() while working with the database.
Traceback (most recent call last):
  File "/Users/mattmurno/Desktop/Revature training files/etl_proj/src/load.py", line 157, in load
    cur.execute(
  File "/Users/mattmurno/Desktop/Revature training files/etl_proj/tests/test_load.py", line 16, in execute
    raise psycopg2.Error("Simulated DB error")
psycopg2.Error: Simulated DB error
2025-12-08 11:17:56,046 - src.load - INFO - Transaction rolled back due to error.
2025-12-08 11:17:56,047 - src.load - INFO - Database connection closed. End of load().
2025-12-08 11:17:56,072 - src.read - INFO - Reading CSV file from /private/var/folders/45/mms0wwj51255z_fqrdsfrqzh0000gn/T/pytest-of-mattmurno/pytest-16/test_read_csv_success0/test.csv
2025-12-08 11:17:56,127 - src.read - INFO - Successfully read CSV: 2 rows x 2 columns
2025-12-08 11:17:56,132 - src.read - INFO - Reading JSON file from /private/var/folders/45/mms0wwj51255z_fqrdsfrqzh0000gn/T/pytest-of-mattmurno/pytest-16/test_read_json_success0/test.json
2025-12-08 11:17:56,145 - src.read - INFO - Successfully read JSON: 2 rows x 2 columns
2025-12-08 11:17:56,151 - src.read - INFO - Starting read() for type=csv, path=/private/var/folders/45/mms0wwj51255z_fqrdsfrqzh0000gn/T/pytest-of-mattmurno/pytest-16/test_read_dispatches_to_csv0/test.csv
2025-12-08 11:17:56,151 - src.read - INFO - Reading CSV file from /private/var/folders/45/mms0wwj51255z_fqrdsfrqzh0000gn/T/pytest-of-mattmurno/pytest-16/test_read_dispatches_to_csv0/test.csv
2025-12-08 11:17:56,153 - src.read - INFO - Successfully read CSV: 2 rows x 2 columns
2025-12-08 11:17:56,158 - src.read - INFO - Starting read() for type=json, path=/private/var/folders/45/mms0wwj51255z_fqrdsfrqzh0000gn/T/pytest-of-mattmurno/pytest-16/test_read_dispatches_to_json0/test.json
2025-12-08 11:17:56,158 - src.read - INFO - Reading JSON file from /private/var/folders/45/mms0wwj51255z_fqrdsfrqzh0000gn/T/pytest-of-mattmurno/pytest-16/test_read_dispatches_to_json0/test.json
2025-12-08 11:17:56,163 - src.read - INFO - Successfully read JSON: 2 rows x 2 columns
2025-12-08 11:17:56,167 - src.read - INFO - Reading CSV file from /private/var/folders/45/mms0wwj51255z_fqrdsfrqzh0000gn/T/pytest-of-mattmurno/pytest-16/test_read_csv_missing_file_rai0/does_not_exist.csv
2025-12-08 11:17:56,167 - src.read - ERROR - Failed to read CSV file from /private/var/folders/45/mms0wwj51255z_fqrdsfrqzh0000gn/T/pytest-of-mattmurno/pytest-16/test_read_csv_missing_file_rai0/does_not_exist.csv
Traceback (most recent call last):
  File "/Users/mattmurno/Desktop/Revature training files/etl_proj/src/read.py", line 11, in read_csv
    df = pd.read_csv(filepath)
         ^^^^^^^^^^^^^^^^^^^^^
  File "/Users/mattmurno/Desktop/Revature training files/etl_proj/venv/lib/python3.11/site-packages/pandas/io/parsers/readers.py", line 1026, in read_csv
    return _read(filepath_or_buffer, kwds)
           ^^^^^^^^^^^^^^^^^^^^^^^^^^^^^^^
  File "/Users/mattmurno/Desktop/Revature training files/etl_proj/venv/lib/python3.11/site-packages/pandas/io/parsers/readers.py", line 620, in _read
    parser = TextFileReader(filepath_or_buffer, **kwds)
             ^^^^^^^^^^^^^^^^^^^^^^^^^^^^^^^^^^^^^^^^^^
  File "/Users/mattmurno/Desktop/Revature training files/etl_proj/venv/lib/python3.11/site-packages/pandas/io/parsers/readers.py", line 1620, in __init__
    self._engine = self._make_engine(f, self.engine)
                   ^^^^^^^^^^^^^^^^^^^^^^^^^^^^^^^^^
  File "/Users/mattmurno/Desktop/Revature training files/etl_proj/venv/lib/python3.11/site-packages/pandas/io/parsers/readers.py", line 1880, in _make_engine
    self.handles = get_handle(
                   ^^^^^^^^^^^
  File "/Users/mattmurno/Desktop/Revature training files/etl_proj/venv/lib/python3.11/site-packages/pandas/io/common.py", line 873, in get_handle
    handle = open(
             ^^^^^
FileNotFoundError: [Errno 2] No such file or directory: '/private/var/folders/45/mms0wwj51255z_fqrdsfrqzh0000gn/T/pytest-of-mattmurno/pytest-16/test_read_csv_missing_file_rai0/does_not_exist.csv'
2025-12-08 11:17:56,182 - src.read - INFO - Reading JSON file from /private/var/folders/45/mms0wwj51255z_fqrdsfrqzh0000gn/T/pytest-of-mattmurno/pytest-16/test_read_json_missing_file_ra0/does_not_exist.json
2025-12-08 11:17:56,182 - src.read - ERROR - Failed to read JSON file from /private/var/folders/45/mms0wwj51255z_fqrdsfrqzh0000gn/T/pytest-of-mattmurno/pytest-16/test_read_json_missing_file_ra0/does_not_exist.json
Traceback (most recent call last):
  File "/Users/mattmurno/Desktop/Revature training files/etl_proj/src/read.py", line 22, in read_json
    df = pd.read_json(filepath)
         ^^^^^^^^^^^^^^^^^^^^^^
  File "/Users/mattmurno/Desktop/Revature training files/etl_proj/venv/lib/python3.11/site-packages/pandas/io/json/_json.py", line 791, in read_json
    json_reader = JsonReader(
                  ^^^^^^^^^^^
  File "/Users/mattmurno/Desktop/Revature training files/etl_proj/venv/lib/python3.11/site-packages/pandas/io/json/_json.py", line 904, in __init__
    data = self._get_data_from_filepath(filepath_or_buffer)
           ^^^^^^^^^^^^^^^^^^^^^^^^^^^^^^^^^^^^^^^^^^^^^^^^
  File "/Users/mattmurno/Desktop/Revature training files/etl_proj/venv/lib/python3.11/site-packages/pandas/io/json/_json.py", line 960, in _get_data_from_filepath
    raise FileNotFoundError(f"File {filepath_or_buffer} does not exist")
FileNotFoundError: File /private/var/folders/45/mms0wwj51255z_fqrdsfrqzh0000gn/T/pytest-of-mattmurno/pytest-16/test_read_json_missing_file_ra0/does_not_exist.json does not exist
2025-12-08 11:17:56,186 - src.read - INFO - Starting read() for type=xml, path=some/path/file.xml
2025-12-08 11:17:56,186 - src.read - ERROR - Unsupported source type in read(): xml
2025-12-08 11:17:56,190 - src.transform - INFO - Starting transform(): input df has 2 rows x 15 columns
2025-12-08 11:17:56,199 - src.transform - INFO - Built people_df (no nulls): 2 rows x 5 columns
2025-12-08 11:17:56,205 - src.transform - INFO - Built hospitals_df (no nulls) (no nulls): 2 rows x 2 columns
2025-12-08 11:17:56,212 - src.transform - INFO - Built doctors_df (pre-hospital merge, no nulls) (no nulls): 2 rows x 3 columns
2025-12-08 11:17:56,231 - src.transform - INFO - Built conditions_df (no nulls): 2 rows x 2 columns
2025-12-08 11:17:56,234 - src.transform - INFO - Built insurance_df (no nulls): 1 rows x 2 columns
2025-12-08 11:17:56,238 - src.transform - INFO - Built test_results_df (no nulls): 2 rows x 2 columns
2025-12-08 11:17:56,243 - src.transform - INFO - Built admission_types_df (no nulls): 2 rows x 2 columns
2025-12-08 11:17:56,271 - src.transform - INFO - Finished merges; df is now 2 rows x 27 columns
2025-12-08 11:17:56,279 - src.transform - INFO - Built admissions_df: 2 rows x 12 columns
2025-12-08 11:17:56,280 - src.transform - INFO - After reject split: 2 valid admissions, 0 rejected rows
2025-12-08 11:17:56,280 - src.transform - INFO - transform() completed successfully. Output tables: {'people': (2, 5), 'doctors': (2, 4), 'hospitals': (2, 2), 'conditions': (2, 2), 'insurance': (1, 2), 'admission_types': (2, 2), 'test_results': (2, 2), 'admissions': (2, 12), 'rejects': (0, 16)}
2025-12-08 11:17:56,294 - src.transform - INFO - Starting transform(): input df has 3 rows x 15 columns
2025-12-08 11:17:56,300 - src.transform - INFO - Built people_df (no nulls): 2 rows x 5 columns
2025-12-08 11:17:56,303 - src.transform - INFO - Built hospitals_df (no nulls) (no nulls): 2 rows x 2 columns
2025-12-08 11:17:56,306 - src.transform - INFO - Built doctors_df (pre-hospital merge, no nulls) (no nulls): 2 rows x 3 columns
2025-12-08 11:17:56,316 - src.transform - INFO - Built conditions_df (no nulls): 2 rows x 2 columns
2025-12-08 11:17:56,319 - src.transform - INFO - Built insurance_df (no nulls): 1 rows x 2 columns
2025-12-08 11:17:56,322 - src.transform - INFO - Built test_results_df (no nulls): 3 rows x 2 columns
2025-12-08 11:17:56,325 - src.transform - INFO - Built admission_types_df (no nulls): 2 rows x 2 columns
2025-12-08 11:17:56,339 - src.transform - INFO - Finished merges; df is now 3 rows x 27 columns
2025-12-08 11:17:56,345 - src.transform - INFO - Built admissions_df: 2 rows x 12 columns
2025-12-08 11:17:56,345 - src.transform - INFO - After reject split: 2 valid admissions, 1 rejected rows
2025-12-08 11:17:56,345 - src.transform - INFO - transform() completed successfully. Output tables: {'people': (2, 5), 'doctors': (2, 4), 'hospitals': (2, 2), 'conditions': (2, 2), 'insurance': (1, 2), 'admission_types': (2, 2), 'test_results': (2, 2), 'admissions': (2, 12), 'rejects': (1, 16)}
2025-12-08 11:17:56,349 - src.transform - INFO - Starting transform(): input df has 1 rows x 14 columns
2025-12-08 11:17:56,349 - src.transform - ERROR - transform() failed.
Traceback (most recent call last):
  File "/Users/mattmurno/Desktop/Revature training files/etl_proj/src/transform.py", line 146, in transform
    people_df = build_dimension_df(df, "people")
                ^^^^^^^^^^^^^^^^^^^^^^^^^^^^^^^^
  File "/Users/mattmurno/Desktop/Revature training files/etl_proj/src/transform.py", line 27, in build_dimension_df
    source_df[all_cols]
    ~~~~~~~~~^^^^^^^^^^
  File "/Users/mattmurno/Desktop/Revature training files/etl_proj/venv/lib/python3.11/site-packages/pandas/core/frame.py", line 4119, in __getitem__
    indexer = self.columns._get_indexer_strict(key, "columns")[1]
              ^^^^^^^^^^^^^^^^^^^^^^^^^^^^^^^^^^^^^^^^^^^^^^^^
  File "/Users/mattmurno/Desktop/Revature training files/etl_proj/venv/lib/python3.11/site-packages/pandas/core/indexes/base.py", line 6212, in _get_indexer_strict
    self._raise_if_missing(keyarr, indexer, axis_name)
  File "/Users/mattmurno/Desktop/Revature training files/etl_proj/venv/lib/python3.11/site-packages/pandas/core/indexes/base.py", line 6264, in _raise_if_missing
    raise KeyError(f"{not_found} not in index")
KeyError: "['name'] not in index"
2025-12-08 11:25:28,008 - src.clean - INFO - Starting clean(): input df has 2 rows x 3 columns
2025-12-08 11:25:28,042 - src.clean - INFO - Standardized string columns where present.
2025-12-08 11:25:28,042 - src.clean - INFO - clean() completed. Output df has 2 rows x 3 columns
2025-12-08 11:25:28,047 - src.clean - INFO - Starting clean(): input df has 1 rows x 2 columns
2025-12-08 11:25:28,056 - src.clean - INFO - Standardized string columns where present.
2025-12-08 11:25:28,057 - src.clean - INFO - clean() completed. Output df has 1 rows x 2 columns
2025-12-08 11:25:28,071 - src.load - INFO - Starting load()
2025-12-08 11:25:28,071 - src.load - INFO - Row counts - people=1, hospitals=1, doctors=1, conditions=1, insurance=1, test_results=1, admission_types=1, admissions=1, rejects=1
2025-12-08 11:25:28,074 - src.load - INFO - Connecting to database...
2025-12-08 11:25:28,074 - src.load - INFO - Database connection established.
2025-12-08 11:25:28,074 - src.load - INFO - Tables created/verified successfully.
2025-12-08 11:25:28,074 - src.load - INFO - Truncating tables and resetting identities...
2025-12-08 11:25:28,075 - src.load - INFO - Tables truncated.
2025-12-08 11:25:28,075 - src.load - INFO - Starting insertion.
2025-12-08 11:25:28,084 - src.load - INFO - Load completed successfully.
2025-12-08 11:25:28,084 - src.load - INFO - Database connection closed. End of load().
2025-12-08 11:25:28,091 - src.load - INFO - Starting load()
2025-12-08 11:25:28,092 - src.load - INFO - Row counts - people=3, hospitals=1, doctors=1, conditions=1, insurance=1, test_results=1, admission_types=1, admissions=1, rejects=1
2025-12-08 11:25:28,092 - src.load - INFO - Connecting to database...
2025-12-08 11:25:28,092 - src.load - INFO - Database connection established.
2025-12-08 11:25:28,092 - src.load - INFO - Tables created/verified successfully.
2025-12-08 11:25:28,092 - src.load - INFO - Truncating tables and resetting identities...
2025-12-08 11:25:28,093 - src.load - INFO - Tables truncated.
2025-12-08 11:25:28,093 - src.load - INFO - Starting insertion.
2025-12-08 11:25:28,095 - src.load - WARNING - Invalid age 150 for person Too Old; setting age to NULL before insert
2025-12-08 11:25:28,101 - src.load - INFO - Load completed successfully.
2025-12-08 11:25:28,101 - src.load - INFO - Database connection closed. End of load().
2025-12-08 11:25:28,110 - src.load - INFO - Starting load()
2025-12-08 11:25:28,110 - src.load - INFO - Row counts - people=1, hospitals=1, doctors=1, conditions=1, insurance=1, test_results=1, admission_types=1, admissions=1, rejects=1
2025-12-08 11:25:28,110 - src.load - INFO - Connecting to database...
2025-12-08 11:25:28,110 - src.load - INFO - Database connection established.
2025-12-08 11:25:28,110 - src.load - INFO - Tables created/verified successfully.
2025-12-08 11:25:28,111 - src.load - INFO - Truncating tables and resetting identities...
2025-12-08 11:25:28,111 - src.load - INFO - Tables truncated.
2025-12-08 11:25:28,111 - src.load - INFO - Starting insertion.
2025-12-08 11:25:28,111 - src.load - ERROR - Failed inserting people row: Pandas(person_id=1, name='Error Person', age=40, gender='M', blood_type='AB+')
Traceback (most recent call last):
  File "/Users/mattmurno/Desktop/Revature training files/etl_proj/src/load.py", line 157, in load
    cur.execute(
  File "/Users/mattmurno/Desktop/Revature training files/etl_proj/tests/test_load.py", line 16, in execute
    raise psycopg2.Error("Simulated DB error")
psycopg2.Error: Simulated DB error
2025-12-08 11:25:28,116 - src.load - ERROR - Error in load() while working with the database.
Traceback (most recent call last):
  File "/Users/mattmurno/Desktop/Revature training files/etl_proj/src/load.py", line 157, in load
    cur.execute(
  File "/Users/mattmurno/Desktop/Revature training files/etl_proj/tests/test_load.py", line 16, in execute
    raise psycopg2.Error("Simulated DB error")
psycopg2.Error: Simulated DB error
2025-12-08 11:25:28,117 - src.load - INFO - Transaction rolled back due to error.
2025-12-08 11:25:28,117 - src.load - INFO - Database connection closed. End of load().
2025-12-08 11:25:28,140 - src.read - INFO - Reading CSV file from /private/var/folders/45/mms0wwj51255z_fqrdsfrqzh0000gn/T/pytest-of-mattmurno/pytest-17/test_read_csv_success0/test.csv
2025-12-08 11:25:28,157 - src.read - INFO - Successfully read CSV: 2 rows x 2 columns
2025-12-08 11:25:28,170 - src.read - INFO - Reading JSON file from /private/var/folders/45/mms0wwj51255z_fqrdsfrqzh0000gn/T/pytest-of-mattmurno/pytest-17/test_read_json_success0/test.json
2025-12-08 11:25:28,182 - src.read - INFO - Successfully read JSON: 2 rows x 2 columns
2025-12-08 11:25:28,191 - src.read - INFO - Starting read() for type=csv, path=/private/var/folders/45/mms0wwj51255z_fqrdsfrqzh0000gn/T/pytest-of-mattmurno/pytest-17/test_read_dispatches_to_csv0/test.csv
2025-12-08 11:25:28,192 - src.read - INFO - Reading CSV file from /private/var/folders/45/mms0wwj51255z_fqrdsfrqzh0000gn/T/pytest-of-mattmurno/pytest-17/test_read_dispatches_to_csv0/test.csv
2025-12-08 11:25:28,193 - src.read - INFO - Successfully read CSV: 2 rows x 2 columns
2025-12-08 11:25:28,198 - src.read - INFO - Starting read() for type=json, path=/private/var/folders/45/mms0wwj51255z_fqrdsfrqzh0000gn/T/pytest-of-mattmurno/pytest-17/test_read_dispatches_to_json0/test.json
2025-12-08 11:25:28,199 - src.read - INFO - Reading JSON file from /private/var/folders/45/mms0wwj51255z_fqrdsfrqzh0000gn/T/pytest-of-mattmurno/pytest-17/test_read_dispatches_to_json0/test.json
2025-12-08 11:25:28,202 - src.read - INFO - Successfully read JSON: 2 rows x 2 columns
2025-12-08 11:25:28,210 - src.read - INFO - Reading CSV file from /private/var/folders/45/mms0wwj51255z_fqrdsfrqzh0000gn/T/pytest-of-mattmurno/pytest-17/test_read_csv_missing_file_rai0/does_not_exist.csv
2025-12-08 11:25:28,211 - src.read - ERROR - Failed to read CSV file from /private/var/folders/45/mms0wwj51255z_fqrdsfrqzh0000gn/T/pytest-of-mattmurno/pytest-17/test_read_csv_missing_file_rai0/does_not_exist.csv
Traceback (most recent call last):
  File "/Users/mattmurno/Desktop/Revature training files/etl_proj/src/read.py", line 11, in read_csv
    df = pd.read_csv(filepath)
         ^^^^^^^^^^^^^^^^^^^^^
  File "/Users/mattmurno/Desktop/Revature training files/etl_proj/venv/lib/python3.11/site-packages/pandas/io/parsers/readers.py", line 1026, in read_csv
    return _read(filepath_or_buffer, kwds)
           ^^^^^^^^^^^^^^^^^^^^^^^^^^^^^^^
  File "/Users/mattmurno/Desktop/Revature training files/etl_proj/venv/lib/python3.11/site-packages/pandas/io/parsers/readers.py", line 620, in _read
    parser = TextFileReader(filepath_or_buffer, **kwds)
             ^^^^^^^^^^^^^^^^^^^^^^^^^^^^^^^^^^^^^^^^^^
  File "/Users/mattmurno/Desktop/Revature training files/etl_proj/venv/lib/python3.11/site-packages/pandas/io/parsers/readers.py", line 1620, in __init__
    self._engine = self._make_engine(f, self.engine)
                   ^^^^^^^^^^^^^^^^^^^^^^^^^^^^^^^^^
  File "/Users/mattmurno/Desktop/Revature training files/etl_proj/venv/lib/python3.11/site-packages/pandas/io/parsers/readers.py", line 1880, in _make_engine
    self.handles = get_handle(
                   ^^^^^^^^^^^
  File "/Users/mattmurno/Desktop/Revature training files/etl_proj/venv/lib/python3.11/site-packages/pandas/io/common.py", line 873, in get_handle
    handle = open(
             ^^^^^
FileNotFoundError: [Errno 2] No such file or directory: '/private/var/folders/45/mms0wwj51255z_fqrdsfrqzh0000gn/T/pytest-of-mattmurno/pytest-17/test_read_csv_missing_file_rai0/does_not_exist.csv'
2025-12-08 11:25:28,231 - src.read - INFO - Reading JSON file from /private/var/folders/45/mms0wwj51255z_fqrdsfrqzh0000gn/T/pytest-of-mattmurno/pytest-17/test_read_json_missing_file_ra0/does_not_exist.json
2025-12-08 11:25:28,232 - src.read - ERROR - Failed to read JSON file from /private/var/folders/45/mms0wwj51255z_fqrdsfrqzh0000gn/T/pytest-of-mattmurno/pytest-17/test_read_json_missing_file_ra0/does_not_exist.json
Traceback (most recent call last):
  File "/Users/mattmurno/Desktop/Revature training files/etl_proj/src/read.py", line 22, in read_json
    df = pd.read_json(filepath)
         ^^^^^^^^^^^^^^^^^^^^^^
  File "/Users/mattmurno/Desktop/Revature training files/etl_proj/venv/lib/python3.11/site-packages/pandas/io/json/_json.py", line 791, in read_json
    json_reader = JsonReader(
                  ^^^^^^^^^^^
  File "/Users/mattmurno/Desktop/Revature training files/etl_proj/venv/lib/python3.11/site-packages/pandas/io/json/_json.py", line 904, in __init__
    data = self._get_data_from_filepath(filepath_or_buffer)
           ^^^^^^^^^^^^^^^^^^^^^^^^^^^^^^^^^^^^^^^^^^^^^^^^
  File "/Users/mattmurno/Desktop/Revature training files/etl_proj/venv/lib/python3.11/site-packages/pandas/io/json/_json.py", line 960, in _get_data_from_filepath
    raise FileNotFoundError(f"File {filepath_or_buffer} does not exist")
FileNotFoundError: File /private/var/folders/45/mms0wwj51255z_fqrdsfrqzh0000gn/T/pytest-of-mattmurno/pytest-17/test_read_json_missing_file_ra0/does_not_exist.json does not exist
2025-12-08 11:25:28,245 - src.read - INFO - Starting read() for type=xml, path=some/path/file.xml
2025-12-08 11:25:28,246 - src.read - ERROR - Unsupported source type in read(): xml
2025-12-08 11:25:28,250 - src.transform - INFO - Starting transform(): input df has 2 rows x 15 columns
2025-12-08 11:25:28,294 - src.transform - INFO - Built people_df (no nulls): 2 rows x 5 columns
2025-12-08 11:25:28,298 - src.transform - INFO - Built hospitals_df (no nulls) (no nulls): 2 rows x 2 columns
2025-12-08 11:25:28,301 - src.transform - INFO - Built doctors_df (pre-hospital merge, no nulls) (no nulls): 2 rows x 3 columns
2025-12-08 11:25:28,313 - src.transform - INFO - Built conditions_df (no nulls): 2 rows x 2 columns
2025-12-08 11:25:28,316 - src.transform - INFO - Built insurance_df (no nulls): 1 rows x 2 columns
2025-12-08 11:25:28,318 - src.transform - INFO - Built test_results_df (no nulls): 2 rows x 2 columns
2025-12-08 11:25:28,324 - src.transform - INFO - Built admission_types_df (no nulls): 2 rows x 2 columns
2025-12-08 11:25:28,340 - src.transform - INFO - Finished merges; df is now 2 rows x 27 columns
2025-12-08 11:25:28,348 - src.transform - INFO - Built admissions_df: 2 rows x 12 columns
2025-12-08 11:25:28,349 - src.transform - INFO - After reject split: 2 valid admissions, 0 rejected rows
2025-12-08 11:25:28,349 - src.transform - INFO - transform() completed successfully. Output tables: {'people': (2, 5), 'doctors': (2, 4), 'hospitals': (2, 2), 'conditions': (2, 2), 'insurance': (1, 2), 'admission_types': (2, 2), 'test_results': (2, 2), 'admissions': (2, 12), 'rejects': (0, 16)}
2025-12-08 11:25:28,354 - src.transform - INFO - Starting transform(): input df has 3 rows x 15 columns
2025-12-08 11:25:28,358 - src.transform - INFO - Built people_df (no nulls): 2 rows x 5 columns
2025-12-08 11:25:28,362 - src.transform - INFO - Built hospitals_df (no nulls) (no nulls): 2 rows x 2 columns
2025-12-08 11:25:28,365 - src.transform - INFO - Built doctors_df (pre-hospital merge, no nulls) (no nulls): 2 rows x 3 columns
2025-12-08 11:25:28,373 - src.transform - INFO - Built conditions_df (no nulls): 2 rows x 2 columns
2025-12-08 11:25:28,377 - src.transform - INFO - Built insurance_df (no nulls): 1 rows x 2 columns
2025-12-08 11:25:28,380 - src.transform - INFO - Built test_results_df (no nulls): 3 rows x 2 columns
2025-12-08 11:25:28,383 - src.transform - INFO - Built admission_types_df (no nulls): 2 rows x 2 columns
2025-12-08 11:25:28,400 - src.transform - INFO - Finished merges; df is now 3 rows x 27 columns
2025-12-08 11:25:28,406 - src.transform - INFO - Built admissions_df: 2 rows x 12 columns
2025-12-08 11:25:28,406 - src.transform - INFO - After reject split: 2 valid admissions, 1 rejected rows
2025-12-08 11:25:28,406 - src.transform - INFO - transform() completed successfully. Output tables: {'people': (2, 5), 'doctors': (2, 4), 'hospitals': (2, 2), 'conditions': (2, 2), 'insurance': (1, 2), 'admission_types': (2, 2), 'test_results': (2, 2), 'admissions': (2, 12), 'rejects': (1, 16)}
2025-12-08 11:25:28,409 - src.transform - INFO - Starting transform(): input df has 1 rows x 14 columns
2025-12-08 11:25:28,410 - src.transform - ERROR - transform() failed.
Traceback (most recent call last):
  File "/Users/mattmurno/Desktop/Revature training files/etl_proj/src/transform.py", line 146, in transform
    people_df = build_dimension_df(df, "people")
                ^^^^^^^^^^^^^^^^^^^^^^^^^^^^^^^^
  File "/Users/mattmurno/Desktop/Revature training files/etl_proj/src/transform.py", line 27, in build_dimension_df
    source_df[all_cols]
    ~~~~~~~~~^^^^^^^^^^
  File "/Users/mattmurno/Desktop/Revature training files/etl_proj/venv/lib/python3.11/site-packages/pandas/core/frame.py", line 4119, in __getitem__
    indexer = self.columns._get_indexer_strict(key, "columns")[1]
              ^^^^^^^^^^^^^^^^^^^^^^^^^^^^^^^^^^^^^^^^^^^^^^^^
  File "/Users/mattmurno/Desktop/Revature training files/etl_proj/venv/lib/python3.11/site-packages/pandas/core/indexes/base.py", line 6212, in _get_indexer_strict
    self._raise_if_missing(keyarr, indexer, axis_name)
  File "/Users/mattmurno/Desktop/Revature training files/etl_proj/venv/lib/python3.11/site-packages/pandas/core/indexes/base.py", line 6264, in _raise_if_missing
    raise KeyError(f"{not_found} not in index")
KeyError: "['name'] not in index"
2025-12-08 11:25:48,018 - src.clean - INFO - Starting clean(): input df has 2 rows x 3 columns
2025-12-08 11:25:48,084 - src.clean - INFO - Standardized string columns where present.
2025-12-08 11:25:48,084 - src.clean - INFO - clean() completed. Output df has 2 rows x 3 columns
2025-12-08 11:25:48,088 - src.clean - INFO - Starting clean(): input df has 1 rows x 2 columns
2025-12-08 11:25:48,094 - src.clean - INFO - Standardized string columns where present.
2025-12-08 11:25:48,094 - src.clean - INFO - clean() completed. Output df has 1 rows x 2 columns
2025-12-08 11:25:48,126 - src.load - INFO - Starting load()
2025-12-08 11:25:48,126 - src.load - INFO - Row counts - people=1, hospitals=1, doctors=1, conditions=1, insurance=1, test_results=1, admission_types=1, admissions=1, rejects=1
2025-12-08 11:25:48,126 - src.load - INFO - Connecting to database...
2025-12-08 11:25:48,127 - src.load - INFO - Database connection established.
2025-12-08 11:25:48,127 - src.load - INFO - Tables created/verified successfully.
2025-12-08 11:25:48,127 - src.load - INFO - Truncating tables and resetting identities...
2025-12-08 11:25:48,127 - src.load - INFO - Tables truncated.
2025-12-08 11:25:48,127 - src.load - INFO - Starting insertion.
2025-12-08 11:25:48,143 - src.load - INFO - Load completed successfully.
2025-12-08 11:25:48,143 - src.load - INFO - Database connection closed. End of load().
2025-12-08 11:25:48,182 - src.load - INFO - Starting load()
2025-12-08 11:25:48,182 - src.load - INFO - Row counts - people=3, hospitals=1, doctors=1, conditions=1, insurance=1, test_results=1, admission_types=1, admissions=1, rejects=1
2025-12-08 11:25:48,182 - src.load - INFO - Connecting to database...
2025-12-08 11:25:48,183 - src.load - INFO - Database connection established.
2025-12-08 11:25:48,184 - src.load - INFO - Tables created/verified successfully.
2025-12-08 11:25:48,184 - src.load - INFO - Truncating tables and resetting identities...
2025-12-08 11:25:48,185 - src.load - INFO - Tables truncated.
2025-12-08 11:25:48,186 - src.load - INFO - Starting insertion.
2025-12-08 11:25:48,187 - src.load - WARNING - Invalid age 150 for person Too Old; setting age to NULL before insert
2025-12-08 11:25:48,194 - src.load - INFO - Load completed successfully.
2025-12-08 11:25:48,195 - src.load - INFO - Database connection closed. End of load().
2025-12-08 11:25:48,256 - src.load - INFO - Starting load()
2025-12-08 11:25:48,256 - src.load - INFO - Row counts - people=1, hospitals=1, doctors=1, conditions=1, insurance=1, test_results=1, admission_types=1, admissions=1, rejects=1
2025-12-08 11:25:48,256 - src.load - INFO - Connecting to database...
2025-12-08 11:25:48,256 - src.load - INFO - Database connection established.
2025-12-08 11:25:48,256 - src.load - INFO - Tables created/verified successfully.
2025-12-08 11:25:48,256 - src.load - INFO - Truncating tables and resetting identities...
2025-12-08 11:25:48,256 - src.load - INFO - Tables truncated.
2025-12-08 11:25:48,256 - src.load - INFO - Starting insertion.
2025-12-08 11:25:48,257 - src.load - ERROR - Failed inserting people row: Pandas(person_id=1, name='Error Person', age=40, gender='M', blood_type='AB+')
Traceback (most recent call last):
  File "/Users/mattmurno/Desktop/Revature training files/etl_proj/src/load.py", line 157, in load
    cur.execute(
  File "/Users/mattmurno/Desktop/Revature training files/etl_proj/tests/test_load.py", line 16, in execute
    raise psycopg2.Error("Simulated DB error")
psycopg2.Error: Simulated DB error
2025-12-08 11:25:48,264 - src.load - ERROR - Error in load() while working with the database.
Traceback (most recent call last):
  File "/Users/mattmurno/Desktop/Revature training files/etl_proj/src/load.py", line 157, in load
    cur.execute(
  File "/Users/mattmurno/Desktop/Revature training files/etl_proj/tests/test_load.py", line 16, in execute
    raise psycopg2.Error("Simulated DB error")
psycopg2.Error: Simulated DB error
2025-12-08 11:25:48,264 - src.load - INFO - Transaction rolled back due to error.
2025-12-08 11:25:48,266 - src.load - INFO - Database connection closed. End of load().
2025-12-08 11:25:48,287 - src.read - INFO - Reading CSV file from /private/var/folders/45/mms0wwj51255z_fqrdsfrqzh0000gn/T/pytest-of-mattmurno/pytest-18/test_read_csv_success0/test.csv
2025-12-08 11:25:48,294 - src.read - INFO - Successfully read CSV: 2 rows x 2 columns
2025-12-08 11:25:48,305 - src.read - INFO - Reading JSON file from /private/var/folders/45/mms0wwj51255z_fqrdsfrqzh0000gn/T/pytest-of-mattmurno/pytest-18/test_read_json_success0/test.json
2025-12-08 11:25:48,323 - src.read - INFO - Successfully read JSON: 2 rows x 2 columns
2025-12-08 11:25:48,328 - src.read - INFO - Starting read() for type=csv, path=/private/var/folders/45/mms0wwj51255z_fqrdsfrqzh0000gn/T/pytest-of-mattmurno/pytest-18/test_read_dispatches_to_csv0/test.csv
2025-12-08 11:25:48,328 - src.read - INFO - Reading CSV file from /private/var/folders/45/mms0wwj51255z_fqrdsfrqzh0000gn/T/pytest-of-mattmurno/pytest-18/test_read_dispatches_to_csv0/test.csv
2025-12-08 11:25:48,330 - src.read - INFO - Successfully read CSV: 2 rows x 2 columns
2025-12-08 11:25:48,358 - src.read - INFO - Starting read() for type=json, path=/private/var/folders/45/mms0wwj51255z_fqrdsfrqzh0000gn/T/pytest-of-mattmurno/pytest-18/test_read_dispatches_to_json0/test.json
2025-12-08 11:25:48,359 - src.read - INFO - Reading JSON file from /private/var/folders/45/mms0wwj51255z_fqrdsfrqzh0000gn/T/pytest-of-mattmurno/pytest-18/test_read_dispatches_to_json0/test.json
2025-12-08 11:25:48,364 - src.read - INFO - Successfully read JSON: 2 rows x 2 columns
2025-12-08 11:25:48,368 - src.read - INFO - Reading CSV file from /private/var/folders/45/mms0wwj51255z_fqrdsfrqzh0000gn/T/pytest-of-mattmurno/pytest-18/test_read_csv_missing_file_rai0/does_not_exist.csv
2025-12-08 11:25:48,369 - src.read - ERROR - Failed to read CSV file from /private/var/folders/45/mms0wwj51255z_fqrdsfrqzh0000gn/T/pytest-of-mattmurno/pytest-18/test_read_csv_missing_file_rai0/does_not_exist.csv
Traceback (most recent call last):
  File "/Users/mattmurno/Desktop/Revature training files/etl_proj/src/read.py", line 11, in read_csv
    df = pd.read_csv(filepath)
         ^^^^^^^^^^^^^^^^^^^^^
  File "/Users/mattmurno/Desktop/Revature training files/etl_proj/venv/lib/python3.11/site-packages/pandas/io/parsers/readers.py", line 1026, in read_csv
    return _read(filepath_or_buffer, kwds)
           ^^^^^^^^^^^^^^^^^^^^^^^^^^^^^^^
  File "/Users/mattmurno/Desktop/Revature training files/etl_proj/venv/lib/python3.11/site-packages/pandas/io/parsers/readers.py", line 620, in _read
    parser = TextFileReader(filepath_or_buffer, **kwds)
             ^^^^^^^^^^^^^^^^^^^^^^^^^^^^^^^^^^^^^^^^^^
  File "/Users/mattmurno/Desktop/Revature training files/etl_proj/venv/lib/python3.11/site-packages/pandas/io/parsers/readers.py", line 1620, in __init__
    self._engine = self._make_engine(f, self.engine)
                   ^^^^^^^^^^^^^^^^^^^^^^^^^^^^^^^^^
  File "/Users/mattmurno/Desktop/Revature training files/etl_proj/venv/lib/python3.11/site-packages/pandas/io/parsers/readers.py", line 1880, in _make_engine
    self.handles = get_handle(
                   ^^^^^^^^^^^
  File "/Users/mattmurno/Desktop/Revature training files/etl_proj/venv/lib/python3.11/site-packages/pandas/io/common.py", line 873, in get_handle
    handle = open(
             ^^^^^
FileNotFoundError: [Errno 2] No such file or directory: '/private/var/folders/45/mms0wwj51255z_fqrdsfrqzh0000gn/T/pytest-of-mattmurno/pytest-18/test_read_csv_missing_file_rai0/does_not_exist.csv'
2025-12-08 11:25:48,392 - src.read - INFO - Reading JSON file from /private/var/folders/45/mms0wwj51255z_fqrdsfrqzh0000gn/T/pytest-of-mattmurno/pytest-18/test_read_json_missing_file_ra0/does_not_exist.json
2025-12-08 11:25:48,392 - src.read - ERROR - Failed to read JSON file from /private/var/folders/45/mms0wwj51255z_fqrdsfrqzh0000gn/T/pytest-of-mattmurno/pytest-18/test_read_json_missing_file_ra0/does_not_exist.json
Traceback (most recent call last):
  File "/Users/mattmurno/Desktop/Revature training files/etl_proj/src/read.py", line 22, in read_json
    df = pd.read_json(filepath)
         ^^^^^^^^^^^^^^^^^^^^^^
  File "/Users/mattmurno/Desktop/Revature training files/etl_proj/venv/lib/python3.11/site-packages/pandas/io/json/_json.py", line 791, in read_json
    json_reader = JsonReader(
                  ^^^^^^^^^^^
  File "/Users/mattmurno/Desktop/Revature training files/etl_proj/venv/lib/python3.11/site-packages/pandas/io/json/_json.py", line 904, in __init__
    data = self._get_data_from_filepath(filepath_or_buffer)
           ^^^^^^^^^^^^^^^^^^^^^^^^^^^^^^^^^^^^^^^^^^^^^^^^
  File "/Users/mattmurno/Desktop/Revature training files/etl_proj/venv/lib/python3.11/site-packages/pandas/io/json/_json.py", line 960, in _get_data_from_filepath
    raise FileNotFoundError(f"File {filepath_or_buffer} does not exist")
FileNotFoundError: File /private/var/folders/45/mms0wwj51255z_fqrdsfrqzh0000gn/T/pytest-of-mattmurno/pytest-18/test_read_json_missing_file_ra0/does_not_exist.json does not exist
2025-12-08 11:25:48,405 - src.read - INFO - Starting read() for type=xml, path=some/path/file.xml
2025-12-08 11:25:48,405 - src.read - ERROR - Unsupported source type in read(): xml
2025-12-08 11:25:48,411 - src.transform - INFO - Starting transform(): input df has 2 rows x 15 columns
2025-12-08 11:25:48,430 - src.transform - INFO - Built people_df (no nulls): 2 rows x 5 columns
2025-12-08 11:25:48,445 - src.transform - INFO - Built hospitals_df (no nulls) (no nulls): 2 rows x 2 columns
2025-12-08 11:25:48,449 - src.transform - INFO - Built doctors_df (pre-hospital merge, no nulls) (no nulls): 2 rows x 3 columns
2025-12-08 11:25:48,471 - src.transform - INFO - Built conditions_df (no nulls): 2 rows x 2 columns
2025-12-08 11:25:48,474 - src.transform - INFO - Built insurance_df (no nulls): 1 rows x 2 columns
2025-12-08 11:25:48,477 - src.transform - INFO - Built test_results_df (no nulls): 2 rows x 2 columns
2025-12-08 11:25:48,484 - src.transform - INFO - Built admission_types_df (no nulls): 2 rows x 2 columns
2025-12-08 11:25:48,506 - src.transform - INFO - Finished merges; df is now 2 rows x 27 columns
2025-12-08 11:25:48,524 - src.transform - INFO - Built admissions_df: 2 rows x 12 columns
2025-12-08 11:25:48,524 - src.transform - INFO - After reject split: 2 valid admissions, 0 rejected rows
2025-12-08 11:25:48,524 - src.transform - INFO - transform() completed successfully. Output tables: {'people': (2, 5), 'doctors': (2, 4), 'hospitals': (2, 2), 'conditions': (2, 2), 'insurance': (1, 2), 'admission_types': (2, 2), 'test_results': (2, 2), 'admissions': (2, 12), 'rejects': (0, 16)}
2025-12-08 11:25:48,529 - src.transform - INFO - Starting transform(): input df has 3 rows x 15 columns
2025-12-08 11:25:48,533 - src.transform - INFO - Built people_df (no nulls): 2 rows x 5 columns
2025-12-08 11:25:48,538 - src.transform - INFO - Built hospitals_df (no nulls) (no nulls): 2 rows x 2 columns
2025-12-08 11:25:48,541 - src.transform - INFO - Built doctors_df (pre-hospital merge, no nulls) (no nulls): 2 rows x 3 columns
2025-12-08 11:25:48,548 - src.transform - INFO - Built conditions_df (no nulls): 2 rows x 2 columns
2025-12-08 11:25:48,552 - src.transform - INFO - Built insurance_df (no nulls): 1 rows x 2 columns
2025-12-08 11:25:48,555 - src.transform - INFO - Built test_results_df (no nulls): 3 rows x 2 columns
2025-12-08 11:25:48,560 - src.transform - INFO - Built admission_types_df (no nulls): 2 rows x 2 columns
2025-12-08 11:25:48,578 - src.transform - INFO - Finished merges; df is now 3 rows x 27 columns
2025-12-08 11:25:48,584 - src.transform - INFO - Built admissions_df: 2 rows x 12 columns
2025-12-08 11:25:48,584 - src.transform - INFO - After reject split: 2 valid admissions, 1 rejected rows
2025-12-08 11:25:48,584 - src.transform - INFO - transform() completed successfully. Output tables: {'people': (2, 5), 'doctors': (2, 4), 'hospitals': (2, 2), 'conditions': (2, 2), 'insurance': (1, 2), 'admission_types': (2, 2), 'test_results': (2, 2), 'admissions': (2, 12), 'rejects': (1, 16)}
2025-12-08 11:25:48,588 - src.transform - INFO - Starting transform(): input df has 1 rows x 14 columns
2025-12-08 11:25:48,589 - src.transform - ERROR - transform() failed.
Traceback (most recent call last):
  File "/Users/mattmurno/Desktop/Revature training files/etl_proj/src/transform.py", line 146, in transform
    people_df = build_dimension_df(df, "people")
                ^^^^^^^^^^^^^^^^^^^^^^^^^^^^^^^^
  File "/Users/mattmurno/Desktop/Revature training files/etl_proj/src/transform.py", line 27, in build_dimension_df
    source_df[all_cols]
    ~~~~~~~~~^^^^^^^^^^
  File "/Users/mattmurno/Desktop/Revature training files/etl_proj/venv/lib/python3.11/site-packages/pandas/core/frame.py", line 4119, in __getitem__
    indexer = self.columns._get_indexer_strict(key, "columns")[1]
              ^^^^^^^^^^^^^^^^^^^^^^^^^^^^^^^^^^^^^^^^^^^^^^^^
  File "/Users/mattmurno/Desktop/Revature training files/etl_proj/venv/lib/python3.11/site-packages/pandas/core/indexes/base.py", line 6212, in _get_indexer_strict
    self._raise_if_missing(keyarr, indexer, axis_name)
  File "/Users/mattmurno/Desktop/Revature training files/etl_proj/venv/lib/python3.11/site-packages/pandas/core/indexes/base.py", line 6264, in _raise_if_missing
    raise KeyError(f"{not_found} not in index")
KeyError: "['name'] not in index"
2025-12-08 11:35:24,077 - src.clean - INFO - Starting clean(): input df has 2 rows x 3 columns
2025-12-08 11:35:24,152 - src.clean - INFO - Standardized string columns where present according to rules config.
2025-12-08 11:35:24,152 - src.clean - INFO - Standardized string columns where present.
2025-12-08 11:35:24,152 - src.clean - INFO - clean() completed. Output df has 2 rows x 3 columns
2025-12-08 11:35:24,157 - src.clean - INFO - Starting clean(): input df has 1 rows x 2 columns
2025-12-08 11:35:24,165 - src.clean - INFO - Standardized string columns where present according to rules config.
2025-12-08 11:35:24,165 - src.clean - INFO - Standardized string columns where present.
2025-12-08 11:35:24,165 - src.clean - INFO - clean() completed. Output df has 1 rows x 2 columns
2025-12-08 11:35:24,197 - src.load - INFO - Starting load()
2025-12-08 11:35:24,197 - src.load - INFO - Row counts - people=1, hospitals=1, doctors=1, conditions=1, insurance=1, test_results=1, admission_types=1, admissions=1, rejects=1
2025-12-08 11:35:24,197 - src.load - INFO - Connecting to database...
2025-12-08 11:35:24,197 - src.load - INFO - Database connection established.
2025-12-08 11:35:24,197 - src.load - INFO - Tables created/verified successfully.
2025-12-08 11:35:24,198 - src.load - INFO - Truncating tables and resetting identities...
2025-12-08 11:35:24,198 - src.load - INFO - Tables truncated.
2025-12-08 11:35:24,198 - src.load - INFO - Starting insertion.
2025-12-08 11:35:24,219 - src.load - INFO - Load completed successfully.
2025-12-08 11:35:24,219 - src.load - INFO - Database connection closed. End of load().
2025-12-08 11:35:24,227 - src.load - INFO - Starting load()
2025-12-08 11:35:24,227 - src.load - INFO - Row counts - people=3, hospitals=1, doctors=1, conditions=1, insurance=1, test_results=1, admission_types=1, admissions=1, rejects=1
2025-12-08 11:35:24,227 - src.load - INFO - Connecting to database...
2025-12-08 11:35:24,227 - src.load - INFO - Database connection established.
2025-12-08 11:35:24,227 - src.load - INFO - Tables created/verified successfully.
2025-12-08 11:35:24,228 - src.load - INFO - Truncating tables and resetting identities...
2025-12-08 11:35:24,228 - src.load - INFO - Tables truncated.
2025-12-08 11:35:24,228 - src.load - INFO - Starting insertion.
2025-12-08 11:35:24,239 - src.load - WARNING - Invalid age 150 for person Too Old; setting age to NULL before insert
2025-12-08 11:35:24,246 - src.load - INFO - Load completed successfully.
2025-12-08 11:35:24,246 - src.load - INFO - Database connection closed. End of load().
2025-12-08 11:35:24,299 - src.load - INFO - Starting load()
2025-12-08 11:35:24,300 - src.load - INFO - Row counts - people=1, hospitals=1, doctors=1, conditions=1, insurance=1, test_results=1, admission_types=1, admissions=1, rejects=1
2025-12-08 11:35:24,300 - src.load - INFO - Connecting to database...
2025-12-08 11:35:24,300 - src.load - INFO - Database connection established.
2025-12-08 11:35:24,300 - src.load - INFO - Tables created/verified successfully.
2025-12-08 11:35:24,300 - src.load - INFO - Truncating tables and resetting identities...
2025-12-08 11:35:24,300 - src.load - INFO - Tables truncated.
2025-12-08 11:35:24,300 - src.load - INFO - Starting insertion.
2025-12-08 11:35:24,302 - src.load - ERROR - Failed inserting people row: Pandas(person_id=1, name='Error Person', age=40, gender='M', blood_type='AB+')
Traceback (most recent call last):
  File "/Users/mattmurno/Desktop/Revature training files/etl_proj/src/load.py", line 157, in load
    cur.execute(
  File "/Users/mattmurno/Desktop/Revature training files/etl_proj/tests/test_load.py", line 16, in execute
    raise psycopg2.Error("Simulated DB error")
psycopg2.Error: Simulated DB error
2025-12-08 11:35:24,356 - src.load - ERROR - Error in load() while working with the database.
Traceback (most recent call last):
  File "/Users/mattmurno/Desktop/Revature training files/etl_proj/src/load.py", line 157, in load
    cur.execute(
  File "/Users/mattmurno/Desktop/Revature training files/etl_proj/tests/test_load.py", line 16, in execute
    raise psycopg2.Error("Simulated DB error")
psycopg2.Error: Simulated DB error
2025-12-08 11:35:24,357 - src.load - INFO - Transaction rolled back due to error.
2025-12-08 11:35:24,357 - src.load - INFO - Database connection closed. End of load().
2025-12-08 11:35:24,386 - src.read - INFO - Reading CSV file from /private/var/folders/45/mms0wwj51255z_fqrdsfrqzh0000gn/T/pytest-of-mattmurno/pytest-19/test_read_csv_success0/test.csv
2025-12-08 11:35:24,388 - src.read - INFO - Successfully read CSV: 2 rows x 2 columns
2025-12-08 11:35:24,393 - src.read - INFO - Reading JSON file from /private/var/folders/45/mms0wwj51255z_fqrdsfrqzh0000gn/T/pytest-of-mattmurno/pytest-19/test_read_json_success0/test.json
2025-12-08 11:35:24,414 - src.read - INFO - Successfully read JSON: 2 rows x 2 columns
2025-12-08 11:35:24,439 - src.read - INFO - Starting read() for type=csv, path=/private/var/folders/45/mms0wwj51255z_fqrdsfrqzh0000gn/T/pytest-of-mattmurno/pytest-19/test_read_dispatches_to_csv0/test.csv
2025-12-08 11:35:24,439 - src.read - INFO - Reading CSV file from /private/var/folders/45/mms0wwj51255z_fqrdsfrqzh0000gn/T/pytest-of-mattmurno/pytest-19/test_read_dispatches_to_csv0/test.csv
2025-12-08 11:35:24,440 - src.read - INFO - Successfully read CSV: 2 rows x 2 columns
2025-12-08 11:35:24,447 - src.read - INFO - Starting read() for type=json, path=/private/var/folders/45/mms0wwj51255z_fqrdsfrqzh0000gn/T/pytest-of-mattmurno/pytest-19/test_read_dispatches_to_json0/test.json
2025-12-08 11:35:24,448 - src.read - INFO - Reading JSON file from /private/var/folders/45/mms0wwj51255z_fqrdsfrqzh0000gn/T/pytest-of-mattmurno/pytest-19/test_read_dispatches_to_json0/test.json
2025-12-08 11:35:24,452 - src.read - INFO - Successfully read JSON: 2 rows x 2 columns
2025-12-08 11:35:24,456 - src.read - INFO - Reading CSV file from /private/var/folders/45/mms0wwj51255z_fqrdsfrqzh0000gn/T/pytest-of-mattmurno/pytest-19/test_read_csv_missing_file_rai0/does_not_exist.csv
2025-12-08 11:35:24,457 - src.read - ERROR - Failed to read CSV file from /private/var/folders/45/mms0wwj51255z_fqrdsfrqzh0000gn/T/pytest-of-mattmurno/pytest-19/test_read_csv_missing_file_rai0/does_not_exist.csv
Traceback (most recent call last):
  File "/Users/mattmurno/Desktop/Revature training files/etl_proj/src/read.py", line 11, in read_csv
    df = pd.read_csv(filepath)
         ^^^^^^^^^^^^^^^^^^^^^
  File "/Users/mattmurno/Desktop/Revature training files/etl_proj/venv/lib/python3.11/site-packages/pandas/io/parsers/readers.py", line 1026, in read_csv
    return _read(filepath_or_buffer, kwds)
           ^^^^^^^^^^^^^^^^^^^^^^^^^^^^^^^
  File "/Users/mattmurno/Desktop/Revature training files/etl_proj/venv/lib/python3.11/site-packages/pandas/io/parsers/readers.py", line 620, in _read
    parser = TextFileReader(filepath_or_buffer, **kwds)
             ^^^^^^^^^^^^^^^^^^^^^^^^^^^^^^^^^^^^^^^^^^
  File "/Users/mattmurno/Desktop/Revature training files/etl_proj/venv/lib/python3.11/site-packages/pandas/io/parsers/readers.py", line 1620, in __init__
    self._engine = self._make_engine(f, self.engine)
                   ^^^^^^^^^^^^^^^^^^^^^^^^^^^^^^^^^
  File "/Users/mattmurno/Desktop/Revature training files/etl_proj/venv/lib/python3.11/site-packages/pandas/io/parsers/readers.py", line 1880, in _make_engine
    self.handles = get_handle(
                   ^^^^^^^^^^^
  File "/Users/mattmurno/Desktop/Revature training files/etl_proj/venv/lib/python3.11/site-packages/pandas/io/common.py", line 873, in get_handle
    handle = open(
             ^^^^^
FileNotFoundError: [Errno 2] No such file or directory: '/private/var/folders/45/mms0wwj51255z_fqrdsfrqzh0000gn/T/pytest-of-mattmurno/pytest-19/test_read_csv_missing_file_rai0/does_not_exist.csv'
2025-12-08 11:35:24,481 - src.read - INFO - Reading JSON file from /private/var/folders/45/mms0wwj51255z_fqrdsfrqzh0000gn/T/pytest-of-mattmurno/pytest-19/test_read_json_missing_file_ra0/does_not_exist.json
2025-12-08 11:35:24,482 - src.read - ERROR - Failed to read JSON file from /private/var/folders/45/mms0wwj51255z_fqrdsfrqzh0000gn/T/pytest-of-mattmurno/pytest-19/test_read_json_missing_file_ra0/does_not_exist.json
Traceback (most recent call last):
  File "/Users/mattmurno/Desktop/Revature training files/etl_proj/src/read.py", line 22, in read_json
    df = pd.read_json(filepath)
         ^^^^^^^^^^^^^^^^^^^^^^
  File "/Users/mattmurno/Desktop/Revature training files/etl_proj/venv/lib/python3.11/site-packages/pandas/io/json/_json.py", line 791, in read_json
    json_reader = JsonReader(
                  ^^^^^^^^^^^
  File "/Users/mattmurno/Desktop/Revature training files/etl_proj/venv/lib/python3.11/site-packages/pandas/io/json/_json.py", line 904, in __init__
    data = self._get_data_from_filepath(filepath_or_buffer)
           ^^^^^^^^^^^^^^^^^^^^^^^^^^^^^^^^^^^^^^^^^^^^^^^^
  File "/Users/mattmurno/Desktop/Revature training files/etl_proj/venv/lib/python3.11/site-packages/pandas/io/json/_json.py", line 960, in _get_data_from_filepath
    raise FileNotFoundError(f"File {filepath_or_buffer} does not exist")
FileNotFoundError: File /private/var/folders/45/mms0wwj51255z_fqrdsfrqzh0000gn/T/pytest-of-mattmurno/pytest-19/test_read_json_missing_file_ra0/does_not_exist.json does not exist
2025-12-08 11:35:24,487 - src.read - INFO - Starting read() for type=xml, path=some/path/file.xml
2025-12-08 11:35:24,487 - src.read - ERROR - Unsupported source type in read(): xml
2025-12-08 11:35:24,492 - src.transform - INFO - Starting transform(): input df has 2 rows x 15 columns
2025-12-08 11:35:24,514 - src.transform - INFO - Built people_df (no nulls): 2 rows x 5 columns
2025-12-08 11:35:24,518 - src.transform - INFO - Built hospitals_df (no nulls) (no nulls): 2 rows x 2 columns
2025-12-08 11:35:24,521 - src.transform - INFO - Built doctors_df (pre-hospital merge, no nulls) (no nulls): 2 rows x 3 columns
2025-12-08 11:35:24,543 - src.transform - INFO - Built conditions_df (no nulls): 2 rows x 2 columns
2025-12-08 11:35:24,548 - src.transform - INFO - Built insurance_df (no nulls): 1 rows x 2 columns
2025-12-08 11:35:24,551 - src.transform - INFO - Built test_results_df (no nulls): 2 rows x 2 columns
2025-12-08 11:35:24,558 - src.transform - INFO - Built admission_types_df (no nulls): 2 rows x 2 columns
2025-12-08 11:35:24,582 - src.transform - INFO - Finished merges; df is now 2 rows x 27 columns
2025-12-08 11:35:24,590 - src.transform - INFO - Built admissions_df: 2 rows x 12 columns
2025-12-08 11:35:24,590 - src.transform - INFO - After reject split: 2 valid admissions, 0 rejected rows
2025-12-08 11:35:24,591 - src.transform - INFO - transform() completed successfully. Output tables: {'people': (2, 5), 'doctors': (2, 4), 'hospitals': (2, 2), 'conditions': (2, 2), 'insurance': (1, 2), 'admission_types': (2, 2), 'test_results': (2, 2), 'admissions': (2, 12), 'rejects': (0, 16)}
2025-12-08 11:35:24,596 - src.transform - INFO - Starting transform(): input df has 3 rows x 15 columns
2025-12-08 11:35:24,599 - src.transform - INFO - Built people_df (no nulls): 2 rows x 5 columns
2025-12-08 11:35:24,602 - src.transform - INFO - Built hospitals_df (no nulls) (no nulls): 2 rows x 2 columns
2025-12-08 11:35:24,606 - src.transform - INFO - Built doctors_df (pre-hospital merge, no nulls) (no nulls): 2 rows x 3 columns
2025-12-08 11:35:24,613 - src.transform - INFO - Built conditions_df (no nulls): 2 rows x 2 columns
2025-12-08 11:35:24,616 - src.transform - INFO - Built insurance_df (no nulls): 1 rows x 2 columns
2025-12-08 11:35:24,620 - src.transform - INFO - Built test_results_df (no nulls): 3 rows x 2 columns
2025-12-08 11:35:24,624 - src.transform - INFO - Built admission_types_df (no nulls): 2 rows x 2 columns
2025-12-08 11:35:24,638 - src.transform - INFO - Finished merges; df is now 3 rows x 27 columns
2025-12-08 11:35:24,644 - src.transform - INFO - Built admissions_df: 2 rows x 12 columns
2025-12-08 11:35:24,645 - src.transform - INFO - After reject split: 2 valid admissions, 1 rejected rows
2025-12-08 11:35:24,645 - src.transform - INFO - transform() completed successfully. Output tables: {'people': (2, 5), 'doctors': (2, 4), 'hospitals': (2, 2), 'conditions': (2, 2), 'insurance': (1, 2), 'admission_types': (2, 2), 'test_results': (2, 2), 'admissions': (2, 12), 'rejects': (1, 16)}
2025-12-08 11:35:24,648 - src.transform - INFO - Starting transform(): input df has 1 rows x 14 columns
2025-12-08 11:35:24,649 - src.transform - ERROR - transform() failed.
Traceback (most recent call last):
  File "/Users/mattmurno/Desktop/Revature training files/etl_proj/src/transform.py", line 146, in transform
    people_df = build_dimension_df(df, "people")
                ^^^^^^^^^^^^^^^^^^^^^^^^^^^^^^^^
  File "/Users/mattmurno/Desktop/Revature training files/etl_proj/src/transform.py", line 27, in build_dimension_df
    source_df[all_cols]
    ~~~~~~~~~^^^^^^^^^^
  File "/Users/mattmurno/Desktop/Revature training files/etl_proj/venv/lib/python3.11/site-packages/pandas/core/frame.py", line 4119, in __getitem__
    indexer = self.columns._get_indexer_strict(key, "columns")[1]
              ^^^^^^^^^^^^^^^^^^^^^^^^^^^^^^^^^^^^^^^^^^^^^^^^
  File "/Users/mattmurno/Desktop/Revature training files/etl_proj/venv/lib/python3.11/site-packages/pandas/core/indexes/base.py", line 6212, in _get_indexer_strict
    self._raise_if_missing(keyarr, indexer, axis_name)
  File "/Users/mattmurno/Desktop/Revature training files/etl_proj/venv/lib/python3.11/site-packages/pandas/core/indexes/base.py", line 6264, in _raise_if_missing
    raise KeyError(f"{not_found} not in index")
KeyError: "['name'] not in index"
2025-12-08 11:39:41,444 - src.clean - INFO - Starting clean(): input df has 2 rows x 3 columns
2025-12-08 11:39:41,502 - src.clean - INFO - Standardized string columns where present according to rules config.
2025-12-08 11:39:41,502 - src.clean - INFO - clean() completed. Output df has 2 rows x 3 columns
2025-12-08 11:39:41,512 - src.clean - INFO - Starting clean(): input df has 1 rows x 2 columns
2025-12-08 11:39:41,524 - src.clean - INFO - Standardized string columns where present according to rules config.
2025-12-08 11:39:41,524 - src.clean - INFO - clean() completed. Output df has 1 rows x 2 columns
2025-12-08 11:39:41,561 - src.load - INFO - Starting load()
2025-12-08 11:39:41,561 - src.load - INFO - Row counts - people=1, hospitals=1, doctors=1, conditions=1, insurance=1, test_results=1, admission_types=1, admissions=1, rejects=1
2025-12-08 11:39:41,562 - src.load - INFO - Connecting to database...
2025-12-08 11:39:41,562 - src.load - INFO - Database connection established.
2025-12-08 11:39:41,563 - src.load - INFO - Tables created/verified successfully.
2025-12-08 11:39:41,563 - src.load - INFO - Truncating tables and resetting identities...
2025-12-08 11:39:41,563 - src.load - INFO - Tables truncated.
2025-12-08 11:39:41,563 - src.load - INFO - Starting insertion.
2025-12-08 11:39:41,580 - src.load - INFO - Load completed successfully.
2025-12-08 11:39:41,581 - src.load - INFO - Database connection closed. End of load().
2025-12-08 11:39:41,591 - src.load - INFO - Starting load()
2025-12-08 11:39:41,591 - src.load - INFO - Row counts - people=3, hospitals=1, doctors=1, conditions=1, insurance=1, test_results=1, admission_types=1, admissions=1, rejects=1
2025-12-08 11:39:41,591 - src.load - INFO - Connecting to database...
2025-12-08 11:39:41,591 - src.load - INFO - Database connection established.
2025-12-08 11:39:41,592 - src.load - INFO - Tables created/verified successfully.
2025-12-08 11:39:41,592 - src.load - INFO - Truncating tables and resetting identities...
2025-12-08 11:39:41,592 - src.load - INFO - Tables truncated.
2025-12-08 11:39:41,592 - src.load - INFO - Starting insertion.
2025-12-08 11:39:41,593 - src.load - WARNING - Invalid age 150 for person Too Old; setting age to NULL before insert
2025-12-08 11:39:41,605 - src.load - INFO - Load completed successfully.
2025-12-08 11:39:41,606 - src.load - INFO - Database connection closed. End of load().
2025-12-08 11:39:41,616 - src.load - INFO - Starting load()
2025-12-08 11:39:41,618 - src.load - INFO - Row counts - people=1, hospitals=1, doctors=1, conditions=1, insurance=1, test_results=1, admission_types=1, admissions=1, rejects=1
2025-12-08 11:39:41,618 - src.load - INFO - Connecting to database...
2025-12-08 11:39:41,618 - src.load - INFO - Database connection established.
2025-12-08 11:39:41,618 - src.load - INFO - Tables created/verified successfully.
2025-12-08 11:39:41,618 - src.load - INFO - Truncating tables and resetting identities...
2025-12-08 11:39:41,618 - src.load - INFO - Tables truncated.
2025-12-08 11:39:41,618 - src.load - INFO - Starting insertion.
2025-12-08 11:39:41,619 - src.load - ERROR - Failed inserting people row: Pandas(person_id=1, name='Error Person', age=40, gender='M', blood_type='AB+')
Traceback (most recent call last):
  File "/Users/mattmurno/Desktop/Revature training files/etl_proj/src/load.py", line 157, in load
    cur.execute(
  File "/Users/mattmurno/Desktop/Revature training files/etl_proj/tests/test_load.py", line 16, in execute
    raise psycopg2.Error("Simulated DB error")
psycopg2.Error: Simulated DB error
2025-12-08 11:39:41,668 - src.load - ERROR - Error in load() while working with the database.
Traceback (most recent call last):
  File "/Users/mattmurno/Desktop/Revature training files/etl_proj/src/load.py", line 157, in load
    cur.execute(
  File "/Users/mattmurno/Desktop/Revature training files/etl_proj/tests/test_load.py", line 16, in execute
    raise psycopg2.Error("Simulated DB error")
psycopg2.Error: Simulated DB error
2025-12-08 11:39:41,668 - src.load - INFO - Transaction rolled back due to error.
2025-12-08 11:39:41,668 - src.load - INFO - Database connection closed. End of load().
2025-12-08 11:39:41,690 - src.read - INFO - Reading CSV file from /private/var/folders/45/mms0wwj51255z_fqrdsfrqzh0000gn/T/pytest-of-mattmurno/pytest-20/test_read_csv_success0/test.csv
2025-12-08 11:39:41,693 - src.read - INFO - Successfully read CSV: 2 rows x 2 columns
2025-12-08 11:39:41,702 - src.read - INFO - Reading JSON file from /private/var/folders/45/mms0wwj51255z_fqrdsfrqzh0000gn/T/pytest-of-mattmurno/pytest-20/test_read_json_success0/test.json
2025-12-08 11:39:41,713 - src.read - INFO - Successfully read JSON: 2 rows x 2 columns
2025-12-08 11:39:41,719 - src.read - INFO - Starting read() for type=csv, path=/private/var/folders/45/mms0wwj51255z_fqrdsfrqzh0000gn/T/pytest-of-mattmurno/pytest-20/test_read_dispatches_to_csv0/test.csv
2025-12-08 11:39:41,719 - src.read - INFO - Reading CSV file from /private/var/folders/45/mms0wwj51255z_fqrdsfrqzh0000gn/T/pytest-of-mattmurno/pytest-20/test_read_dispatches_to_csv0/test.csv
2025-12-08 11:39:41,720 - src.read - INFO - Successfully read CSV: 2 rows x 2 columns
2025-12-08 11:39:41,726 - src.read - INFO - Starting read() for type=json, path=/private/var/folders/45/mms0wwj51255z_fqrdsfrqzh0000gn/T/pytest-of-mattmurno/pytest-20/test_read_dispatches_to_json0/test.json
2025-12-08 11:39:41,726 - src.read - INFO - Reading JSON file from /private/var/folders/45/mms0wwj51255z_fqrdsfrqzh0000gn/T/pytest-of-mattmurno/pytest-20/test_read_dispatches_to_json0/test.json
2025-12-08 11:39:41,730 - src.read - INFO - Successfully read JSON: 2 rows x 2 columns
2025-12-08 11:39:41,738 - src.read - INFO - Reading CSV file from /private/var/folders/45/mms0wwj51255z_fqrdsfrqzh0000gn/T/pytest-of-mattmurno/pytest-20/test_read_csv_missing_file_rai0/does_not_exist.csv
2025-12-08 11:39:41,739 - src.read - ERROR - Failed to read CSV file from /private/var/folders/45/mms0wwj51255z_fqrdsfrqzh0000gn/T/pytest-of-mattmurno/pytest-20/test_read_csv_missing_file_rai0/does_not_exist.csv
Traceback (most recent call last):
  File "/Users/mattmurno/Desktop/Revature training files/etl_proj/src/read.py", line 11, in read_csv
    df = pd.read_csv(filepath)
         ^^^^^^^^^^^^^^^^^^^^^
  File "/Users/mattmurno/Desktop/Revature training files/etl_proj/venv/lib/python3.11/site-packages/pandas/io/parsers/readers.py", line 1026, in read_csv
    return _read(filepath_or_buffer, kwds)
           ^^^^^^^^^^^^^^^^^^^^^^^^^^^^^^^
  File "/Users/mattmurno/Desktop/Revature training files/etl_proj/venv/lib/python3.11/site-packages/pandas/io/parsers/readers.py", line 620, in _read
    parser = TextFileReader(filepath_or_buffer, **kwds)
             ^^^^^^^^^^^^^^^^^^^^^^^^^^^^^^^^^^^^^^^^^^
  File "/Users/mattmurno/Desktop/Revature training files/etl_proj/venv/lib/python3.11/site-packages/pandas/io/parsers/readers.py", line 1620, in __init__
    self._engine = self._make_engine(f, self.engine)
                   ^^^^^^^^^^^^^^^^^^^^^^^^^^^^^^^^^
  File "/Users/mattmurno/Desktop/Revature training files/etl_proj/venv/lib/python3.11/site-packages/pandas/io/parsers/readers.py", line 1880, in _make_engine
    self.handles = get_handle(
                   ^^^^^^^^^^^
  File "/Users/mattmurno/Desktop/Revature training files/etl_proj/venv/lib/python3.11/site-packages/pandas/io/common.py", line 873, in get_handle
    handle = open(
             ^^^^^
FileNotFoundError: [Errno 2] No such file or directory: '/private/var/folders/45/mms0wwj51255z_fqrdsfrqzh0000gn/T/pytest-of-mattmurno/pytest-20/test_read_csv_missing_file_rai0/does_not_exist.csv'
2025-12-08 11:39:41,765 - src.read - INFO - Reading JSON file from /private/var/folders/45/mms0wwj51255z_fqrdsfrqzh0000gn/T/pytest-of-mattmurno/pytest-20/test_read_json_missing_file_ra0/does_not_exist.json
2025-12-08 11:39:41,765 - src.read - ERROR - Failed to read JSON file from /private/var/folders/45/mms0wwj51255z_fqrdsfrqzh0000gn/T/pytest-of-mattmurno/pytest-20/test_read_json_missing_file_ra0/does_not_exist.json
Traceback (most recent call last):
  File "/Users/mattmurno/Desktop/Revature training files/etl_proj/src/read.py", line 22, in read_json
    df = pd.read_json(filepath)
         ^^^^^^^^^^^^^^^^^^^^^^
  File "/Users/mattmurno/Desktop/Revature training files/etl_proj/venv/lib/python3.11/site-packages/pandas/io/json/_json.py", line 791, in read_json
    json_reader = JsonReader(
                  ^^^^^^^^^^^
  File "/Users/mattmurno/Desktop/Revature training files/etl_proj/venv/lib/python3.11/site-packages/pandas/io/json/_json.py", line 904, in __init__
    data = self._get_data_from_filepath(filepath_or_buffer)
           ^^^^^^^^^^^^^^^^^^^^^^^^^^^^^^^^^^^^^^^^^^^^^^^^
  File "/Users/mattmurno/Desktop/Revature training files/etl_proj/venv/lib/python3.11/site-packages/pandas/io/json/_json.py", line 960, in _get_data_from_filepath
    raise FileNotFoundError(f"File {filepath_or_buffer} does not exist")
FileNotFoundError: File /private/var/folders/45/mms0wwj51255z_fqrdsfrqzh0000gn/T/pytest-of-mattmurno/pytest-20/test_read_json_missing_file_ra0/does_not_exist.json does not exist
2025-12-08 11:39:41,780 - src.read - INFO - Starting read() for type=xml, path=some/path/file.xml
2025-12-08 11:39:41,780 - src.read - ERROR - Unsupported source type in read(): xml
2025-12-08 11:39:41,783 - src.transform - INFO - Starting transform(): input df has 2 rows x 15 columns
2025-12-08 11:39:41,821 - src.transform - INFO - Built people_df (no nulls): 2 rows x 5 columns
2025-12-08 11:39:41,824 - src.transform - INFO - Built hospitals_df (no nulls) (no nulls): 2 rows x 2 columns
2025-12-08 11:39:41,827 - src.transform - INFO - Built doctors_df (pre-hospital merge, no nulls) (no nulls): 2 rows x 3 columns
2025-12-08 11:39:41,861 - src.transform - INFO - Built conditions_df (no nulls): 2 rows x 2 columns
2025-12-08 11:39:41,864 - src.transform - INFO - Built insurance_df (no nulls): 1 rows x 2 columns
2025-12-08 11:39:41,871 - src.transform - INFO - Built test_results_df (no nulls): 2 rows x 2 columns
2025-12-08 11:39:41,877 - src.transform - INFO - Built admission_types_df (no nulls): 2 rows x 2 columns
2025-12-08 11:39:41,897 - src.transform - INFO - Finished merges; df is now 2 rows x 27 columns
2025-12-08 11:39:41,909 - src.transform - INFO - Built admissions_df: 2 rows x 12 columns
2025-12-08 11:39:41,909 - src.transform - INFO - After reject split: 2 valid admissions, 0 rejected rows
2025-12-08 11:39:41,909 - src.transform - INFO - transform() completed successfully. Output tables: {'people': (2, 5), 'doctors': (2, 4), 'hospitals': (2, 2), 'conditions': (2, 2), 'insurance': (1, 2), 'admission_types': (2, 2), 'test_results': (2, 2), 'admissions': (2, 12), 'rejects': (0, 16)}
2025-12-08 11:39:41,923 - src.transform - INFO - Starting transform(): input df has 3 rows x 15 columns
2025-12-08 11:39:41,926 - src.transform - INFO - Built people_df (no nulls): 2 rows x 5 columns
2025-12-08 11:39:41,931 - src.transform - INFO - Built hospitals_df (no nulls) (no nulls): 2 rows x 2 columns
2025-12-08 11:39:41,936 - src.transform - INFO - Built doctors_df (pre-hospital merge, no nulls) (no nulls): 2 rows x 3 columns
2025-12-08 11:39:41,943 - src.transform - INFO - Built conditions_df (no nulls): 2 rows x 2 columns
2025-12-08 11:39:41,948 - src.transform - INFO - Built insurance_df (no nulls): 1 rows x 2 columns
2025-12-08 11:39:41,953 - src.transform - INFO - Built test_results_df (no nulls): 3 rows x 2 columns
2025-12-08 11:39:41,957 - src.transform - INFO - Built admission_types_df (no nulls): 2 rows x 2 columns
2025-12-08 11:39:41,972 - src.transform - INFO - Finished merges; df is now 3 rows x 27 columns
2025-12-08 11:39:41,977 - src.transform - INFO - Built admissions_df: 2 rows x 12 columns
2025-12-08 11:39:41,977 - src.transform - INFO - After reject split: 2 valid admissions, 1 rejected rows
2025-12-08 11:39:41,978 - src.transform - INFO - transform() completed successfully. Output tables: {'people': (2, 5), 'doctors': (2, 4), 'hospitals': (2, 2), 'conditions': (2, 2), 'insurance': (1, 2), 'admission_types': (2, 2), 'test_results': (2, 2), 'admissions': (2, 12), 'rejects': (1, 16)}
2025-12-08 11:39:41,981 - src.transform - INFO - Starting transform(): input df has 1 rows x 14 columns
2025-12-08 11:39:41,982 - src.transform - ERROR - transform() failed.
Traceback (most recent call last):
  File "/Users/mattmurno/Desktop/Revature training files/etl_proj/src/transform.py", line 146, in transform
    people_df = build_dimension_df(df, "people")
                ^^^^^^^^^^^^^^^^^^^^^^^^^^^^^^^^
  File "/Users/mattmurno/Desktop/Revature training files/etl_proj/src/transform.py", line 27, in build_dimension_df
    source_df[all_cols]
    ~~~~~~~~~^^^^^^^^^^
  File "/Users/mattmurno/Desktop/Revature training files/etl_proj/venv/lib/python3.11/site-packages/pandas/core/frame.py", line 4119, in __getitem__
    indexer = self.columns._get_indexer_strict(key, "columns")[1]
              ^^^^^^^^^^^^^^^^^^^^^^^^^^^^^^^^^^^^^^^^^^^^^^^^
  File "/Users/mattmurno/Desktop/Revature training files/etl_proj/venv/lib/python3.11/site-packages/pandas/core/indexes/base.py", line 6212, in _get_indexer_strict
    self._raise_if_missing(keyarr, indexer, axis_name)
  File "/Users/mattmurno/Desktop/Revature training files/etl_proj/venv/lib/python3.11/site-packages/pandas/core/indexes/base.py", line 6264, in _raise_if_missing
    raise KeyError(f"{not_found} not in index")
KeyError: "['name'] not in index"
2025-12-08 11:41:02,342 - src.clean - INFO - Starting clean(): input df has 2 rows x 3 columns
2025-12-08 11:41:02,422 - src.clean - INFO - Standardized string columns where present according to rules config.
2025-12-08 11:41:02,422 - src.clean - INFO - clean() completed. Output df has 2 rows x 3 columns
2025-12-08 11:41:02,426 - src.clean - INFO - Starting clean(): input df has 1 rows x 2 columns
2025-12-08 11:41:02,432 - src.clean - INFO - Standardized string columns where present according to rules config.
2025-12-08 11:41:02,432 - src.clean - INFO - clean() completed. Output df has 1 rows x 2 columns
2025-12-08 11:41:02,455 - src.load - INFO - Starting load()
2025-12-08 11:41:02,455 - src.load - INFO - Row counts - people=1, hospitals=1, doctors=1, conditions=1, insurance=1, test_results=1, admission_types=1, admissions=1, rejects=1
2025-12-08 11:41:02,455 - src.load - INFO - Connecting to database...
2025-12-08 11:41:02,455 - src.load - INFO - Database connection established.
2025-12-08 11:41:02,456 - src.load - INFO - Tables created/verified successfully.
2025-12-08 11:41:02,457 - src.load - INFO - Truncating tables and resetting identities...
2025-12-08 11:41:02,457 - src.load - INFO - Tables truncated.
2025-12-08 11:41:02,457 - src.load - INFO - Starting insertion.
2025-12-08 11:41:02,464 - src.load - INFO - Load completed successfully.
2025-12-08 11:41:02,465 - src.load - INFO - Database connection closed. End of load().
2025-12-08 11:41:02,472 - src.load - INFO - Starting load()
2025-12-08 11:41:02,472 - src.load - INFO - Row counts - people=3, hospitals=1, doctors=1, conditions=1, insurance=1, test_results=1, admission_types=1, admissions=1, rejects=1
2025-12-08 11:41:02,472 - src.load - INFO - Connecting to database...
2025-12-08 11:41:02,472 - src.load - INFO - Database connection established.
2025-12-08 11:41:02,472 - src.load - INFO - Tables created/verified successfully.
2025-12-08 11:41:02,473 - src.load - INFO - Truncating tables and resetting identities...
2025-12-08 11:41:02,473 - src.load - INFO - Tables truncated.
2025-12-08 11:41:02,473 - src.load - INFO - Starting insertion.
2025-12-08 11:41:02,475 - src.load - WARNING - Invalid age 150 for person Too Old; setting age to NULL before insert
2025-12-08 11:41:02,480 - src.load - INFO - Load completed successfully.
2025-12-08 11:41:02,480 - src.load - INFO - Database connection closed. End of load().
2025-12-08 11:41:02,488 - src.load - INFO - Starting load()
2025-12-08 11:41:02,489 - src.load - INFO - Row counts - people=1, hospitals=1, doctors=1, conditions=1, insurance=1, test_results=1, admission_types=1, admissions=1, rejects=1
2025-12-08 11:41:02,489 - src.load - INFO - Connecting to database...
2025-12-08 11:41:02,489 - src.load - INFO - Database connection established.
2025-12-08 11:41:02,489 - src.load - INFO - Tables created/verified successfully.
2025-12-08 11:41:02,489 - src.load - INFO - Truncating tables and resetting identities...
2025-12-08 11:41:02,489 - src.load - INFO - Tables truncated.
2025-12-08 11:41:02,489 - src.load - INFO - Starting insertion.
2025-12-08 11:41:02,490 - src.load - ERROR - Failed inserting people row: Pandas(person_id=1, name='Error Person', age=40, gender='M', blood_type='AB+')
Traceback (most recent call last):
  File "/Users/mattmurno/Desktop/Revature training files/etl_proj/src/load.py", line 157, in load
    cur.execute(
  File "/Users/mattmurno/Desktop/Revature training files/etl_proj/tests/test_load.py", line 16, in execute
    raise psycopg2.Error("Simulated DB error")
psycopg2.Error: Simulated DB error
2025-12-08 11:41:02,612 - src.load - ERROR - Error in load() while working with the database.
Traceback (most recent call last):
  File "/Users/mattmurno/Desktop/Revature training files/etl_proj/src/load.py", line 157, in load
    cur.execute(
  File "/Users/mattmurno/Desktop/Revature training files/etl_proj/tests/test_load.py", line 16, in execute
    raise psycopg2.Error("Simulated DB error")
psycopg2.Error: Simulated DB error
2025-12-08 11:41:02,612 - src.load - INFO - Transaction rolled back due to error.
2025-12-08 11:41:02,613 - src.load - INFO - Database connection closed. End of load().
2025-12-08 11:41:02,640 - src.read - INFO - Reading CSV file from /private/var/folders/45/mms0wwj51255z_fqrdsfrqzh0000gn/T/pytest-of-mattmurno/pytest-21/test_read_csv_success0/test.csv
2025-12-08 11:41:02,661 - src.read - INFO - Successfully read CSV: 2 rows x 2 columns
2025-12-08 11:41:02,671 - src.read - INFO - Reading JSON file from /private/var/folders/45/mms0wwj51255z_fqrdsfrqzh0000gn/T/pytest-of-mattmurno/pytest-21/test_read_json_success0/test.json
2025-12-08 11:41:02,684 - src.read - INFO - Successfully read JSON: 2 rows x 2 columns
2025-12-08 11:41:02,689 - src.read - INFO - Starting read() for type=csv, path=/private/var/folders/45/mms0wwj51255z_fqrdsfrqzh0000gn/T/pytest-of-mattmurno/pytest-21/test_read_dispatches_to_csv0/test.csv
2025-12-08 11:41:02,689 - src.read - INFO - Reading CSV file from /private/var/folders/45/mms0wwj51255z_fqrdsfrqzh0000gn/T/pytest-of-mattmurno/pytest-21/test_read_dispatches_to_csv0/test.csv
2025-12-08 11:41:02,691 - src.read - INFO - Successfully read CSV: 2 rows x 2 columns
2025-12-08 11:41:02,751 - src.read - INFO - Starting read() for type=json, path=/private/var/folders/45/mms0wwj51255z_fqrdsfrqzh0000gn/T/pytest-of-mattmurno/pytest-21/test_read_dispatches_to_json0/test.json
2025-12-08 11:41:02,754 - src.read - INFO - Reading JSON file from /private/var/folders/45/mms0wwj51255z_fqrdsfrqzh0000gn/T/pytest-of-mattmurno/pytest-21/test_read_dispatches_to_json0/test.json
2025-12-08 11:41:02,758 - src.read - INFO - Successfully read JSON: 2 rows x 2 columns
2025-12-08 11:41:02,769 - src.read - INFO - Reading CSV file from /private/var/folders/45/mms0wwj51255z_fqrdsfrqzh0000gn/T/pytest-of-mattmurno/pytest-21/test_read_csv_missing_file_rai0/does_not_exist.csv
2025-12-08 11:41:02,769 - src.read - ERROR - Failed to read CSV file from /private/var/folders/45/mms0wwj51255z_fqrdsfrqzh0000gn/T/pytest-of-mattmurno/pytest-21/test_read_csv_missing_file_rai0/does_not_exist.csv
Traceback (most recent call last):
  File "/Users/mattmurno/Desktop/Revature training files/etl_proj/src/read.py", line 11, in read_csv
    df = pd.read_csv(filepath)
         ^^^^^^^^^^^^^^^^^^^^^
  File "/Users/mattmurno/Desktop/Revature training files/etl_proj/venv/lib/python3.11/site-packages/pandas/io/parsers/readers.py", line 1026, in read_csv
    return _read(filepath_or_buffer, kwds)
           ^^^^^^^^^^^^^^^^^^^^^^^^^^^^^^^
  File "/Users/mattmurno/Desktop/Revature training files/etl_proj/venv/lib/python3.11/site-packages/pandas/io/parsers/readers.py", line 620, in _read
    parser = TextFileReader(filepath_or_buffer, **kwds)
             ^^^^^^^^^^^^^^^^^^^^^^^^^^^^^^^^^^^^^^^^^^
  File "/Users/mattmurno/Desktop/Revature training files/etl_proj/venv/lib/python3.11/site-packages/pandas/io/parsers/readers.py", line 1620, in __init__
    self._engine = self._make_engine(f, self.engine)
                   ^^^^^^^^^^^^^^^^^^^^^^^^^^^^^^^^^
  File "/Users/mattmurno/Desktop/Revature training files/etl_proj/venv/lib/python3.11/site-packages/pandas/io/parsers/readers.py", line 1880, in _make_engine
    self.handles = get_handle(
                   ^^^^^^^^^^^
  File "/Users/mattmurno/Desktop/Revature training files/etl_proj/venv/lib/python3.11/site-packages/pandas/io/common.py", line 873, in get_handle
    handle = open(
             ^^^^^
FileNotFoundError: [Errno 2] No such file or directory: '/private/var/folders/45/mms0wwj51255z_fqrdsfrqzh0000gn/T/pytest-of-mattmurno/pytest-21/test_read_csv_missing_file_rai0/does_not_exist.csv'
2025-12-08 11:41:02,790 - src.read - INFO - Reading JSON file from /private/var/folders/45/mms0wwj51255z_fqrdsfrqzh0000gn/T/pytest-of-mattmurno/pytest-21/test_read_json_missing_file_ra0/does_not_exist.json
2025-12-08 11:41:02,790 - src.read - ERROR - Failed to read JSON file from /private/var/folders/45/mms0wwj51255z_fqrdsfrqzh0000gn/T/pytest-of-mattmurno/pytest-21/test_read_json_missing_file_ra0/does_not_exist.json
Traceback (most recent call last):
  File "/Users/mattmurno/Desktop/Revature training files/etl_proj/src/read.py", line 22, in read_json
    df = pd.read_json(filepath)
         ^^^^^^^^^^^^^^^^^^^^^^
  File "/Users/mattmurno/Desktop/Revature training files/etl_proj/venv/lib/python3.11/site-packages/pandas/io/json/_json.py", line 791, in read_json
    json_reader = JsonReader(
                  ^^^^^^^^^^^
  File "/Users/mattmurno/Desktop/Revature training files/etl_proj/venv/lib/python3.11/site-packages/pandas/io/json/_json.py", line 904, in __init__
    data = self._get_data_from_filepath(filepath_or_buffer)
           ^^^^^^^^^^^^^^^^^^^^^^^^^^^^^^^^^^^^^^^^^^^^^^^^
  File "/Users/mattmurno/Desktop/Revature training files/etl_proj/venv/lib/python3.11/site-packages/pandas/io/json/_json.py", line 960, in _get_data_from_filepath
    raise FileNotFoundError(f"File {filepath_or_buffer} does not exist")
FileNotFoundError: File /private/var/folders/45/mms0wwj51255z_fqrdsfrqzh0000gn/T/pytest-of-mattmurno/pytest-21/test_read_json_missing_file_ra0/does_not_exist.json does not exist
2025-12-08 11:41:02,803 - src.read - INFO - Starting read() for type=xml, path=some/path/file.xml
2025-12-08 11:41:02,804 - src.read - ERROR - Unsupported source type in read(): xml
2025-12-08 11:41:02,810 - src.transform - INFO - Starting transform(): input df has 2 rows x 15 columns
2025-12-08 11:41:02,828 - src.transform - INFO - Built people_df (no nulls): 2 rows x 5 columns
2025-12-08 11:41:02,831 - src.transform - INFO - Built hospitals_df (no nulls) (no nulls): 2 rows x 2 columns
2025-12-08 11:41:02,836 - src.transform - INFO - Built doctors_df (pre-hospital merge, no nulls) (no nulls): 2 rows x 3 columns
2025-12-08 11:41:02,846 - src.transform - INFO - Built conditions_df (no nulls): 2 rows x 2 columns
2025-12-08 11:41:02,852 - src.transform - INFO - Built insurance_df (no nulls): 1 rows x 2 columns
2025-12-08 11:41:02,856 - src.transform - INFO - Built test_results_df (no nulls): 2 rows x 2 columns
2025-12-08 11:41:02,863 - src.transform - INFO - Built admission_types_df (no nulls): 2 rows x 2 columns
2025-12-08 11:41:02,881 - src.transform - INFO - Finished merges; df is now 2 rows x 27 columns
2025-12-08 11:41:02,889 - src.transform - INFO - Built admissions_df: 2 rows x 12 columns
2025-12-08 11:41:02,889 - src.transform - INFO - After reject split: 2 valid admissions, 0 rejected rows
2025-12-08 11:41:02,889 - src.transform - INFO - transform() completed successfully. Output tables: {'people': (2, 5), 'doctors': (2, 4), 'hospitals': (2, 2), 'conditions': (2, 2), 'insurance': (1, 2), 'admission_types': (2, 2), 'test_results': (2, 2), 'admissions': (2, 12), 'rejects': (0, 16)}
2025-12-08 11:41:02,894 - src.transform - INFO - Starting transform(): input df has 3 rows x 15 columns
2025-12-08 11:41:02,900 - src.transform - INFO - Built people_df (no nulls): 2 rows x 5 columns
2025-12-08 11:41:02,907 - src.transform - INFO - Built hospitals_df (no nulls) (no nulls): 2 rows x 2 columns
2025-12-08 11:41:02,910 - src.transform - INFO - Built doctors_df (pre-hospital merge, no nulls) (no nulls): 2 rows x 3 columns
2025-12-08 11:41:02,919 - src.transform - INFO - Built conditions_df (no nulls): 2 rows x 2 columns
2025-12-08 11:41:02,922 - src.transform - INFO - Built insurance_df (no nulls): 1 rows x 2 columns
2025-12-08 11:41:02,925 - src.transform - INFO - Built test_results_df (no nulls): 3 rows x 2 columns
2025-12-08 11:41:02,929 - src.transform - INFO - Built admission_types_df (no nulls): 2 rows x 2 columns
2025-12-08 11:41:02,943 - src.transform - INFO - Finished merges; df is now 3 rows x 27 columns
2025-12-08 11:41:02,949 - src.transform - INFO - Built admissions_df: 2 rows x 12 columns
2025-12-08 11:41:02,949 - src.transform - INFO - After reject split: 2 valid admissions, 1 rejected rows
2025-12-08 11:41:02,949 - src.transform - INFO - transform() completed successfully. Output tables: {'people': (2, 5), 'doctors': (2, 4), 'hospitals': (2, 2), 'conditions': (2, 2), 'insurance': (1, 2), 'admission_types': (2, 2), 'test_results': (2, 2), 'admissions': (2, 12), 'rejects': (1, 16)}
2025-12-08 11:41:02,953 - src.transform - INFO - Starting transform(): input df has 1 rows x 14 columns
2025-12-08 11:41:02,954 - src.transform - ERROR - transform() failed.
Traceback (most recent call last):
  File "/Users/mattmurno/Desktop/Revature training files/etl_proj/src/transform.py", line 146, in transform
    people_df = build_dimension_df(df, "people")
                ^^^^^^^^^^^^^^^^^^^^^^^^^^^^^^^^
  File "/Users/mattmurno/Desktop/Revature training files/etl_proj/src/transform.py", line 27, in build_dimension_df
    source_df[all_cols]
    ~~~~~~~~~^^^^^^^^^^
  File "/Users/mattmurno/Desktop/Revature training files/etl_proj/venv/lib/python3.11/site-packages/pandas/core/frame.py", line 4119, in __getitem__
    indexer = self.columns._get_indexer_strict(key, "columns")[1]
              ^^^^^^^^^^^^^^^^^^^^^^^^^^^^^^^^^^^^^^^^^^^^^^^^
  File "/Users/mattmurno/Desktop/Revature training files/etl_proj/venv/lib/python3.11/site-packages/pandas/core/indexes/base.py", line 6212, in _get_indexer_strict
    self._raise_if_missing(keyarr, indexer, axis_name)
  File "/Users/mattmurno/Desktop/Revature training files/etl_proj/venv/lib/python3.11/site-packages/pandas/core/indexes/base.py", line 6264, in _raise_if_missing
    raise KeyError(f"{not_found} not in index")
KeyError: "['name'] not in index"
2025-12-08 11:42:45,433 - src.clean - INFO - Starting clean(): input df has 2 rows x 3 columns
2025-12-08 11:42:45,477 - src.clean - INFO - Standardized string columns where present according to rules config.
2025-12-08 11:42:45,478 - src.clean - INFO - clean() completed. Output df has 2 rows x 3 columns
2025-12-08 11:42:45,482 - src.clean - INFO - Starting clean(): input df has 1 rows x 2 columns
2025-12-08 11:42:45,488 - src.clean - INFO - Standardized string columns where present according to rules config.
2025-12-08 11:42:45,488 - src.clean - INFO - clean() completed. Output df has 1 rows x 2 columns
2025-12-08 11:42:45,500 - src.load - INFO - Starting load()
2025-12-08 11:42:45,500 - src.load - INFO - Row counts - people=1, hospitals=1, doctors=1, conditions=1, insurance=1, test_results=1, admission_types=1, admissions=1, rejects=1
2025-12-08 11:42:45,500 - src.load - INFO - Connecting to database...
2025-12-08 11:42:45,500 - src.load - INFO - Database connection established.
2025-12-08 11:42:45,501 - src.load - INFO - Tables created/verified successfully.
2025-12-08 11:42:45,501 - src.load - INFO - Truncating tables and resetting identities...
2025-12-08 11:42:45,501 - src.load - INFO - Tables truncated.
2025-12-08 11:42:45,501 - src.load - INFO - Starting insertion.
2025-12-08 11:42:45,517 - src.load - INFO - Load completed successfully.
2025-12-08 11:42:45,518 - src.load - INFO - Database connection closed. End of load().
2025-12-08 11:42:45,532 - src.load - INFO - Starting load()
2025-12-08 11:42:45,532 - src.load - INFO - Row counts - people=3, hospitals=1, doctors=1, conditions=1, insurance=1, test_results=1, admission_types=1, admissions=1, rejects=1
2025-12-08 11:42:45,532 - src.load - INFO - Connecting to database...
2025-12-08 11:42:45,533 - src.load - INFO - Database connection established.
2025-12-08 11:42:45,533 - src.load - INFO - Tables created/verified successfully.
2025-12-08 11:42:45,533 - src.load - INFO - Truncating tables and resetting identities...
2025-12-08 11:42:45,533 - src.load - INFO - Tables truncated.
2025-12-08 11:42:45,533 - src.load - INFO - Starting insertion.
2025-12-08 11:42:45,534 - src.load - WARNING - Invalid age 150 for person Too Old; setting age to NULL before insert
2025-12-08 11:42:45,543 - src.load - INFO - Load completed successfully.
2025-12-08 11:42:45,543 - src.load - INFO - Database connection closed. End of load().
2025-12-08 11:42:45,559 - src.load - INFO - Starting load()
2025-12-08 11:42:45,559 - src.load - INFO - Row counts - people=1, hospitals=1, doctors=1, conditions=1, insurance=1, test_results=1, admission_types=1, admissions=1, rejects=1
2025-12-08 11:42:45,559 - src.load - INFO - Connecting to database...
2025-12-08 11:42:45,559 - src.load - INFO - Database connection established.
2025-12-08 11:42:45,559 - src.load - INFO - Tables created/verified successfully.
2025-12-08 11:42:45,560 - src.load - INFO - Truncating tables and resetting identities...
2025-12-08 11:42:45,560 - src.load - INFO - Tables truncated.
2025-12-08 11:42:45,560 - src.load - INFO - Starting insertion.
2025-12-08 11:42:45,561 - src.load - ERROR - Failed inserting people row: Pandas(person_id=1, name='Error Person', age=40, gender='M', blood_type='AB+')
Traceback (most recent call last):
  File "/Users/mattmurno/Desktop/Revature training files/etl_proj/src/load.py", line 157, in load
    cur.execute(
  File "/Users/mattmurno/Desktop/Revature training files/etl_proj/tests/test_load.py", line 16, in execute
    raise psycopg2.Error("Simulated DB error")
psycopg2.Error: Simulated DB error
2025-12-08 11:42:45,565 - src.load - ERROR - Error in load() while working with the database.
Traceback (most recent call last):
  File "/Users/mattmurno/Desktop/Revature training files/etl_proj/src/load.py", line 157, in load
    cur.execute(
  File "/Users/mattmurno/Desktop/Revature training files/etl_proj/tests/test_load.py", line 16, in execute
    raise psycopg2.Error("Simulated DB error")
psycopg2.Error: Simulated DB error
2025-12-08 11:42:45,566 - src.load - INFO - Transaction rolled back due to error.
2025-12-08 11:42:45,566 - src.load - INFO - Database connection closed. End of load().
2025-12-08 11:42:45,586 - src.read - INFO - Reading CSV file from /private/var/folders/45/mms0wwj51255z_fqrdsfrqzh0000gn/T/pytest-of-mattmurno/pytest-22/test_read_csv_success0/test.csv
2025-12-08 11:42:45,595 - src.read - INFO - Successfully read CSV: 2 rows x 2 columns
2025-12-08 11:42:45,679 - src.read - INFO - Reading JSON file from /private/var/folders/45/mms0wwj51255z_fqrdsfrqzh0000gn/T/pytest-of-mattmurno/pytest-22/test_read_json_success0/test.json
2025-12-08 11:42:45,696 - src.read - INFO - Successfully read JSON: 2 rows x 2 columns
2025-12-08 11:42:45,702 - src.read - INFO - Starting read() for type=csv, path=/private/var/folders/45/mms0wwj51255z_fqrdsfrqzh0000gn/T/pytest-of-mattmurno/pytest-22/test_read_dispatches_to_csv0/test.csv
2025-12-08 11:42:45,702 - src.read - INFO - Reading CSV file from /private/var/folders/45/mms0wwj51255z_fqrdsfrqzh0000gn/T/pytest-of-mattmurno/pytest-22/test_read_dispatches_to_csv0/test.csv
2025-12-08 11:42:45,704 - src.read - INFO - Successfully read CSV: 2 rows x 2 columns
2025-12-08 11:42:45,712 - src.read - INFO - Starting read() for type=json, path=/private/var/folders/45/mms0wwj51255z_fqrdsfrqzh0000gn/T/pytest-of-mattmurno/pytest-22/test_read_dispatches_to_json0/test.json
2025-12-08 11:42:45,713 - src.read - INFO - Reading JSON file from /private/var/folders/45/mms0wwj51255z_fqrdsfrqzh0000gn/T/pytest-of-mattmurno/pytest-22/test_read_dispatches_to_json0/test.json
2025-12-08 11:42:45,735 - src.read - INFO - Successfully read JSON: 2 rows x 2 columns
2025-12-08 11:42:45,744 - src.read - INFO - Reading CSV file from /private/var/folders/45/mms0wwj51255z_fqrdsfrqzh0000gn/T/pytest-of-mattmurno/pytest-22/test_read_csv_missing_file_rai0/does_not_exist.csv
2025-12-08 11:42:45,745 - src.read - ERROR - Failed to read CSV file from /private/var/folders/45/mms0wwj51255z_fqrdsfrqzh0000gn/T/pytest-of-mattmurno/pytest-22/test_read_csv_missing_file_rai0/does_not_exist.csv
Traceback (most recent call last):
  File "/Users/mattmurno/Desktop/Revature training files/etl_proj/src/read.py", line 11, in read_csv
    df = pd.read_csv(filepath)
         ^^^^^^^^^^^^^^^^^^^^^
  File "/Users/mattmurno/Desktop/Revature training files/etl_proj/venv/lib/python3.11/site-packages/pandas/io/parsers/readers.py", line 1026, in read_csv
    return _read(filepath_or_buffer, kwds)
           ^^^^^^^^^^^^^^^^^^^^^^^^^^^^^^^
  File "/Users/mattmurno/Desktop/Revature training files/etl_proj/venv/lib/python3.11/site-packages/pandas/io/parsers/readers.py", line 620, in _read
    parser = TextFileReader(filepath_or_buffer, **kwds)
             ^^^^^^^^^^^^^^^^^^^^^^^^^^^^^^^^^^^^^^^^^^
  File "/Users/mattmurno/Desktop/Revature training files/etl_proj/venv/lib/python3.11/site-packages/pandas/io/parsers/readers.py", line 1620, in __init__
    self._engine = self._make_engine(f, self.engine)
                   ^^^^^^^^^^^^^^^^^^^^^^^^^^^^^^^^^
  File "/Users/mattmurno/Desktop/Revature training files/etl_proj/venv/lib/python3.11/site-packages/pandas/io/parsers/readers.py", line 1880, in _make_engine
    self.handles = get_handle(
                   ^^^^^^^^^^^
  File "/Users/mattmurno/Desktop/Revature training files/etl_proj/venv/lib/python3.11/site-packages/pandas/io/common.py", line 873, in get_handle
    handle = open(
             ^^^^^
FileNotFoundError: [Errno 2] No such file or directory: '/private/var/folders/45/mms0wwj51255z_fqrdsfrqzh0000gn/T/pytest-of-mattmurno/pytest-22/test_read_csv_missing_file_rai0/does_not_exist.csv'
2025-12-08 11:42:45,784 - src.read - INFO - Reading JSON file from /private/var/folders/45/mms0wwj51255z_fqrdsfrqzh0000gn/T/pytest-of-mattmurno/pytest-22/test_read_json_missing_file_ra0/does_not_exist.json
2025-12-08 11:42:45,785 - src.read - ERROR - Failed to read JSON file from /private/var/folders/45/mms0wwj51255z_fqrdsfrqzh0000gn/T/pytest-of-mattmurno/pytest-22/test_read_json_missing_file_ra0/does_not_exist.json
Traceback (most recent call last):
  File "/Users/mattmurno/Desktop/Revature training files/etl_proj/src/read.py", line 22, in read_json
    df = pd.read_json(filepath)
         ^^^^^^^^^^^^^^^^^^^^^^
  File "/Users/mattmurno/Desktop/Revature training files/etl_proj/venv/lib/python3.11/site-packages/pandas/io/json/_json.py", line 791, in read_json
    json_reader = JsonReader(
                  ^^^^^^^^^^^
  File "/Users/mattmurno/Desktop/Revature training files/etl_proj/venv/lib/python3.11/site-packages/pandas/io/json/_json.py", line 904, in __init__
    data = self._get_data_from_filepath(filepath_or_buffer)
           ^^^^^^^^^^^^^^^^^^^^^^^^^^^^^^^^^^^^^^^^^^^^^^^^
  File "/Users/mattmurno/Desktop/Revature training files/etl_proj/venv/lib/python3.11/site-packages/pandas/io/json/_json.py", line 960, in _get_data_from_filepath
    raise FileNotFoundError(f"File {filepath_or_buffer} does not exist")
FileNotFoundError: File /private/var/folders/45/mms0wwj51255z_fqrdsfrqzh0000gn/T/pytest-of-mattmurno/pytest-22/test_read_json_missing_file_ra0/does_not_exist.json does not exist
2025-12-08 11:42:45,792 - src.read - INFO - Starting read() for type=xml, path=some/path/file.xml
2025-12-08 11:42:45,792 - src.read - ERROR - Unsupported source type in read(): xml
2025-12-08 11:42:45,798 - src.transform - INFO - Starting transform(): input df has 2 rows x 15 columns
2025-12-08 11:42:45,813 - src.transform - INFO - Built people_df (no nulls): 2 rows x 5 columns
2025-12-08 11:42:45,818 - src.transform - INFO - Built hospitals_df (no nulls) (no nulls): 2 rows x 2 columns
2025-12-08 11:42:45,821 - src.transform - INFO - Built doctors_df (pre-hospital merge, no nulls) (no nulls): 2 rows x 3 columns
2025-12-08 11:42:45,834 - src.transform - INFO - Built conditions_df (no nulls): 2 rows x 2 columns
2025-12-08 11:42:45,844 - src.transform - INFO - Built insurance_df (no nulls): 1 rows x 2 columns
2025-12-08 11:42:45,848 - src.transform - INFO - Built test_results_df (no nulls): 2 rows x 2 columns
2025-12-08 11:42:45,856 - src.transform - INFO - Built admission_types_df (no nulls): 2 rows x 2 columns
2025-12-08 11:42:45,885 - src.transform - INFO - Finished merges; df is now 2 rows x 27 columns
2025-12-08 11:42:45,902 - src.transform - INFO - Built admissions_df: 2 rows x 12 columns
2025-12-08 11:42:45,902 - src.transform - INFO - After reject split: 2 valid admissions, 0 rejected rows
2025-12-08 11:42:45,903 - src.transform - INFO - transform() completed successfully. Output tables: {'people': (2, 5), 'doctors': (2, 4), 'hospitals': (2, 2), 'conditions': (2, 2), 'insurance': (1, 2), 'admission_types': (2, 2), 'test_results': (2, 2), 'admissions': (2, 12), 'rejects': (0, 16)}
2025-12-08 11:42:45,911 - src.transform - INFO - Starting transform(): input df has 3 rows x 15 columns
2025-12-08 11:42:45,915 - src.transform - INFO - Built people_df (no nulls): 2 rows x 5 columns
2025-12-08 11:42:45,919 - src.transform - INFO - Built hospitals_df (no nulls) (no nulls): 2 rows x 2 columns
2025-12-08 11:42:45,924 - src.transform - INFO - Built doctors_df (pre-hospital merge, no nulls) (no nulls): 2 rows x 3 columns
2025-12-08 11:42:45,932 - src.transform - INFO - Built conditions_df (no nulls): 2 rows x 2 columns
2025-12-08 11:42:45,937 - src.transform - INFO - Built insurance_df (no nulls): 1 rows x 2 columns
2025-12-08 11:42:45,940 - src.transform - INFO - Built test_results_df (no nulls): 3 rows x 2 columns
2025-12-08 11:42:45,943 - src.transform - INFO - Built admission_types_df (no nulls): 2 rows x 2 columns
2025-12-08 11:42:45,959 - src.transform - INFO - Finished merges; df is now 3 rows x 27 columns
2025-12-08 11:42:45,966 - src.transform - INFO - Built admissions_df: 2 rows x 12 columns
2025-12-08 11:42:45,966 - src.transform - INFO - After reject split: 2 valid admissions, 1 rejected rows
2025-12-08 11:42:45,966 - src.transform - INFO - transform() completed successfully. Output tables: {'people': (2, 5), 'doctors': (2, 4), 'hospitals': (2, 2), 'conditions': (2, 2), 'insurance': (1, 2), 'admission_types': (2, 2), 'test_results': (2, 2), 'admissions': (2, 12), 'rejects': (1, 16)}
2025-12-08 11:42:45,971 - src.transform - INFO - Starting transform(): input df has 1 rows x 14 columns
2025-12-08 11:42:45,972 - src.transform - ERROR - transform() failed.
Traceback (most recent call last):
  File "/Users/mattmurno/Desktop/Revature training files/etl_proj/src/transform.py", line 146, in transform
    people_df = build_dimension_df(df, "people")
                ^^^^^^^^^^^^^^^^^^^^^^^^^^^^^^^^
  File "/Users/mattmurno/Desktop/Revature training files/etl_proj/src/transform.py", line 27, in build_dimension_df
    source_df[all_cols]
    ~~~~~~~~~^^^^^^^^^^
  File "/Users/mattmurno/Desktop/Revature training files/etl_proj/venv/lib/python3.11/site-packages/pandas/core/frame.py", line 4119, in __getitem__
    indexer = self.columns._get_indexer_strict(key, "columns")[1]
              ^^^^^^^^^^^^^^^^^^^^^^^^^^^^^^^^^^^^^^^^^^^^^^^^
  File "/Users/mattmurno/Desktop/Revature training files/etl_proj/venv/lib/python3.11/site-packages/pandas/core/indexes/base.py", line 6212, in _get_indexer_strict
    self._raise_if_missing(keyarr, indexer, axis_name)
  File "/Users/mattmurno/Desktop/Revature training files/etl_proj/venv/lib/python3.11/site-packages/pandas/core/indexes/base.py", line 6264, in _raise_if_missing
    raise KeyError(f"{not_found} not in index")
KeyError: "['name'] not in index"
2025-12-08 11:45:25,489 - src.clean - INFO - Starting clean(): input df has 2 rows x 3 columns
2025-12-08 11:45:25,695 - src.clean - INFO - Standardized string columns where present according to rules config.
2025-12-08 11:45:25,696 - src.clean - INFO - clean() completed. Output df has 2 rows x 3 columns
2025-12-08 11:45:25,708 - src.clean - INFO - Starting clean(): input df has 1 rows x 2 columns
2025-12-08 11:45:25,714 - src.clean - INFO - Standardized string columns where present according to rules config.
2025-12-08 11:45:25,714 - src.clean - INFO - clean() completed. Output df has 1 rows x 2 columns
2025-12-08 11:45:25,757 - src.load - INFO - Starting load()
2025-12-08 11:45:25,757 - src.load - INFO - Row counts - people=1, hospitals=1, doctors=1, conditions=1, insurance=1, test_results=1, admission_types=1, admissions=1, rejects=1
2025-12-08 11:45:25,757 - src.load - INFO - Connecting to database...
2025-12-08 11:45:25,758 - src.load - INFO - Database connection established.
2025-12-08 11:45:25,758 - src.load - INFO - Tables created/verified successfully.
2025-12-08 11:45:25,758 - src.load - INFO - Truncating tables and resetting identities...
2025-12-08 11:45:25,759 - src.load - INFO - Tables truncated.
2025-12-08 11:45:25,759 - src.load - INFO - Starting insertion.
2025-12-08 11:45:25,786 - src.load - INFO - Load completed successfully.
2025-12-08 11:45:25,786 - src.load - INFO - Database connection closed. End of load().
2025-12-08 11:45:25,800 - src.load - INFO - Starting load()
2025-12-08 11:45:25,800 - src.load - INFO - Row counts - people=3, hospitals=1, doctors=1, conditions=1, insurance=1, test_results=1, admission_types=1, admissions=1, rejects=1
2025-12-08 11:45:25,800 - src.load - INFO - Connecting to database...
2025-12-08 11:45:25,800 - src.load - INFO - Database connection established.
2025-12-08 11:45:25,800 - src.load - INFO - Tables created/verified successfully.
2025-12-08 11:45:25,801 - src.load - INFO - Truncating tables and resetting identities...
2025-12-08 11:45:25,801 - src.load - INFO - Tables truncated.
2025-12-08 11:45:25,801 - src.load - INFO - Starting insertion.
2025-12-08 11:45:25,802 - src.load - WARNING - Invalid age 150 for person Too Old; setting age to NULL before insert
2025-12-08 11:45:25,811 - src.load - INFO - Load completed successfully.
2025-12-08 11:45:25,811 - src.load - INFO - Database connection closed. End of load().
2025-12-08 11:45:25,820 - src.load - INFO - Starting load()
2025-12-08 11:45:25,820 - src.load - INFO - Row counts - people=1, hospitals=1, doctors=1, conditions=1, insurance=1, test_results=1, admission_types=1, admissions=1, rejects=1
2025-12-08 11:45:25,821 - src.load - INFO - Connecting to database...
2025-12-08 11:45:25,821 - src.load - INFO - Database connection established.
2025-12-08 11:45:25,822 - src.load - INFO - Tables created/verified successfully.
2025-12-08 11:45:25,822 - src.load - INFO - Truncating tables and resetting identities...
2025-12-08 11:45:25,822 - src.load - INFO - Tables truncated.
2025-12-08 11:45:25,822 - src.load - INFO - Starting insertion.
2025-12-08 11:45:25,823 - src.load - ERROR - Failed inserting people row: Pandas(person_id=1, name='Error Person', age=40, gender='M', blood_type='AB+')
Traceback (most recent call last):
  File "/Users/mattmurno/Desktop/Revature training files/etl_proj/src/load.py", line 157, in load
    cur.execute(
  File "/Users/mattmurno/Desktop/Revature training files/etl_proj/tests/test_load.py", line 16, in execute
    raise psycopg2.Error("Simulated DB error")
psycopg2.Error: Simulated DB error
2025-12-08 11:45:25,833 - src.load - ERROR - Error in load() while working with the database.
Traceback (most recent call last):
  File "/Users/mattmurno/Desktop/Revature training files/etl_proj/src/load.py", line 157, in load
    cur.execute(
  File "/Users/mattmurno/Desktop/Revature training files/etl_proj/tests/test_load.py", line 16, in execute
    raise psycopg2.Error("Simulated DB error")
psycopg2.Error: Simulated DB error
2025-12-08 11:45:25,834 - src.load - INFO - Transaction rolled back due to error.
2025-12-08 11:45:25,834 - src.load - INFO - Database connection closed. End of load().
2025-12-08 11:45:25,873 - src.read - INFO - Reading CSV file from /private/var/folders/45/mms0wwj51255z_fqrdsfrqzh0000gn/T/pytest-of-mattmurno/pytest-23/test_read_csv_success0/test.csv
2025-12-08 11:45:25,880 - src.read - INFO - Successfully read CSV: 2 rows x 2 columns
2025-12-08 11:45:25,890 - src.read - INFO - Reading JSON file from /private/var/folders/45/mms0wwj51255z_fqrdsfrqzh0000gn/T/pytest-of-mattmurno/pytest-23/test_read_json_success0/test.json
2025-12-08 11:45:25,905 - src.read - INFO - Successfully read JSON: 2 rows x 2 columns
2025-12-08 11:45:25,911 - src.read - INFO - Starting read() for type=csv, path=/private/var/folders/45/mms0wwj51255z_fqrdsfrqzh0000gn/T/pytest-of-mattmurno/pytest-23/test_read_dispatches_to_csv0/test.csv
2025-12-08 11:45:25,911 - src.read - INFO - Reading CSV file from /private/var/folders/45/mms0wwj51255z_fqrdsfrqzh0000gn/T/pytest-of-mattmurno/pytest-23/test_read_dispatches_to_csv0/test.csv
2025-12-08 11:45:25,913 - src.read - INFO - Successfully read CSV: 2 rows x 2 columns
2025-12-08 11:45:25,918 - src.read - INFO - Starting read() for type=json, path=/private/var/folders/45/mms0wwj51255z_fqrdsfrqzh0000gn/T/pytest-of-mattmurno/pytest-23/test_read_dispatches_to_json0/test.json
2025-12-08 11:45:25,918 - src.read - INFO - Reading JSON file from /private/var/folders/45/mms0wwj51255z_fqrdsfrqzh0000gn/T/pytest-of-mattmurno/pytest-23/test_read_dispatches_to_json0/test.json
2025-12-08 11:45:25,922 - src.read - INFO - Successfully read JSON: 2 rows x 2 columns
2025-12-08 11:45:25,928 - src.read - INFO - Reading CSV file from /private/var/folders/45/mms0wwj51255z_fqrdsfrqzh0000gn/T/pytest-of-mattmurno/pytest-23/test_read_csv_missing_file_rai0/does_not_exist.csv
2025-12-08 11:45:25,928 - src.read - ERROR - Failed to read CSV file from /private/var/folders/45/mms0wwj51255z_fqrdsfrqzh0000gn/T/pytest-of-mattmurno/pytest-23/test_read_csv_missing_file_rai0/does_not_exist.csv
Traceback (most recent call last):
  File "/Users/mattmurno/Desktop/Revature training files/etl_proj/src/read.py", line 11, in read_csv
    df = pd.read_csv(filepath)
         ^^^^^^^^^^^^^^^^^^^^^
  File "/Users/mattmurno/Desktop/Revature training files/etl_proj/venv/lib/python3.11/site-packages/pandas/io/parsers/readers.py", line 1026, in read_csv
    return _read(filepath_or_buffer, kwds)
           ^^^^^^^^^^^^^^^^^^^^^^^^^^^^^^^
  File "/Users/mattmurno/Desktop/Revature training files/etl_proj/venv/lib/python3.11/site-packages/pandas/io/parsers/readers.py", line 620, in _read
    parser = TextFileReader(filepath_or_buffer, **kwds)
             ^^^^^^^^^^^^^^^^^^^^^^^^^^^^^^^^^^^^^^^^^^
  File "/Users/mattmurno/Desktop/Revature training files/etl_proj/venv/lib/python3.11/site-packages/pandas/io/parsers/readers.py", line 1620, in __init__
    self._engine = self._make_engine(f, self.engine)
                   ^^^^^^^^^^^^^^^^^^^^^^^^^^^^^^^^^
  File "/Users/mattmurno/Desktop/Revature training files/etl_proj/venv/lib/python3.11/site-packages/pandas/io/parsers/readers.py", line 1880, in _make_engine
    self.handles = get_handle(
                   ^^^^^^^^^^^
  File "/Users/mattmurno/Desktop/Revature training files/etl_proj/venv/lib/python3.11/site-packages/pandas/io/common.py", line 873, in get_handle
    handle = open(
             ^^^^^
FileNotFoundError: [Errno 2] No such file or directory: '/private/var/folders/45/mms0wwj51255z_fqrdsfrqzh0000gn/T/pytest-of-mattmurno/pytest-23/test_read_csv_missing_file_rai0/does_not_exist.csv'
2025-12-08 11:45:25,948 - src.read - INFO - Reading JSON file from /private/var/folders/45/mms0wwj51255z_fqrdsfrqzh0000gn/T/pytest-of-mattmurno/pytest-23/test_read_json_missing_file_ra0/does_not_exist.json
2025-12-08 11:45:25,948 - src.read - ERROR - Failed to read JSON file from /private/var/folders/45/mms0wwj51255z_fqrdsfrqzh0000gn/T/pytest-of-mattmurno/pytest-23/test_read_json_missing_file_ra0/does_not_exist.json
Traceback (most recent call last):
  File "/Users/mattmurno/Desktop/Revature training files/etl_proj/src/read.py", line 22, in read_json
    df = pd.read_json(filepath)
         ^^^^^^^^^^^^^^^^^^^^^^
  File "/Users/mattmurno/Desktop/Revature training files/etl_proj/venv/lib/python3.11/site-packages/pandas/io/json/_json.py", line 791, in read_json
    json_reader = JsonReader(
                  ^^^^^^^^^^^
  File "/Users/mattmurno/Desktop/Revature training files/etl_proj/venv/lib/python3.11/site-packages/pandas/io/json/_json.py", line 904, in __init__
    data = self._get_data_from_filepath(filepath_or_buffer)
           ^^^^^^^^^^^^^^^^^^^^^^^^^^^^^^^^^^^^^^^^^^^^^^^^
  File "/Users/mattmurno/Desktop/Revature training files/etl_proj/venv/lib/python3.11/site-packages/pandas/io/json/_json.py", line 960, in _get_data_from_filepath
    raise FileNotFoundError(f"File {filepath_or_buffer} does not exist")
FileNotFoundError: File /private/var/folders/45/mms0wwj51255z_fqrdsfrqzh0000gn/T/pytest-of-mattmurno/pytest-23/test_read_json_missing_file_ra0/does_not_exist.json does not exist
2025-12-08 11:45:25,953 - src.read - INFO - Starting read() for type=xml, path=some/path/file.xml
2025-12-08 11:45:25,954 - src.read - ERROR - Unsupported source type in read(): xml
2025-12-08 11:45:25,957 - src.transform - INFO - Starting transform(): input df has 2 rows x 15 columns
2025-12-08 11:45:25,981 - src.transform - INFO - Built people_df (no nulls): 2 rows x 5 columns
2025-12-08 11:45:25,986 - src.transform - INFO - Built hospitals_df (no nulls) (no nulls): 2 rows x 2 columns
2025-12-08 11:45:25,989 - src.transform - INFO - Built doctors_df (pre-hospital merge, no nulls) (no nulls): 2 rows x 3 columns
2025-12-08 11:45:26,004 - src.transform - INFO - Built conditions_df (no nulls): 2 rows x 2 columns
2025-12-08 11:45:26,006 - src.transform - INFO - Built insurance_df (no nulls): 1 rows x 2 columns
2025-12-08 11:45:26,010 - src.transform - INFO - Built test_results_df (no nulls): 2 rows x 2 columns
2025-12-08 11:45:26,015 - src.transform - INFO - Built admission_types_df (no nulls): 2 rows x 2 columns
2025-12-08 11:45:26,031 - src.transform - INFO - Finished merges; df is now 2 rows x 27 columns
2025-12-08 11:45:26,048 - src.transform - INFO - Built admissions_df: 2 rows x 12 columns
2025-12-08 11:45:26,048 - src.transform - INFO - After reject split: 2 valid admissions, 0 rejected rows
2025-12-08 11:45:26,048 - src.transform - INFO - transform() completed successfully. Output tables: {'people': (2, 5), 'doctors': (2, 4), 'hospitals': (2, 2), 'conditions': (2, 2), 'insurance': (1, 2), 'admission_types': (2, 2), 'test_results': (2, 2), 'admissions': (2, 12), 'rejects': (0, 16)}
2025-12-08 11:45:26,053 - src.transform - INFO - Starting transform(): input df has 3 rows x 15 columns
2025-12-08 11:45:26,057 - src.transform - INFO - Built people_df (no nulls): 2 rows x 5 columns
2025-12-08 11:45:26,060 - src.transform - INFO - Built hospitals_df (no nulls) (no nulls): 2 rows x 2 columns
2025-12-08 11:45:26,064 - src.transform - INFO - Built doctors_df (pre-hospital merge, no nulls) (no nulls): 2 rows x 3 columns
2025-12-08 11:45:26,073 - src.transform - INFO - Built conditions_df (no nulls): 2 rows x 2 columns
2025-12-08 11:45:26,077 - src.transform - INFO - Built insurance_df (no nulls): 1 rows x 2 columns
2025-12-08 11:45:26,080 - src.transform - INFO - Built test_results_df (no nulls): 3 rows x 2 columns
2025-12-08 11:45:26,083 - src.transform - INFO - Built admission_types_df (no nulls): 2 rows x 2 columns
2025-12-08 11:45:26,098 - src.transform - INFO - Finished merges; df is now 3 rows x 27 columns
2025-12-08 11:45:26,104 - src.transform - INFO - Built admissions_df: 2 rows x 12 columns
2025-12-08 11:45:26,104 - src.transform - INFO - After reject split: 2 valid admissions, 1 rejected rows
2025-12-08 11:45:26,104 - src.transform - INFO - transform() completed successfully. Output tables: {'people': (2, 5), 'doctors': (2, 4), 'hospitals': (2, 2), 'conditions': (2, 2), 'insurance': (1, 2), 'admission_types': (2, 2), 'test_results': (2, 2), 'admissions': (2, 12), 'rejects': (1, 16)}
2025-12-08 11:45:26,107 - src.transform - INFO - Starting transform(): input df has 1 rows x 14 columns
2025-12-08 11:45:26,108 - src.transform - ERROR - transform() failed.
Traceback (most recent call last):
  File "/Users/mattmurno/Desktop/Revature training files/etl_proj/src/transform.py", line 146, in transform
    people_df = build_dimension_df(df, "people")
                ^^^^^^^^^^^^^^^^^^^^^^^^^^^^^^^^
  File "/Users/mattmurno/Desktop/Revature training files/etl_proj/src/transform.py", line 27, in build_dimension_df
    source_df[all_cols]
    ~~~~~~~~~^^^^^^^^^^
  File "/Users/mattmurno/Desktop/Revature training files/etl_proj/venv/lib/python3.11/site-packages/pandas/core/frame.py", line 4119, in __getitem__
    indexer = self.columns._get_indexer_strict(key, "columns")[1]
              ^^^^^^^^^^^^^^^^^^^^^^^^^^^^^^^^^^^^^^^^^^^^^^^^
  File "/Users/mattmurno/Desktop/Revature training files/etl_proj/venv/lib/python3.11/site-packages/pandas/core/indexes/base.py", line 6212, in _get_indexer_strict
    self._raise_if_missing(keyarr, indexer, axis_name)
  File "/Users/mattmurno/Desktop/Revature training files/etl_proj/venv/lib/python3.11/site-packages/pandas/core/indexes/base.py", line 6264, in _raise_if_missing
    raise KeyError(f"{not_found} not in index")
KeyError: "['name'] not in index"
2025-12-08 13:20:43,846 - src.clean - INFO - Starting clean(): input df has 2 rows x 3 columns
2025-12-08 13:20:43,957 - src.clean - INFO - Standardized string columns where present according to rules config.
2025-12-08 13:20:43,958 - src.clean - INFO - clean() completed. Output df has 2 rows x 3 columns
2025-12-08 13:20:43,962 - src.clean - INFO - Starting clean(): input df has 1 rows x 2 columns
2025-12-08 13:20:43,968 - src.clean - INFO - Standardized string columns where present according to rules config.
2025-12-08 13:20:43,971 - src.clean - INFO - clean() completed. Output df has 1 rows x 2 columns
2025-12-08 13:20:44,004 - src.load - INFO - Starting load()
2025-12-08 13:20:44,004 - src.load - INFO - Row counts - people=1, hospitals=1, doctors=1, conditions=1, insurance=1, test_results=1, admission_types=1, admissions=1, rejects=1
2025-12-08 13:20:44,005 - src.load - INFO - Connecting to database...
2025-12-08 13:20:44,005 - src.load - INFO - Database connection established.
2025-12-08 13:20:44,005 - src.load - INFO - Tables created/verified successfully.
2025-12-08 13:20:44,006 - src.load - INFO - Truncating tables and resetting identities...
2025-12-08 13:20:44,006 - src.load - INFO - Tables truncated.
2025-12-08 13:20:44,010 - src.load - INFO - Starting insertion.
2025-12-08 13:20:44,017 - src.load - INFO - Load completed successfully.
2025-12-08 13:20:44,017 - src.load - INFO - Database connection closed. End of load().
2025-12-08 13:20:44,025 - src.load - INFO - Starting load()
2025-12-08 13:20:44,025 - src.load - INFO - Row counts - people=3, hospitals=1, doctors=1, conditions=1, insurance=1, test_results=1, admission_types=1, admissions=1, rejects=1
2025-12-08 13:20:44,025 - src.load - INFO - Connecting to database...
2025-12-08 13:20:44,025 - src.load - INFO - Database connection established.
2025-12-08 13:20:44,026 - src.load - INFO - Tables created/verified successfully.
2025-12-08 13:20:44,026 - src.load - INFO - Truncating tables and resetting identities...
2025-12-08 13:20:44,026 - src.load - INFO - Tables truncated.
2025-12-08 13:20:44,026 - src.load - INFO - Starting insertion.
2025-12-08 13:20:44,027 - src.load - WARNING - Invalid age 150 for person Too Old; setting age to NULL before insert
2025-12-08 13:20:44,033 - src.load - INFO - Load completed successfully.
2025-12-08 13:20:44,033 - src.load - INFO - Database connection closed. End of load().
2025-12-08 13:20:44,041 - src.load - INFO - Starting load()
2025-12-08 13:20:44,041 - src.load - INFO - Row counts - people=1, hospitals=1, doctors=1, conditions=1, insurance=1, test_results=1, admission_types=1, admissions=1, rejects=1
2025-12-08 13:20:44,041 - src.load - INFO - Connecting to database...
2025-12-08 13:20:44,041 - src.load - INFO - Database connection established.
2025-12-08 13:20:44,042 - src.load - INFO - Tables created/verified successfully.
2025-12-08 13:20:44,042 - src.load - INFO - Truncating tables and resetting identities...
2025-12-08 13:20:44,042 - src.load - INFO - Tables truncated.
2025-12-08 13:20:44,042 - src.load - INFO - Starting insertion.
2025-12-08 13:20:44,043 - src.load - ERROR - Failed inserting people row: Pandas(person_id=1, name='Error Person', age=40, gender='M', blood_type='AB+')
Traceback (most recent call last):
  File "/Users/mattmurno/Desktop/Revature training files/etl_proj/src/load.py", line 163, in load
    cur.execute(
  File "/Users/mattmurno/Desktop/Revature training files/etl_proj/tests/test_load.py", line 16, in execute
    raise psycopg2.Error("Simulated DB error")
psycopg2.Error: Simulated DB error
2025-12-08 13:20:44,054 - src.load - ERROR - Error in load() while working with the database.
Traceback (most recent call last):
  File "/Users/mattmurno/Desktop/Revature training files/etl_proj/src/load.py", line 163, in load
    cur.execute(
  File "/Users/mattmurno/Desktop/Revature training files/etl_proj/tests/test_load.py", line 16, in execute
    raise psycopg2.Error("Simulated DB error")
psycopg2.Error: Simulated DB error
2025-12-08 13:20:44,055 - src.load - INFO - Transaction rolled back due to error.
2025-12-08 13:20:44,056 - src.load - INFO - Database connection closed. End of load().
2025-12-08 13:20:44,086 - src.read - INFO - Reading CSV file from /private/var/folders/45/mms0wwj51255z_fqrdsfrqzh0000gn/T/pytest-of-mattmurno/pytest-24/test_read_csv_success0/test.csv
2025-12-08 13:20:44,100 - src.read - INFO - Successfully read CSV: 2 rows x 2 columns
2025-12-08 13:20:44,110 - src.read - INFO - Reading JSON file from /private/var/folders/45/mms0wwj51255z_fqrdsfrqzh0000gn/T/pytest-of-mattmurno/pytest-24/test_read_json_success0/test.json
2025-12-08 13:20:44,119 - src.read - INFO - Successfully read JSON: 2 rows x 2 columns
2025-12-08 13:20:44,125 - src.read - INFO - Starting read() for type=csv, path=/private/var/folders/45/mms0wwj51255z_fqrdsfrqzh0000gn/T/pytest-of-mattmurno/pytest-24/test_read_dispatches_to_csv0/test.csv
2025-12-08 13:20:44,125 - src.read - INFO - Reading CSV file from /private/var/folders/45/mms0wwj51255z_fqrdsfrqzh0000gn/T/pytest-of-mattmurno/pytest-24/test_read_dispatches_to_csv0/test.csv
2025-12-08 13:20:44,127 - src.read - INFO - Successfully read CSV: 2 rows x 2 columns
2025-12-08 13:20:44,132 - src.read - INFO - Starting read() for type=json, path=/private/var/folders/45/mms0wwj51255z_fqrdsfrqzh0000gn/T/pytest-of-mattmurno/pytest-24/test_read_dispatches_to_json0/test.json
2025-12-08 13:20:44,132 - src.read - INFO - Reading JSON file from /private/var/folders/45/mms0wwj51255z_fqrdsfrqzh0000gn/T/pytest-of-mattmurno/pytest-24/test_read_dispatches_to_json0/test.json
2025-12-08 13:20:44,136 - src.read - INFO - Successfully read JSON: 2 rows x 2 columns
2025-12-08 13:20:44,141 - src.read - INFO - Reading CSV file from /private/var/folders/45/mms0wwj51255z_fqrdsfrqzh0000gn/T/pytest-of-mattmurno/pytest-24/test_read_csv_missing_file_rai0/does_not_exist.csv
2025-12-08 13:20:44,142 - src.read - ERROR - Failed to read CSV file from /private/var/folders/45/mms0wwj51255z_fqrdsfrqzh0000gn/T/pytest-of-mattmurno/pytest-24/test_read_csv_missing_file_rai0/does_not_exist.csv
Traceback (most recent call last):
  File "/Users/mattmurno/Desktop/Revature training files/etl_proj/src/read.py", line 11, in read_csv
    df = pd.read_csv(filepath)
         ^^^^^^^^^^^^^^^^^^^^^
  File "/Users/mattmurno/Desktop/Revature training files/etl_proj/venv/lib/python3.11/site-packages/pandas/io/parsers/readers.py", line 1026, in read_csv
    return _read(filepath_or_buffer, kwds)
           ^^^^^^^^^^^^^^^^^^^^^^^^^^^^^^^
  File "/Users/mattmurno/Desktop/Revature training files/etl_proj/venv/lib/python3.11/site-packages/pandas/io/parsers/readers.py", line 620, in _read
    parser = TextFileReader(filepath_or_buffer, **kwds)
             ^^^^^^^^^^^^^^^^^^^^^^^^^^^^^^^^^^^^^^^^^^
  File "/Users/mattmurno/Desktop/Revature training files/etl_proj/venv/lib/python3.11/site-packages/pandas/io/parsers/readers.py", line 1620, in __init__
    self._engine = self._make_engine(f, self.engine)
                   ^^^^^^^^^^^^^^^^^^^^^^^^^^^^^^^^^
  File "/Users/mattmurno/Desktop/Revature training files/etl_proj/venv/lib/python3.11/site-packages/pandas/io/parsers/readers.py", line 1880, in _make_engine
    self.handles = get_handle(
                   ^^^^^^^^^^^
  File "/Users/mattmurno/Desktop/Revature training files/etl_proj/venv/lib/python3.11/site-packages/pandas/io/common.py", line 873, in get_handle
    handle = open(
             ^^^^^
FileNotFoundError: [Errno 2] No such file or directory: '/private/var/folders/45/mms0wwj51255z_fqrdsfrqzh0000gn/T/pytest-of-mattmurno/pytest-24/test_read_csv_missing_file_rai0/does_not_exist.csv'
2025-12-08 13:20:44,157 - src.read - INFO - Reading JSON file from /private/var/folders/45/mms0wwj51255z_fqrdsfrqzh0000gn/T/pytest-of-mattmurno/pytest-24/test_read_json_missing_file_ra0/does_not_exist.json
2025-12-08 13:20:44,158 - src.read - ERROR - Failed to read JSON file from /private/var/folders/45/mms0wwj51255z_fqrdsfrqzh0000gn/T/pytest-of-mattmurno/pytest-24/test_read_json_missing_file_ra0/does_not_exist.json
Traceback (most recent call last):
  File "/Users/mattmurno/Desktop/Revature training files/etl_proj/src/read.py", line 22, in read_json
    df = pd.read_json(filepath)
         ^^^^^^^^^^^^^^^^^^^^^^
  File "/Users/mattmurno/Desktop/Revature training files/etl_proj/venv/lib/python3.11/site-packages/pandas/io/json/_json.py", line 791, in read_json
    json_reader = JsonReader(
                  ^^^^^^^^^^^
  File "/Users/mattmurno/Desktop/Revature training files/etl_proj/venv/lib/python3.11/site-packages/pandas/io/json/_json.py", line 904, in __init__
    data = self._get_data_from_filepath(filepath_or_buffer)
           ^^^^^^^^^^^^^^^^^^^^^^^^^^^^^^^^^^^^^^^^^^^^^^^^
  File "/Users/mattmurno/Desktop/Revature training files/etl_proj/venv/lib/python3.11/site-packages/pandas/io/json/_json.py", line 960, in _get_data_from_filepath
    raise FileNotFoundError(f"File {filepath_or_buffer} does not exist")
FileNotFoundError: File /private/var/folders/45/mms0wwj51255z_fqrdsfrqzh0000gn/T/pytest-of-mattmurno/pytest-24/test_read_json_missing_file_ra0/does_not_exist.json does not exist
2025-12-08 13:20:44,163 - src.read - INFO - Starting read() for type=xml, path=some/path/file.xml
2025-12-08 13:20:44,163 - src.read - ERROR - Unsupported source type in read(): xml
2025-12-08 13:20:44,167 - src.transform - INFO - Starting transform(): input df has 2 rows x 15 columns
2025-12-08 13:20:44,188 - src.transform - INFO - Built people_df (no nulls): 2 rows x 5 columns
2025-12-08 13:20:44,192 - src.transform - INFO - Built hospitals_df (no nulls) (no nulls): 2 rows x 2 columns
2025-12-08 13:20:44,198 - src.transform - INFO - Built doctors_df (pre-hospital merge, no nulls) (no nulls): 2 rows x 3 columns
2025-12-08 13:20:44,213 - src.transform - INFO - Built conditions_df (no nulls): 2 rows x 2 columns
2025-12-08 13:20:44,216 - src.transform - INFO - Built insurance_df (no nulls): 1 rows x 2 columns
2025-12-08 13:20:44,221 - src.transform - INFO - Built test_results_df (no nulls): 2 rows x 2 columns
2025-12-08 13:20:44,227 - src.transform - INFO - Built admission_types_df (no nulls): 2 rows x 2 columns
2025-12-08 13:20:44,243 - src.transform - INFO - Finished merges; df is now 2 rows x 27 columns
2025-12-08 13:20:44,252 - src.transform - INFO - Built admissions_df: 2 rows x 12 columns
2025-12-08 13:20:44,252 - src.transform - INFO - After reject split: 2 valid admissions, 0 rejected rows
2025-12-08 13:20:44,252 - src.transform - INFO - transform() completed successfully. Output tables: {'people': (2, 5), 'doctors': (2, 4), 'hospitals': (2, 2), 'conditions': (2, 2), 'insurance': (1, 2), 'admission_types': (2, 2), 'test_results': (2, 2), 'admissions': (2, 12), 'rejects': (0, 16)}
2025-12-08 13:20:44,257 - src.transform - INFO - Starting transform(): input df has 3 rows x 15 columns
2025-12-08 13:20:44,260 - src.transform - INFO - Built people_df (no nulls): 2 rows x 5 columns
2025-12-08 13:20:44,263 - src.transform - INFO - Built hospitals_df (no nulls) (no nulls): 2 rows x 2 columns
2025-12-08 13:20:44,267 - src.transform - INFO - Built doctors_df (pre-hospital merge, no nulls) (no nulls): 2 rows x 3 columns
2025-12-08 13:20:44,275 - src.transform - INFO - Built conditions_df (no nulls): 2 rows x 2 columns
2025-12-08 13:20:44,278 - src.transform - INFO - Built insurance_df (no nulls): 1 rows x 2 columns
2025-12-08 13:20:44,281 - src.transform - INFO - Built test_results_df (no nulls): 3 rows x 2 columns
2025-12-08 13:20:44,286 - src.transform - INFO - Built admission_types_df (no nulls): 2 rows x 2 columns
2025-12-08 13:20:44,305 - src.transform - INFO - Finished merges; df is now 3 rows x 27 columns
2025-12-08 13:20:44,312 - src.transform - INFO - Built admissions_df: 2 rows x 12 columns
2025-12-08 13:20:44,312 - src.transform - INFO - After reject split: 2 valid admissions, 1 rejected rows
2025-12-08 13:20:44,312 - src.transform - INFO - transform() completed successfully. Output tables: {'people': (2, 5), 'doctors': (2, 4), 'hospitals': (2, 2), 'conditions': (2, 2), 'insurance': (1, 2), 'admission_types': (2, 2), 'test_results': (2, 2), 'admissions': (2, 12), 'rejects': (1, 16)}
2025-12-08 13:20:44,316 - src.transform - INFO - Starting transform(): input df has 1 rows x 14 columns
2025-12-08 13:20:44,316 - src.transform - ERROR - transform() failed.
Traceback (most recent call last):
  File "/Users/mattmurno/Desktop/Revature training files/etl_proj/src/transform.py", line 150, in transform
    people_df = build_dimension_df(df, "people")
                ^^^^^^^^^^^^^^^^^^^^^^^^^^^^^^^^
  File "/Users/mattmurno/Desktop/Revature training files/etl_proj/src/transform.py", line 28, in build_dimension_df
    source_df[all_cols]
    ~~~~~~~~~^^^^^^^^^^
  File "/Users/mattmurno/Desktop/Revature training files/etl_proj/venv/lib/python3.11/site-packages/pandas/core/frame.py", line 4119, in __getitem__
    indexer = self.columns._get_indexer_strict(key, "columns")[1]
              ^^^^^^^^^^^^^^^^^^^^^^^^^^^^^^^^^^^^^^^^^^^^^^^^
  File "/Users/mattmurno/Desktop/Revature training files/etl_proj/venv/lib/python3.11/site-packages/pandas/core/indexes/base.py", line 6212, in _get_indexer_strict
    self._raise_if_missing(keyarr, indexer, axis_name)
  File "/Users/mattmurno/Desktop/Revature training files/etl_proj/venv/lib/python3.11/site-packages/pandas/core/indexes/base.py", line 6264, in _raise_if_missing
    raise KeyError(f"{not_found} not in index")
KeyError: "['name'] not in index"
